{"type":"FeatureCollection","features":[{"type":"Feature","geometry":{"coordinates":[[-91.75834993501564,41.94748327425893],[-91.75892544468168,41.94747899386047]],"type":"LineString"},"properties":{"lineWidth":3,"hideLine":false,"widthScale":"mtrs","id":"268a16c9-3887-4150-8a7f-33bfc1189cf9","name":"LineString 801","isHidden":false,"distance":0.047598303597560544,"fill":"#000000","fill-opacity":0,"stroke":"#4287f5","stroke-opacity":1},"id":"268a16c9-3887-4150-8a7f-33bfc1189cf9","bbox":[-91.75892544468168,41.94747899386047,-91.75834993501564,41.94748327425893]},{"type":"Feature","geometry":{"coordinates":[[-91.75863193475209,41.94768445265771],[-91.75864344494522,41.947260693163344]],"type":"LineString"},"properties":{"lineWidth":3,"hideLine":false,"widthScale":"mtrs","id":"cd5f48e9-2af7-4117-b800-a1e7304ca523","name":"LineString 800","isHidden":false,"distance":0.04712958533417985,"fill":"#000000","fill-opacity":0,"stroke":"#4287f5","stroke-opacity":1},"id":"cd5f48e9-2af7-4117-b800-a1e7304ca523","bbox":[-91.75864344494522,41.947260693163344,-91.75863193475209,41.94768445265771]},{"type":"Feature","geometry":{"type":"Polygon","coordinates":[[[-91.75863768984844,41.947688775841335],[-91.7586659004416,41.94768774506902],[-91.75869383934861,41.94768466267905],[-91.75872123749993,41.94767955835685],[-91.75874783103394,41.9476724812603],[-91.75877336383829,41.94766349954635],[-91.7587975900164,41.947652699714595],[-91.7588202762556,41.947640185774205],[-91.75884120407424,41.94762607824225],[-91.75886017192573,41.947610512983],[-91.75887699713954,41.94759363989939],[-91.75889151768045,41.94757562148943],[-91.75890359370902,41.94755663128115],[-91.75891310892823,41.94753685216142],[-91.7589199717034,41.947516474614616],[-91.75892411594467,41.94749569488812],[-91.75892550174335,41.947474713102366],[-91.75892411575613,41.94745373132353],[-91.75891997133357,41.947432951617486],[-91.75891310839131,41.947412574103886],[-91.75890359302568,41.94739279502885],[-91.75889151687691,41.94737380487503],[-91.75887699624668,41.947355786527204],[-91.75886017097788,41.94733891351101],[-91.7588412031078,41.947323348321866],[-91.75882027530776,41.94730924086004],[-91.75879758912353,41.94729672698708],[-91.75877336303473,41.94728592721745],[-91.75874783035057,41.94727694555795],[-91.75872123696301,41.9472698685061],[-91.75869383897879,41.94726476421711],[-91.75866590025306,41.9472616818476],[-91.75863768984844,41.94726065108218],[-91.75860947944382,41.9472616818476],[-91.7585815407181,41.94726476421711],[-91.75855414273387,41.9472698685061],[-91.7585275493463,41.94727694555795],[-91.75850201666212,41.94728592721745],[-91.75847779057335,41.94729672698708],[-91.75845510438913,41.94730924086004],[-91.75843417658906,41.947323348321866],[-91.758415208719,41.94733891351101],[-91.7583983834502,41.947355786527204],[-91.75838386281998,41.94737380487503],[-91.7583717866712,41.94739279502885],[-91.75836227130557,41.947412574103886],[-91.75835540836331,41.947432951617486],[-91.75835126394075,41.94745373132353],[-91.75834987795353,41.947474713102366],[-91.75835126375222,41.94749569488812],[-91.75835540799348,41.947516474614616],[-91.75836227076866,41.94753685216142],[-91.75837178598783,41.94755663128115],[-91.75838386201643,41.94757562148943],[-91.75839838255735,41.94759363989939],[-91.75841520777117,41.947610512983],[-91.75843417562265,41.94762607824225],[-91.75845510344128,41.947640185774205],[-91.7584777896805,41.947652699714595],[-91.75850201585858,41.94766349954635],[-91.75852754866295,41.9476724812603],[-91.75855414219696,41.94767955835685],[-91.75858154034826,41.94768466267905],[-91.75860947925528,41.94768774506902],[-91.75863768984844,41.947688775841335]]]},"properties":{"lineWidth":3,"widthScale":"mtrs","hideFill":false,"hideLine":false,"id":"9cbf4a8d-cf97-40bc-bc8e-2d80106a8069","name":"Polygon 799","isHidden":false,"area":1781.045957136645,"perimeter":0.14949661705102027,"fill":"#4287f5","fill-opacity":0.39,"stroke":"#4287f5","stroke-opacity":1},"id":"9cbf4a8d-cf97-40bc-bc8e-2d80106a8069","bbox":[-91.75892550174335,41.94726065108218,-91.75834987795353,41.947688775841335]},{"type":"Feature","geometry":{"coordinates":[[-90.5429,41.542],[-90.543,41.5438],[-90.5436,41.5455],[-90.5445,41.5471],[-90.5457,41.5486],[-90.5473,41.5498],[-90.5492,41.5508],[-90.5513,41.5516],[-90.5535,41.5521],[-90.5559,41.5522],[-90.5582,41.5521],[-90.5604,41.5516],[-90.5625,41.5509],[-90.5644,41.5499],[-90.566,41.5486],[-90.5673,41.5471],[-90.5682,41.5455],[-90.5687,41.5438],[-90.5688,41.5421],[-90.5685,41.5404],[-90.5678,41.5387],[-90.5667,41.5372],[-90.5653,41.5358],[-90.5635,41.5346],[-90.5616,41.5337],[-90.5594,41.5331],[-90.5571,41.5328],[-90.5548,41.5328],[-90.5525,41.5331],[-90.5503,41.5337],[-90.5483,41.5346],[-90.5466,41.5358],[-90.5451,41.5371],[-90.544,41.5386],[-90.5433,41.5403],[-90.5429,41.542]],"type":"LineString"},"properties":{"lineWidth":3,"hideLine":false,"widthScale":"mtrs","stroke-width":2,"name":"LineString 798","id":"288c8c2d-7c2c-489b-8d60-3fc9823c23fc","isHidden":false,"distance":6.7819218723252215,"fill":"#000000","fill-opacity":0,"stroke":"#555555","stroke-opacity":1},"id":"288c8c2d-7c2c-489b-8d60-3fc9823c23fc","bbox":[-90.5688,41.5328,-90.5429,41.5522]},{"type":"Feature","geometry":{"coordinates":[[-90.5515,41.5423],[-90.5603,41.5427]],"type":"LineString"},"properties":{"lineWidth":3,"hideLine":false,"widthScale":"mtrs","stroke-width":2,"name":"LineString 797","id":"7ad3337f-2039-4d85-8102-6277b2220ca6","isHidden":false,"distance":0.7337338760257922,"fill":"#000000","fill-opacity":0,"stroke":"#555555","stroke-opacity":1},"id":"7ad3337f-2039-4d85-8102-6277b2220ca6","bbox":[-90.5603,41.5423,-90.5515,41.5427]},{"type":"Feature","geometry":{"coordinates":[[-90.5519,41.5367],[-90.5512,41.548]],"type":"LineString"},"properties":{"lineWidth":3,"hideLine":false,"widthScale":"mtrs","stroke-width":2,"name":"LineString 796","id":"5d0a2763-ed57-44e8-8ab3-63ed2e46b2c9","isHidden":false,"distance":1.2578542514704063,"fill":"#000000","fill-opacity":0,"stroke":"#555555","stroke-opacity":1},"id":"5d0a2763-ed57-44e8-8ab3-63ed2e46b2c9","bbox":[-90.5519,41.5367,-90.5512,41.548]},{"type":"Feature","geometry":{"coordinates":[[-90.5599,41.5483],[-90.5606,41.537]],"type":"LineString"},"properties":{"lineWidth":3,"hideLine":false,"widthScale":"mtrs","stroke-width":2,"name":"LineString 795","id":"be742ad2-daa6-43ae-9c6f-2cf5dddba811","isHidden":false,"distance":1.2578542389523537,"fill":"#000000","fill-opacity":0,"stroke":"#555555","stroke-opacity":1},"id":"be742ad2-daa6-43ae-9c6f-2cf5dddba811","bbox":[-90.5606,41.537,-90.5599,41.5483]},{"type":"Feature","geometry":{"coordinates":[[-90.7328,42.0498],[-90.7329,42.0506],[-90.7331,42.0514],[-90.7335,42.0521],[-90.7341,42.0528],[-90.7348,42.0534],[-90.7357,42.0538],[-90.7367,42.0542],[-90.7377,42.0544],[-90.7388,42.0545],[-90.7398,42.0544],[-90.7409,42.0542],[-90.7418,42.0538],[-90.7427,42.0534],[-90.7434,42.0528],[-90.744,42.0521],[-90.7444,42.0514],[-90.7447,42.0506],[-90.7447,42.0498],[-90.7446,42.049],[-90.7442,42.0483],[-90.7437,42.0476],[-90.7431,42.047],[-90.7423,42.0464],[-90.7414,42.046],[-90.7404,42.0457],[-90.7393,42.0456],[-90.7382,42.0456],[-90.7372,42.0457],[-90.7362,42.046],[-90.7353,42.0464],[-90.7345,42.0469],[-90.7338,42.0476],[-90.7333,42.0483],[-90.7329,42.049],[-90.7328,42.0498]],"type":"LineString"},"properties":{"lineWidth":3,"hideLine":false,"widthScale":"mtrs","stroke-width":2,"name":"LineString 794","id":"00ad2f73-3467-4bda-b36a-4fe48eb4b5cd","isHidden":false,"distance":3.099970360957907,"fill":"#000000","fill-opacity":0,"stroke":"#555555","stroke-opacity":1},"id":"00ad2f73-3467-4bda-b36a-4fe48eb4b5cd","bbox":[-90.7447,42.0456,-90.7328,42.0545]},{"type":"Feature","geometry":{"coordinates":[[-90.7447,42.0502],[-90.7473,42.0503]],"type":"LineString"},"properties":{"lineWidth":3,"hideLine":false,"widthScale":"mtrs","stroke-width":2,"name":"LineString 793","id":"6adbf8de-361f-498d-a518-14e04897c956","isHidden":false,"distance":0.21496656227326885,"fill":"#000000","fill-opacity":0,"stroke":"#555555","stroke-opacity":1},"id":"6adbf8de-361f-498d-a518-14e04897c956","bbox":[-90.7473,42.0502,-90.7447,42.0503]},{"type":"Feature","geometry":{"coordinates":[[-90.739,42.0456],[-90.7392,42.0437]],"type":"LineString"},"properties":{"lineWidth":3,"hideLine":false,"widthScale":"mtrs","stroke-width":2,"name":"LineString 792","id":"53cefbe0-318b-47ba-b03f-d65ddba7a6b3","isHidden":false,"distance":0.21191517332785187,"fill":"#000000","fill-opacity":0,"stroke":"#555555","stroke-opacity":1},"id":"53cefbe0-318b-47ba-b03f-d65ddba7a6b3","bbox":[-90.7392,42.0437,-90.739,42.0456]},{"type":"Feature","geometry":{"coordinates":[[-90.7385,42.0545],[-90.7384,42.0564]],"type":"LineString"},"properties":{"lineWidth":3,"hideLine":false,"widthScale":"mtrs","stroke-width":2,"name":"LineString 791","id":"18b7bee8-7145-4028-9e8d-ef4f6211210d","isHidden":false,"distance":0.21143191203511996,"fill":"#000000","fill-opacity":0,"stroke":"#555555","stroke-opacity":1},"id":"18b7bee8-7145-4028-9e8d-ef4f6211210d","bbox":[-90.7385,42.0545,-90.7384,42.0564]},{"type":"Feature","geometry":{"coordinates":[[-90.7328,42.0498],[-90.7302,42.0497]],"type":"LineString"},"properties":{"lineWidth":3,"hideLine":false,"widthScale":"mtrs","stroke-width":2,"name":"LineString 790","id":"46df576e-5b7a-4797-9d4b-2a875abf21f7","isHidden":false,"distance":0.21496824982050775,"fill":"#000000","fill-opacity":0,"stroke":"#555555","stroke-opacity":1},"id":"46df576e-5b7a-4797-9d4b-2a875abf21f7","bbox":[-90.7328,42.0497,-90.7302,42.0498]},{"type":"Feature","geometry":{"coordinates":[[-90.5824,41.61],[-90.5824,41.6108],[-90.5827,41.6116],[-90.5831,41.6123],[-90.5837,41.613],[-90.5844,41.6136],[-90.5853,41.614],[-90.5862,41.6144],[-90.5872,41.6146],[-90.5883,41.6147],[-90.5894,41.6146],[-90.5904,41.6144],[-90.5913,41.614],[-90.5922,41.6136],[-90.5929,41.613],[-90.5935,41.6123],[-90.5939,41.6116],[-90.5942,41.6108],[-90.5942,41.61],[-90.5941,41.6092],[-90.5938,41.6085],[-90.5933,41.6078],[-90.5926,41.6071],[-90.5918,41.6066],[-90.5909,41.6062],[-90.5899,41.6059],[-90.5889,41.6058],[-90.5878,41.6058],[-90.5868,41.6059],[-90.5858,41.6062],[-90.5849,41.6066],[-90.584,41.6071],[-90.5834,41.6078],[-90.5829,41.6085],[-90.5825,41.6092],[-90.5824,41.61]],"type":"LineString"},"properties":{"lineWidth":3,"hideLine":false,"widthScale":"mtrs","stroke-width":2,"name":"LineString 789","id":"99a83e4e-dfe9-4453-bd56-3a929cddf97d","isHidden":false,"distance":3.1020475325298364,"fill":"#000000","fill-opacity":0,"stroke":"#555555","stroke-opacity":1},"id":"99a83e4e-dfe9-4453-bd56-3a929cddf97d","bbox":[-90.5942,41.6058,-90.5824,41.6147]},{"type":"Feature","geometry":{"coordinates":[[-90.5942,41.6104],[-90.5968,41.6105]],"type":"LineString"},"properties":{"lineWidth":3,"hideLine":false,"widthScale":"mtrs","stroke-width":2,"name":"LineString 788","id":"ed95bf0e-8111-4787-bed3-2fb2dab7826b","isHidden":false,"distance":0.2164446190131795,"fill":"#000000","fill-opacity":0,"stroke":"#555555","stroke-opacity":1},"id":"ed95bf0e-8111-4787-bed3-2fb2dab7826b","bbox":[-90.5968,41.6104,-90.5942,41.6105]},{"type":"Feature","geometry":{"coordinates":[[-90.5886,41.6058],[-90.5887,41.6039]],"type":"LineString"},"properties":{"lineWidth":3,"hideLine":false,"widthScale":"mtrs","stroke-width":2,"name":"LineString 787","id":"cfa59696-2cdd-45f6-a057-7f311b4c8960","isHidden":false,"distance":0.2114341974673128,"fill":"#000000","fill-opacity":0,"stroke":"#555555","stroke-opacity":1},"id":"cfa59696-2cdd-45f6-a057-7f311b4c8960","bbox":[-90.5887,41.6039,-90.5886,41.6058]},{"type":"Feature","geometry":{"coordinates":[[-90.588,41.6147],[-90.5879,41.6166]],"type":"LineString"},"properties":{"lineWidth":3,"hideLine":false,"widthScale":"mtrs","stroke-width":2,"name":"LineString 786","id":"db5f5894-f107-409f-8975-e411963ef56c","isHidden":false,"distance":0.2114341427379834,"fill":"#000000","fill-opacity":0,"stroke":"#555555","stroke-opacity":1},"id":"db5f5894-f107-409f-8975-e411963ef56c","bbox":[-90.588,41.6147,-90.5879,41.6166]},{"type":"Feature","geometry":{"coordinates":[[-90.5824,41.61],[-90.5798,41.6099]],"type":"LineString"},"properties":{"lineWidth":3,"hideLine":false,"widthScale":"mtrs","stroke-width":2,"name":"LineString 785","id":"7f6fefae-ae67-4390-8a00-74ee429e13e1","isHidden":false,"distance":0.21644629218024858,"fill":"#000000","fill-opacity":0,"stroke":"#555555","stroke-opacity":1},"id":"7f6fefae-ae67-4390-8a00-74ee429e13e1","bbox":[-90.5824,41.6099,-90.5798,41.61]},{"type":"Feature","geometry":{"coordinates":[[-90.5016,41.448],[-90.5016,41.4488],[-90.5019,41.4496],[-90.5023,41.4503],[-90.5029,41.451],[-90.5036,41.4515],[-90.5044,41.452],[-90.5054,41.4524],[-90.5064,41.4526],[-90.5075,41.4527],[-90.5085,41.4526],[-90.5095,41.4524],[-90.5105,41.452],[-90.5114,41.4516],[-90.5121,41.451],[-90.5127,41.4503],[-90.5131,41.4496],[-90.5133,41.4488],[-90.5134,41.448],[-90.5133,41.4472],[-90.5129,41.4465],[-90.5124,41.4458],[-90.5118,41.4452],[-90.511,41.4446],[-90.5101,41.4442],[-90.5091,41.4439],[-90.508,41.4438],[-90.507,41.4438],[-90.5059,41.4439],[-90.5049,41.4442],[-90.504,41.4446],[-90.5032,41.4451],[-90.5026,41.4457],[-90.5021,41.4464],[-90.5017,41.4472],[-90.5016,41.448]],"type":"LineString"},"properties":{"lineWidth":3,"hideLine":false,"widthScale":"mtrs","stroke-width":2,"name":"LineString 784","id":"fa07edfb-274b-48f1-a0bb-f625771fd588","isHidden":false,"distance":3.101605749594638,"fill":"#000000","fill-opacity":0,"stroke":"#555555","stroke-opacity":1},"id":"fa07edfb-274b-48f1-a0bb-f625771fd588","bbox":[-90.5134,41.4438,-90.5016,41.4527]},{"type":"Feature","geometry":{"coordinates":[[-90.5134,41.4484],[-90.5159,41.4485]],"type":"LineString"},"properties":{"lineWidth":3,"hideLine":false,"widthScale":"mtrs","stroke-width":2,"name":"LineString 783","id":"edc31d24-9dad-4edb-8e8d-5663c9ee3345","isHidden":false,"distance":0.20866260914496954,"fill":"#000000","fill-opacity":0,"stroke":"#555555","stroke-opacity":1},"id":"edc31d24-9dad-4edb-8e8d-5663c9ee3345","bbox":[-90.5159,41.4484,-90.5134,41.4485]},{"type":"Feature","geometry":{"coordinates":[[-90.5072,41.4527],[-90.5071,41.4546]],"type":"LineString"},"properties":{"lineWidth":3,"hideLine":false,"widthScale":"mtrs","stroke-width":2,"name":"LineString 782","id":"875ac9de-04f1-4c05-b72f-549a860374a3","isHidden":false,"distance":0.21143496341429852,"fill":"#000000","fill-opacity":0,"stroke":"#555555","stroke-opacity":1},"id":"875ac9de-04f1-4c05-b72f-549a860374a3","bbox":[-90.5072,41.4527,-90.5071,41.4546]},{"type":"Feature","geometry":{"coordinates":[[-90.5016,41.448],[-90.499,41.4479]],"type":"LineString"},"properties":{"lineWidth":3,"hideLine":false,"widthScale":"mtrs","stroke-width":2,"name":"LineString 781","id":"7df71767-ff0f-4724-abf0-98765a389400","isHidden":false,"distance":0.21698753383707725,"fill":"#000000","fill-opacity":0,"stroke":"#555555","stroke-opacity":1},"id":"7df71767-ff0f-4724-abf0-98765a389400","bbox":[-90.5016,41.4479,-90.499,41.448]},{"type":"Feature","geometry":{"coordinates":[[-91.5052,40.9464],[-91.5052,40.9471],[-91.5054,40.9479],[-91.5059,40.9487],[-91.5065,40.9493],[-91.5072,40.9499],[-91.508,40.9504],[-91.509,40.9507],[-91.51,40.9509],[-91.5111,40.951],[-91.5121,40.9509],[-91.5131,40.9507],[-91.5141,40.9503],[-91.5149,40.9498],[-91.5156,40.9493],[-91.5162,40.9486],[-91.5166,40.9479],[-91.5168,40.9471],[-91.5169,40.9463],[-91.5167,40.9455],[-91.5164,40.9447],[-91.5159,40.944],[-91.5152,40.9434],[-91.5144,40.9429],[-91.5135,40.9425],[-91.5125,40.9422],[-91.5115,40.9421],[-91.5104,40.9421],[-91.5094,40.9422],[-91.5084,40.9425],[-91.5075,40.9429],[-91.5067,40.9435],[-91.5061,40.9441],[-91.5056,40.9448],[-91.5053,40.9456],[-91.5052,40.9464]],"type":"LineString"},"properties":{"lineWidth":3,"hideLine":false,"widthScale":"mtrs","stroke-width":2,"name":"LineString 780","id":"aa33a99a-9599-419a-a683-77f7aa2319e5","isHidden":false,"distance":3.1030230001886316,"fill":"#000000","fill-opacity":0,"stroke":"#555555","stroke-opacity":1},"id":"aa33a99a-9599-419a-a683-77f7aa2319e5","bbox":[-91.5169,40.9421,-91.5052,40.951]},{"type":"Feature","geometry":{"coordinates":[[-91.5169,40.9467],[-91.5194,40.9468]],"type":"LineString"},"properties":{"lineWidth":3,"hideLine":false,"widthScale":"mtrs","stroke-width":2,"name":"LineString 779","id":"efa855f6-c2eb-4531-a4aa-3dfe355f76d8","isHidden":false,"distance":0.21026361448531067,"fill":"#000000","fill-opacity":0,"stroke":"#555555","stroke-opacity":1},"id":"efa855f6-c2eb-4531-a4aa-3dfe355f76d8","bbox":[-91.5194,40.9467,-91.5169,40.9468]},{"type":"Feature","geometry":{"coordinates":[[-91.5112,40.9421],[-91.5113,40.9402]],"type":"LineString"},"properties":{"lineWidth":3,"hideLine":false,"widthScale":"mtrs","stroke-width":2,"name":"LineString 778","id":"62bc7b48-949b-490b-9d76-979c7b16033c","isHidden":false,"distance":0.21143755574320058,"fill":"#000000","fill-opacity":0,"stroke":"#555555","stroke-opacity":1},"id":"62bc7b48-949b-490b-9d76-979c7b16033c","bbox":[-91.5113,40.9402,-91.5112,40.9421]},{"type":"Feature","geometry":{"coordinates":[[-91.5108,40.951],[-91.5107,40.9529]],"type":"LineString"},"properties":{"lineWidth":3,"hideLine":false,"widthScale":"mtrs","stroke-width":2,"name":"LineString 777","id":"29d24961-e670-4dbb-92d3-5574f1d5a25a","isHidden":false,"distance":0.21143750117940083,"fill":"#000000","fill-opacity":0,"stroke":"#555555","stroke-opacity":1},"id":"29d24961-e670-4dbb-92d3-5574f1d5a25a","bbox":[-91.5108,40.951,-91.5107,40.9529]},{"type":"Feature","geometry":{"coordinates":[[-91.5052,40.9464],[-91.5026,40.9463]],"type":"LineString"},"properties":{"lineWidth":3,"hideLine":false,"widthScale":"mtrs","stroke-width":2,"name":"LineString 776","id":"eee6ff88-b744-4d4e-ad77-91bc02854ce5","isHidden":false,"distance":0.21865240960083196,"fill":"#000000","fill-opacity":0,"stroke":"#555555","stroke-opacity":1},"id":"eee6ff88-b744-4d4e-ad77-91bc02854ce5","bbox":[-91.5052,40.9463,-91.5026,40.9464]},{"type":"Feature","geometry":{"coordinates":[[-91.9749,41.0555],[-91.975,41.0563],[-91.9752,41.0571],[-91.9756,41.0578],[-91.9762,41.0584],[-91.977,41.059],[-91.9778,41.0595],[-91.9788,41.0598],[-91.9798,41.06],[-91.9808,41.0601],[-91.9819,41.06],[-91.9829,41.0598],[-91.9838,41.0594],[-91.9847,41.0589],[-91.9854,41.0584],[-91.986,41.0577],[-91.9864,41.0569],[-91.9866,41.0562],[-91.9866,41.0554],[-91.9865,41.0546],[-91.9861,41.0538],[-91.9856,41.0531],[-91.985,41.0525],[-91.9842,41.052],[-91.9832,41.0516],[-91.9823,41.0513],[-91.9812,41.0512],[-91.9802,41.0512],[-91.9791,41.0514],[-91.9781,41.0516],[-91.9772,41.0521],[-91.9765,41.0526],[-91.9758,41.0532],[-91.9753,41.0539],[-91.975,41.0547],[-91.9749,41.0555]],"type":"LineString"},"properties":{"lineWidth":3,"hideLine":false,"widthScale":"mtrs","stroke-width":2,"name":"LineString 775","id":"c3626ed3-dde8-4a4a-9dbe-3023620f4eb0","isHidden":false,"distance":3.102605126296488,"fill":"#000000","fill-opacity":0,"stroke":"#555555","stroke-opacity":1},"id":"c3626ed3-dde8-4a4a-9dbe-3023620f4eb0","bbox":[-91.9866,41.0512,-91.9749,41.0601]},{"type":"Feature","geometry":{"coordinates":[[-91.9866,41.0558],[-91.9892,41.0558]],"type":"LineString"},"properties":{"lineWidth":3,"hideLine":false,"widthScale":"mtrs","stroke-width":2,"name":"LineString 774","id":"40319642-9e29-42bf-9329-401c24700fea","isHidden":false,"distance":0.21800715681385632,"fill":"#000000","fill-opacity":0,"stroke":"#555555","stroke-opacity":1},"id":"40319642-9e29-42bf-9329-401c24700fea","bbox":[-91.9892,41.0558,-91.9866,41.0558]},{"type":"Feature","geometry":{"coordinates":[[-91.9809,41.0512],[-91.981,41.0493]],"type":"LineString"},"properties":{"lineWidth":3,"hideLine":false,"widthScale":"mtrs","stroke-width":2,"name":"LineString 773","id":"652b25c7-a318-4ba0-b35c-14c3ffdaf63c","isHidden":false,"distance":0.2114370044207092,"fill":"#000000","fill-opacity":0,"stroke":"#555555","stroke-opacity":1},"id":"652b25c7-a318-4ba0-b35c-14c3ffdaf63c","bbox":[-91.981,41.0493,-91.9809,41.0512]},{"type":"Feature","geometry":{"coordinates":[[-91.9806,41.0601],[-91.9805,41.062]],"type":"LineString"},"properties":{"lineWidth":3,"hideLine":false,"widthScale":"mtrs","stroke-width":2,"name":"LineString 772","id":"a8077326-d11f-421d-989b-fb8704d4150e","isHidden":false,"distance":0.21143694982835354,"fill":"#000000","fill-opacity":0,"stroke":"#555555","stroke-opacity":1},"id":"a8077326-d11f-421d-989b-fb8704d4150e","bbox":[-91.9806,41.0601,-91.9805,41.062]},{"type":"Feature","geometry":{"coordinates":[[-91.9749,41.0555],[-91.9724,41.0554]],"type":"LineString"},"properties":{"lineWidth":3,"hideLine":false,"widthScale":"mtrs","stroke-width":2,"name":"LineString 771","id":"9ac4d14b-092f-413e-9fc0-e6d126d9c806","isHidden":false,"distance":0.20991809241772,"fill":"#000000","fill-opacity":0,"stroke":"#555555","stroke-opacity":1},"id":"9ac4d14b-092f-413e-9fc0-e6d126d9c806","bbox":[-91.9749,41.0554,-91.9724,41.0555]},{"type":"Feature","geometry":{"coordinates":[[-92.4411,41.107],[-92.4412,41.1078],[-92.4415,41.1086],[-92.4419,41.1093],[-92.4425,41.1099],[-92.4432,41.1105],[-92.4441,41.111],[-92.445,41.1113],[-92.4461,41.1115],[-92.4471,41.1115],[-92.4482,41.1115],[-92.4492,41.1112],[-92.4501,41.1109],[-92.451,41.1104],[-92.4517,41.1098],[-92.4522,41.1091],[-92.4526,41.1084],[-92.4529,41.1076],[-92.4529,41.1068],[-92.4527,41.106],[-92.4524,41.1053],[-92.4519,41.1046],[-92.4512,41.104],[-92.4504,41.1035],[-92.4495,41.1031],[-92.4485,41.1028],[-92.4474,41.1027],[-92.4464,41.1027],[-92.4453,41.1028],[-92.4444,41.1031],[-92.4435,41.1036],[-92.4427,41.1041],[-92.442,41.1047],[-92.4416,41.1054],[-92.4413,41.1062],[-92.4411,41.107]],"type":"LineString"},"properties":{"lineWidth":3,"hideLine":false,"widthScale":"mtrs","stroke-width":2,"name":"LineString 770","id":"f6602a88-4b01-44e4-bb46-b7989b6ed8ee","isHidden":false,"distance":3.099027484782723,"fill":"#000000","fill-opacity":0,"stroke":"#555555","stroke-opacity":1},"id":"f6602a88-4b01-44e4-bb46-b7989b6ed8ee","bbox":[-92.4529,41.1027,-92.4411,41.1115]},{"type":"Feature","geometry":{"coordinates":[[-92.4529,41.1072],[-92.4554,41.1073]],"type":"LineString"},"properties":{"lineWidth":3,"hideLine":false,"widthScale":"mtrs","stroke-width":2,"name":"LineString 769","id":"fcb72504-301d-44d4-801d-fc5e160d9121","isHidden":false,"distance":0.20975317242327945,"fill":"#000000","fill-opacity":0,"stroke":"#555555","stroke-opacity":1},"id":"fcb72504-301d-44d4-801d-fc5e160d9121","bbox":[-92.4554,41.1072,-92.4529,41.1073]},{"type":"Feature","geometry":{"coordinates":[[-92.4472,41.1027],[-92.4472,41.1007]],"type":"LineString"},"properties":{"lineWidth":3,"hideLine":false,"widthScale":"mtrs","stroke-width":2,"name":"LineString 768","id":"acd0eae4-f37d-46ee-8bad-05e343777605","isHidden":false,"distance":0.2223901604665475,"fill":"#000000","fill-opacity":0,"stroke":"#555555","stroke-opacity":1},"id":"acd0eae4-f37d-46ee-8bad-05e343777605","bbox":[-92.4472,41.1007,-92.4472,41.1027]},{"type":"Feature","geometry":{"coordinates":[[-92.4469,41.1115],[-92.4468,41.1135]],"type":"LineString"},"properties":{"lineWidth":3,"hideLine":false,"widthScale":"mtrs","stroke-width":2,"name":"LineString 767","id":"16642af1-405c-428b-b31f-c80fa9d05f5b","isHidden":false,"distance":0.22254790191631957,"fill":"#000000","fill-opacity":0,"stroke":"#555555","stroke-opacity":1},"id":"16642af1-405c-428b-b31f-c80fa9d05f5b","bbox":[-92.4469,41.1115,-92.4468,41.1135]},{"type":"Feature","geometry":{"coordinates":[[-92.4411,41.107],[-92.4386,41.1069]],"type":"LineString"},"properties":{"lineWidth":3,"hideLine":false,"widthScale":"mtrs","stroke-width":2,"name":"LineString 766","id":"c8dd1e95-82ca-461a-ad2f-feb1259b2237","isHidden":false,"distance":0.2097541280507992,"fill":"#000000","fill-opacity":0,"stroke":"#555555","stroke-opacity":1},"id":"c8dd1e95-82ca-461a-ad2f-feb1259b2237","bbox":[-92.4411,41.1069,-92.4386,41.107]},{"type":"Feature","geometry":{"coordinates":[[-92.4879,41.2259],[-92.488,41.2267],[-92.4882,41.2275],[-92.4887,41.2282],[-92.4893,41.2289],[-92.49,41.2294],[-92.4909,41.2299],[-92.4918,41.2302],[-92.4928,41.2304],[-92.4939,41.2305],[-92.495,41.2304],[-92.496,41.2302],[-92.4969,41.2298],[-92.4977,41.2293],[-92.4985,41.2288],[-92.499,41.2281],[-92.4994,41.2273],[-92.4996,41.2266],[-92.4997,41.2258],[-92.4995,41.225],[-92.4992,41.2242],[-92.4986,41.2235],[-92.498,41.2229],[-92.4972,41.2224],[-92.4962,41.222],[-92.4952,41.2217],[-92.4942,41.2216],[-92.4932,41.2216],[-92.4921,41.2218],[-92.4911,41.2221],[-92.4902,41.2225],[-92.4895,41.223],[-92.4888,41.2237],[-92.4883,41.2244],[-92.488,41.2251],[-92.4879,41.2259]],"type":"LineString"},"properties":{"lineWidth":3,"hideLine":false,"widthScale":"mtrs","stroke-width":2,"name":"LineString 765","id":"58e221ca-6e42-4e2e-a7bf-5bfc39926fa2","isHidden":false,"distance":3.0981546684425245,"fill":"#000000","fill-opacity":0,"stroke":"#555555","stroke-opacity":1},"id":"58e221ca-6e42-4e2e-a7bf-5bfc39926fa2","bbox":[-92.4997,41.2216,-92.4879,41.2305]},{"type":"Feature","geometry":{"coordinates":[[-92.4997,41.2262],[-92.5022,41.2262]],"type":"LineString"},"properties":{"lineWidth":3,"hideLine":false,"widthScale":"mtrs","stroke-width":2,"name":"LineString 764","id":"ffba8291-62ab-402e-9905-de2997444e91","isHidden":false,"distance":0.20907833779157872,"fill":"#000000","fill-opacity":0,"stroke":"#555555","stroke-opacity":1},"id":"ffba8291-62ab-402e-9905-de2997444e91","bbox":[-92.5022,41.2262,-92.4997,41.2262]},{"type":"Feature","geometry":{"coordinates":[[-92.4939,41.2216],[-92.494,41.2197]],"type":"LineString"},"properties":{"lineWidth":3,"hideLine":false,"widthScale":"mtrs","stroke-width":2,"name":"LineString 763","id":"af927984-d6e3-498c-a902-5ea5d8699db3","isHidden":false,"distance":0.21143614274521227,"fill":"#000000","fill-opacity":0,"stroke":"#555555","stroke-opacity":1},"id":"af927984-d6e3-498c-a902-5ea5d8699db3","bbox":[-92.494,41.2197,-92.4939,41.2216]},{"type":"Feature","geometry":{"coordinates":[[-92.4936,41.2305],[-92.4936,41.2324]],"type":"LineString"},"properties":{"lineWidth":3,"hideLine":false,"widthScale":"mtrs","stroke-width":2,"name":"LineString 762","id":"07412464-caa8-41f6-8811-dfeb1d5430e4","isHidden":false,"distance":0.21127065244361512,"fill":"#000000","fill-opacity":0,"stroke":"#555555","stroke-opacity":1},"id":"07412464-caa8-41f6-8811-dfeb1d5430e4","bbox":[-92.4936,41.2305,-92.4936,41.2324]},{"type":"Feature","geometry":{"coordinates":[[-92.4879,41.2259],[-92.4854,41.2259]],"type":"LineString"},"properties":{"lineWidth":3,"hideLine":false,"widthScale":"mtrs","stroke-width":2,"name":"LineString 761","id":"f15caf34-44aa-4fdb-bf98-484d2d96d3df","isHidden":false,"distance":0.2090792970383941,"fill":"#000000","fill-opacity":0,"stroke":"#555555","stroke-opacity":1},"id":"f15caf34-44aa-4fdb-bf98-484d2d96d3df","bbox":[-92.4879,41.2259,-92.4854,41.2259]},{"type":"Feature","geometry":{"coordinates":[[-92.5286,41.5481],[-92.5287,41.5489],[-92.5289,41.5497],[-92.5294,41.5504],[-92.53,41.5511],[-92.5307,41.5516],[-92.5316,41.5521],[-92.5326,41.5524],[-92.5336,41.5526],[-92.5347,41.5527],[-92.5357,41.5526],[-92.5367,41.5523],[-92.5377,41.552],[-92.5385,41.5515],[-92.5392,41.5509],[-92.5398,41.5502],[-92.5402,41.5495],[-92.5404,41.5487],[-92.5404,41.5479],[-92.5403,41.5471],[-92.5399,41.5464],[-92.5394,41.5457],[-92.5387,41.5451],[-92.5379,41.5446],[-92.537,41.5442],[-92.536,41.5439],[-92.535,41.5438],[-92.5339,41.5438],[-92.5329,41.544],[-92.5319,41.5442],[-92.531,41.5447],[-92.5302,41.5452],[-92.5295,41.5458],[-92.5291,41.5465],[-92.5287,41.5473],[-92.5286,41.5481]],"type":"LineString"},"properties":{"lineWidth":3,"hideLine":false,"widthScale":"mtrs","stroke-width":2,"name":"LineString 760","id":"f435eeaa-e339-4abb-ad13-6c35afe7fe0a","isHidden":false,"distance":3.0972161034466246,"fill":"#000000","fill-opacity":0,"stroke":"#555555","stroke-opacity":1},"id":"f435eeaa-e339-4abb-ad13-6c35afe7fe0a","bbox":[-92.5404,41.5438,-92.5286,41.5527]},{"type":"Feature","geometry":{"coordinates":[[-92.5405,41.5483],[-92.543,41.5484]],"type":"LineString"},"properties":{"lineWidth":3,"hideLine":false,"widthScale":"mtrs","stroke-width":2,"name":"LineString 759","id":"00acbfdf-88d4-4f0d-9f95-90c3dce49873","isHidden":false,"distance":0.20834190780958867,"fill":"#000000","fill-opacity":0,"stroke":"#555555","stroke-opacity":1},"id":"00acbfdf-88d4-4f0d-9f95-90c3dce49873","bbox":[-92.543,41.5483,-92.5405,41.5484]},{"type":"Feature","geometry":{"coordinates":[[-92.5347,41.5438],[-92.5348,41.5418]],"type":"LineString"},"properties":{"lineWidth":3,"hideLine":false,"widthScale":"mtrs","stroke-width":2,"name":"LineString 758","id":"745a55ea-b1df-4149-8ffc-c398a27d210c","isHidden":false,"distance":0.22254583279297885,"fill":"#000000","fill-opacity":0,"stroke":"#555555","stroke-opacity":1},"id":"745a55ea-b1df-4149-8ffc-c398a27d210c","bbox":[-92.5348,41.5418,-92.5347,41.5438]},{"type":"Feature","geometry":{"coordinates":[[-92.5344,41.5527],[-92.5343,41.5546]],"type":"LineString"},"properties":{"lineWidth":3,"hideLine":false,"widthScale":"mtrs","stroke-width":2,"name":"LineString 757","id":"25daae5f-903e-4809-be14-2a715a880545","isHidden":false,"distance":0.21143445689089993,"fill":"#000000","fill-opacity":0,"stroke":"#555555","stroke-opacity":1},"id":"25daae5f-903e-4809-be14-2a715a880545","bbox":[-92.5344,41.5527,-92.5343,41.5546]},{"type":"Feature","geometry":{"coordinates":[[-92.5286,41.5481],[-92.5261,41.5481]],"type":"LineString"},"properties":{"lineWidth":3,"hideLine":false,"widthScale":"mtrs","stroke-width":2,"name":"LineString 756","id":"65671e53-f87a-4dba-8d06-9c2f6504b5bf","isHidden":false,"distance":0.2080457685971851,"fill":"#000000","fill-opacity":0,"stroke":"#555555","stroke-opacity":1},"id":"65671e53-f87a-4dba-8d06-9c2f6504b5bf","bbox":[-92.5286,41.5481,-92.5261,41.5481]},{"type":"Feature","geometry":{"coordinates":[[-92.73,41.7097],[-92.7301,41.7105],[-92.7303,41.7113],[-92.7308,41.712],[-92.7314,41.7127],[-92.7321,41.7132],[-92.733,41.7137],[-92.734,41.714],[-92.735,41.7142],[-92.7361,41.7143],[-92.7371,41.7142],[-92.7381,41.714],[-92.7391,41.7136],[-92.7399,41.7131],[-92.7406,41.7125],[-92.7412,41.7118],[-92.7416,41.7111],[-92.7418,41.7103],[-92.7418,41.7095],[-92.7417,41.7087],[-92.7413,41.708],[-92.7408,41.7073],[-92.7401,41.7067],[-92.7393,41.7062],[-92.7384,41.7058],[-92.7374,41.7055],[-92.7363,41.7054],[-92.7353,41.7054],[-92.7342,41.7056],[-92.7332,41.7059],[-92.7323,41.7063],[-92.7316,41.7068],[-92.7309,41.7075],[-92.7304,41.7082],[-92.7301,41.7089],[-92.73,41.7097]],"type":"LineString"},"properties":{"lineWidth":3,"hideLine":false,"widthScale":"mtrs","stroke-width":2,"name":"LineString 755","id":"d84ffaa8-088b-4c8f-9d5f-23e9816d43b6","isHidden":false,"distance":3.092690669914349,"fill":"#000000","fill-opacity":0,"stroke":"#555555","stroke-opacity":1},"id":"d84ffaa8-088b-4c8f-9d5f-23e9816d43b6","bbox":[-92.7418,41.7054,-92.73,41.7143]},{"type":"Feature","geometry":{"coordinates":[[-92.7419,41.7099],[-92.7444,41.71]],"type":"LineString"},"properties":{"lineWidth":3,"hideLine":false,"widthScale":"mtrs","stroke-width":2,"name":"LineString 754","id":"fbd1576b-edc0-45aa-9ec6-80143694fe88","isHidden":false,"distance":0.20782180196448724,"fill":"#000000","fill-opacity":0,"stroke":"#555555","stroke-opacity":1},"id":"fbd1576b-edc0-45aa-9ec6-80143694fe88","bbox":[-92.7444,41.7099,-92.7419,41.71]},{"type":"Feature","geometry":{"coordinates":[[-92.7361,41.7054],[-92.7361,41.7035]],"type":"LineString"},"properties":{"lineWidth":3,"hideLine":false,"widthScale":"mtrs","stroke-width":2,"name":"LineString 753","id":"8133701f-4227-475d-9afa-9ba7dff022b8","isHidden":false,"distance":0.21127065244361512,"fill":"#000000","fill-opacity":0,"stroke":"#555555","stroke-opacity":1},"id":"8133701f-4227-475d-9afa-9ba7dff022b8","bbox":[-92.7361,41.7035,-92.7361,41.7054]},{"type":"Feature","geometry":{"coordinates":[[-92.7358,41.7143],[-92.7357,41.7162]],"type":"LineString"},"properties":{"lineWidth":3,"hideLine":false,"widthScale":"mtrs","stroke-width":2,"name":"LineString 752","id":"18244c2e-9bd7-42ca-b36d-be93a1c458da","isHidden":false,"distance":0.2114336378973266,"fill":"#000000","fill-opacity":0,"stroke":"#555555","stroke-opacity":1},"id":"18244c2e-9bd7-42ca-b36d-be93a1c458da","bbox":[-92.7358,41.7143,-92.7357,41.7162]},{"type":"Feature","geometry":{"coordinates":[[-92.73,41.7097],[-92.7274,41.7097]],"type":"LineString"},"properties":{"lineWidth":3,"hideLine":false,"widthScale":"mtrs","stroke-width":2,"name":"LineString 751","id":"d43feb62-0e2e-4d3c-8551-8e6778d538c3","isHidden":false,"distance":0.21582591794227599,"fill":"#000000","fill-opacity":0,"stroke":"#555555","stroke-opacity":1},"id":"d43feb62-0e2e-4d3c-8551-8e6778d538c3","bbox":[-92.73,41.7097,-92.7274,41.7097]},{"type":"Feature","geometry":{"coordinates":[[-92.9118,42.1126],[-92.9118,42.1134],[-92.9121,42.1142],[-92.9125,42.1149],[-92.9132,42.1155],[-92.9139,42.1161],[-92.9148,42.1166],[-92.9158,42.1169],[-92.9168,42.1171],[-92.9179,42.1171],[-92.9189,42.117],[-92.92,42.1168],[-92.9209,42.1164],[-92.9218,42.116],[-92.9225,42.1154],[-92.9231,42.1147],[-92.9235,42.114],[-92.9237,42.1132],[-92.9237,42.1124],[-92.9235,42.1116],[-92.9232,42.1108],[-92.9226,42.1101],[-92.9219,42.1095],[-92.9211,42.109],[-92.9202,42.1086],[-92.9192,42.1084],[-92.9181,42.1082],[-92.9171,42.1083],[-92.916,42.1084],[-92.915,42.1087],[-92.9141,42.1092],[-92.9133,42.1097],[-92.9127,42.1103],[-92.9122,42.111],[-92.9119,42.1118],[-92.9118,42.1126]],"type":"LineString"},"properties":{"lineWidth":3,"hideLine":false,"widthScale":"mtrs","stroke-width":2,"name":"LineString 750","id":"26d6339d-da19-4fdf-9b29-58c319a8a566","isHidden":false,"distance":3.104841103797648,"fill":"#000000","fill-opacity":0,"stroke":"#555555","stroke-opacity":1},"id":"26d6339d-da19-4fdf-9b29-58c319a8a566","bbox":[-92.9237,42.1082,-92.9118,42.1171]},{"type":"Feature","geometry":{"coordinates":[[-92.9237,42.1128],[-92.9263,42.1128]],"type":"LineString"},"properties":{"lineWidth":3,"hideLine":false,"widthScale":"mtrs","stroke-width":2,"name":"LineString 749","id":"9f987088-b379-469b-8831-748a4f6cd179","isHidden":false,"distance":0.21446725791942134,"fill":"#000000","fill-opacity":0,"stroke":"#555555","stroke-opacity":1},"id":"9f987088-b379-469b-8831-748a4f6cd179","bbox":[-92.9263,42.1128,-92.9237,42.1128]},{"type":"Feature","geometry":{"coordinates":[[-92.9179,42.1082],[-92.9179,42.1063]],"type":"LineString"},"properties":{"lineWidth":3,"hideLine":false,"widthScale":"mtrs","stroke-width":2,"name":"LineString 748","id":"ec9e8921-9b61-4143-bd85-eef8e448ddf4","isHidden":false,"distance":0.21127065244361512,"fill":"#000000","fill-opacity":0,"stroke":"#555555","stroke-opacity":1},"id":"ec9e8921-9b61-4143-bd85-eef8e448ddf4","bbox":[-92.9179,42.1063,-92.9179,42.1082]},{"type":"Feature","geometry":{"coordinates":[[-92.9176,42.1171],[-92.9176,42.119]],"type":"LineString"},"properties":{"lineWidth":3,"hideLine":false,"widthScale":"mtrs","stroke-width":2,"name":"LineString 747","id":"b1b543a3-307f-4f30-829c-9fc860c52196","isHidden":false,"distance":0.21127065244361512,"fill":"#000000","fill-opacity":0,"stroke":"#555555","stroke-opacity":1},"id":"b1b543a3-307f-4f30-829c-9fc860c52196","bbox":[-92.9176,42.1171,-92.9176,42.119]},{"type":"Feature","geometry":{"coordinates":[[-92.9118,42.1126],[-92.9092,42.1126]],"type":"LineString"},"properties":{"lineWidth":3,"hideLine":false,"widthScale":"mtrs","stroke-width":2,"name":"LineString 746","id":"36d64f2f-61d3-496d-bc44-6f1d69e21b2b","isHidden":false,"distance":0.21446793466284986,"fill":"#000000","fill-opacity":0,"stroke":"#555555","stroke-opacity":1},"id":"36d64f2f-61d3-496d-bc44-6f1d69e21b2b","bbox":[-92.9118,42.1126,-92.9092,42.1126]},{"type":"Feature","geometry":{"coordinates":[[-91.5347,41.6596],[-91.5348,41.6613],[-91.5353,41.663],[-91.5362,41.6646],[-91.5375,41.6661],[-91.5392,41.6673],[-91.5411,41.6684],[-91.5432,41.6691],[-91.5454,41.6696],[-91.5477,41.6697],[-91.55,41.6695],[-91.5523,41.669],[-91.5544,41.6683],[-91.5563,41.6672],[-91.5578,41.666],[-91.5591,41.6645],[-91.56,41.6629],[-91.5605,41.6612],[-91.5606,41.6594],[-91.5603,41.6577],[-91.5595,41.6561],[-91.5584,41.6545],[-91.5569,41.6532],[-91.5552,41.652],[-91.5532,41.6511],[-91.551,41.6505],[-91.5487,41.6503],[-91.5464,41.6503],[-91.5441,41.6506],[-91.5419,41.6512],[-91.5399,41.6521],[-91.5382,41.6533],[-91.5367,41.6547],[-91.5356,41.6562],[-91.5349,41.6579],[-91.5347,41.6596]],"type":"LineString"},"properties":{"lineWidth":3,"hideLine":false,"widthScale":"mtrs","stroke-width":2,"name":"LineString 745","id":"e958a311-6c3b-49aa-b232-975a24f7e5f0","isHidden":false,"distance":6.783663947786515,"fill":"#000000","fill-opacity":0,"stroke":"#555555","stroke-opacity":1},"id":"e958a311-6c3b-49aa-b232-975a24f7e5f0","bbox":[-91.5606,41.6503,-91.5347,41.6697]},{"type":"Feature","geometry":{"coordinates":[[-91.5432,41.6598],[-91.552,41.6601]],"type":"LineString"},"properties":{"lineWidth":3,"hideLine":false,"widthScale":"mtrs","stroke-width":2,"name":"LineString 744","id":"82e7ac02-9c4b-49ca-9f74-d56b4a620ba5","isHidden":false,"distance":0.7318134574526647,"fill":"#000000","fill-opacity":0,"stroke":"#555555","stroke-opacity":1},"id":"82e7ac02-9c4b-49ca-9f74-d56b4a620ba5","bbox":[-91.552,41.6598,-91.5432,41.6601]},{"type":"Feature","geometry":{"coordinates":[[-91.5435,41.6542],[-91.543,41.6655]],"type":"LineString"},"properties":{"lineWidth":3,"hideLine":false,"widthScale":"mtrs","stroke-width":2,"name":"LineString 743","id":"e481184f-0e83-4b7c-b500-a39ed19331b7","isHidden":false,"distance":1.2571907806693576,"fill":"#000000","fill-opacity":0,"stroke":"#555555","stroke-opacity":1},"id":"e481184f-0e83-4b7c-b500-a39ed19331b7","bbox":[-91.5435,41.6542,-91.543,41.6655]},{"type":"Feature","geometry":{"coordinates":[[-91.5517,41.6657],[-91.5523,41.6544]],"type":"LineString"},"properties":{"lineWidth":3,"hideLine":false,"widthScale":"mtrs","stroke-width":2,"name":"LineString 742","id":"da5e9ed0-fb9a-434e-82aa-e4b40d8034ec","isHidden":false,"distance":1.257492660420345,"fill":"#000000","fill-opacity":0,"stroke":"#555555","stroke-opacity":1},"id":"da5e9ed0-fb9a-434e-82aa-e4b40d8034ec","bbox":[-91.5523,41.6544,-91.5517,41.6657]},{"type":"Feature","geometry":{"coordinates":[[-91.5943,41.7043],[-91.5944,41.706],[-91.5949,41.7077],[-91.5959,41.7093],[-91.5972,41.7108],[-91.5988,41.712],[-91.6007,41.713],[-91.6028,41.7138],[-91.6051,41.7142],[-91.6074,41.7144],[-91.6097,41.7142],[-91.6119,41.7137],[-91.614,41.7129],[-91.6159,41.7119],[-91.6175,41.7106],[-91.6188,41.7092],[-91.6197,41.7075],[-91.6202,41.7058],[-91.6202,41.7041],[-91.6199,41.7024],[-91.6192,41.7007],[-91.618,41.6992],[-91.6166,41.6978],[-91.6148,41.6967],[-91.6128,41.6958],[-91.6106,41.6952],[-91.6083,41.6949],[-91.606,41.6949],[-91.6037,41.6953],[-91.6015,41.6959],[-91.5995,41.6968],[-91.5978,41.698],[-91.5964,41.6993],[-91.5953,41.7009],[-91.5946,41.7025],[-91.5943,41.7043]],"type":"LineString"},"properties":{"lineWidth":3,"hideLine":false,"widthScale":"mtrs","stroke-width":2,"name":"LineString 741","id":"f1195054-caf1-49cc-9906-f6b1a791a064","isHidden":false,"distance":6.782451346539924,"fill":"#000000","fill-opacity":0,"stroke":"#555555","stroke-opacity":1},"id":"f1195054-caf1-49cc-9906-f6b1a791a064","bbox":[-91.6202,41.6949,-91.5943,41.7144]},{"type":"Feature","geometry":{"coordinates":[[-91.6029,41.7045],[-91.6117,41.7047]],"type":"LineString"},"properties":{"lineWidth":3,"hideLine":false,"widthScale":"mtrs","stroke-width":2,"name":"LineString 740","id":"e2696ca3-babf-4a62-804f-852f94d6da2d","isHidden":false,"distance":0.7308840891304732,"fill":"#000000","fill-opacity":0,"stroke":"#555555","stroke-opacity":1},"id":"e2696ca3-babf-4a62-804f-852f94d6da2d","bbox":[-91.6117,41.7045,-91.6029,41.7047]},{"type":"Feature","geometry":{"coordinates":[[-91.6031,41.6988],[-91.6026,41.7102]],"type":"LineString"},"properties":{"lineWidth":3,"hideLine":false,"widthScale":"mtrs","stroke-width":2,"name":"LineString 739","id":"5241dd3f-bf14-4f10-9db3-786ff86e1626","isHidden":false,"distance":1.2683033278388587,"fill":"#000000","fill-opacity":0,"stroke":"#555555","stroke-opacity":1},"id":"5241dd3f-bf14-4f10-9db3-786ff86e1626","bbox":[-91.6031,41.6988,-91.6026,41.7102]},{"type":"Feature","geometry":{"coordinates":[[-91.6114,41.7104],[-91.6119,41.6991]],"type":"LineString"},"properties":{"lineWidth":3,"hideLine":false,"widthScale":"mtrs","stroke-width":2,"name":"LineString 738","id":"0ab61bf6-5398-4460-805e-867ca0820f09","isHidden":false,"distance":1.2571898237289272,"fill":"#000000","fill-opacity":0,"stroke":"#555555","stroke-opacity":1},"id":"0ab61bf6-5398-4460-805e-867ca0820f09","bbox":[-91.6119,41.6991,-91.6114,41.7104]},{"type":"Feature","geometry":{"coordinates":[[-91.6485,41.9847],[-91.6486,41.9864],[-91.6491,41.9881],[-91.6501,41.9897],[-91.6514,41.9911],[-91.653,41.9924],[-91.6549,41.9934],[-91.657,41.9942],[-91.6593,41.9946],[-91.6616,41.9947],[-91.664,41.9946],[-91.6662,41.9941],[-91.6683,41.9933],[-91.6702,41.9923],[-91.6718,41.991],[-91.6731,41.9895],[-91.674,41.9879],[-91.6745,41.9862],[-91.6745,41.9845],[-91.6742,41.9827],[-91.6735,41.9811],[-91.6723,41.9796],[-91.6709,41.9782],[-91.6691,41.9771],[-91.6671,41.9762],[-91.6649,41.9756],[-91.6626,41.9753],[-91.6602,41.9753],[-91.6579,41.9756],[-91.6557,41.9763],[-91.6537,41.9772],[-91.652,41.9783],[-91.6505,41.9797],[-91.6495,41.9813],[-91.6488,41.9829],[-91.6485,41.9847]],"type":"LineString"},"properties":{"lineWidth":3,"hideLine":false,"widthScale":"mtrs","stroke-width":2,"name":"LineString 737","id":"46bdd9d2-564f-45d8-9521-e425ffb025ec","isHidden":false,"distance":6.785047696256461,"fill":"#000000","fill-opacity":0,"stroke":"#555555","stroke-opacity":1},"id":"46bdd9d2-564f-45d8-9521-e425ffb025ec","bbox":[-91.6745,41.9753,-91.6485,41.9947]},{"type":"Feature","geometry":{"coordinates":[[-91.6571,41.9849],[-91.6659,41.9851]],"type":"LineString"},"properties":{"lineWidth":3,"hideLine":false,"widthScale":"mtrs","stroke-width":2,"name":"LineString 736","id":"125cf0ad-082f-466c-96e2-fee72d2dc0f7","isHidden":false,"distance":0.7276909195791709,"fill":"#000000","fill-opacity":0,"stroke":"#555555","stroke-opacity":1},"id":"125cf0ad-082f-466c-96e2-fee72d2dc0f7","bbox":[-91.6659,41.9849,-91.6571,41.9851]},{"type":"Feature","geometry":{"coordinates":[[-91.6574,41.9792],[-91.6568,41.9906]],"type":"LineString"},"properties":{"lineWidth":3,"hideLine":false,"widthScale":"mtrs","stroke-width":2,"name":"LineString 735","id":"3b8ac9a6-653a-4aae-9781-8b47c26e22fe","isHidden":false,"distance":1.2685936207343855,"fill":"#000000","fill-opacity":0,"stroke":"#555555","stroke-opacity":1},"id":"3b8ac9a6-653a-4aae-9781-8b47c26e22fe","bbox":[-91.6574,41.9792,-91.6568,41.9906]},{"type":"Feature","geometry":{"coordinates":[[-91.6656,41.9908],[-91.6662,41.9795]],"type":"LineString"},"properties":{"lineWidth":3,"hideLine":false,"widthScale":"mtrs","stroke-width":2,"name":"LineString 734","id":"e9bfed19-571b-4b04-8ee0-c50b0656c719","isHidden":false,"distance":1.257482679853904,"fill":"#000000","fill-opacity":0,"stroke":"#555555","stroke-opacity":1},"id":"e9bfed19-571b-4b04-8ee0-c50b0656c719","bbox":[-91.6662,41.9795,-91.6656,41.9908]},{"type":"Feature","geometry":{"coordinates":[[-91.2485,42.1005],[-91.2486,42.1022],[-91.2491,42.1039],[-91.2501,42.1055],[-91.2514,42.107],[-91.253,42.1082],[-91.2549,42.1093],[-91.257,42.11],[-91.2593,42.1105],[-91.2616,42.1106],[-91.2639,42.1105],[-91.2662,42.11],[-91.2683,42.1092],[-91.2702,42.1082],[-91.2718,42.1069],[-91.2731,42.1055],[-91.274,42.1039],[-91.2745,42.1021],[-91.2746,42.1004],[-91.2743,42.0987],[-91.2735,42.097],[-91.2724,42.0955],[-91.271,42.0941],[-91.2692,42.093],[-91.2672,42.0921],[-91.265,42.0915],[-91.2627,42.0912],[-91.2603,42.0912],[-91.258,42.0915],[-91.2558,42.0921],[-91.2538,42.093],[-91.2521,42.0942],[-91.2506,42.0956],[-91.2495,42.0971],[-91.2488,42.0988],[-91.2485,42.1005]],"type":"LineString"},"properties":{"lineWidth":3,"hideLine":false,"widthScale":"mtrs","stroke-width":2,"name":"LineString 733","id":"f27bac8b-f82a-4cdd-a08b-ada59ad85426","isHidden":false,"distance":6.78099694820424,"fill":"#000000","fill-opacity":0,"stroke":"#555555","stroke-opacity":1},"id":"f27bac8b-f82a-4cdd-a08b-ada59ad85426","bbox":[-91.2746,42.0912,-91.2485,42.1106]},{"type":"Feature","geometry":{"coordinates":[[-91.2571,42.1008],[-91.266,42.101]],"type":"LineString"},"properties":{"lineWidth":3,"hideLine":false,"widthScale":"mtrs","stroke-width":2,"name":"LineString 732","id":"a7288500-3618-4593-ad44-9c58b8b51e8d","isHidden":false,"distance":0.7346124393277284,"fill":"#000000","fill-opacity":0,"stroke":"#555555","stroke-opacity":1},"id":"a7288500-3618-4593-ad44-9c58b8b51e8d","bbox":[-91.266,42.1008,-91.2571,42.101]},{"type":"Feature","geometry":{"coordinates":[[-91.2574,42.0951],[-91.2568,42.1064]],"type":"LineString"},"properties":{"lineWidth":3,"hideLine":false,"widthScale":"mtrs","stroke-width":2,"name":"LineString 731","id":"e949a24d-d77b-4016-ba16-622ffb2a83eb","isHidden":false,"distance":1.2574791279643618,"fill":"#000000","fill-opacity":0,"stroke":"#555555","stroke-opacity":1},"id":"e949a24d-d77b-4016-ba16-622ffb2a83eb","bbox":[-91.2574,42.0951,-91.2568,42.1064]},{"type":"Feature","geometry":{"coordinates":[[-91.2657,42.1067],[-91.2663,42.0954]],"type":"LineString"},"properties":{"lineWidth":3,"hideLine":false,"widthScale":"mtrs","stroke-width":2,"name":"LineString 730","id":"d97dde5a-096c-4912-96cd-1354901c91d8","isHidden":false,"distance":1.2574791187447232,"fill":"#000000","fill-opacity":0,"stroke":"#555555","stroke-opacity":1},"id":"d97dde5a-096c-4912-96cd-1354901c91d8","bbox":[-91.2663,42.0954,-91.2657,42.1067]},{"type":"Feature","geometry":{"coordinates":[[-91.1573,42.22],[-91.1573,42.2208],[-91.1576,42.2216],[-91.158,42.2224],[-91.1586,42.223],[-91.1594,42.2236],[-91.1602,42.2241],[-91.1612,42.2244],[-91.1622,42.2246],[-91.1633,42.2247],[-91.1644,42.2246],[-91.1654,42.2244],[-91.1664,42.224],[-91.1672,42.2236],[-91.168,42.223],[-91.1685,42.2223],[-91.169,42.2216],[-91.1692,42.2208],[-91.1692,42.22],[-91.1691,42.2192],[-91.1688,42.2185],[-91.1683,42.2178],[-91.1676,42.2171],[-91.1668,42.2166],[-91.1658,42.2162],[-91.1648,42.2159],[-91.1638,42.2158],[-91.1627,42.2158],[-91.1617,42.2159],[-91.1607,42.2162],[-91.1597,42.2166],[-91.1589,42.2172],[-91.1583,42.2178],[-91.1578,42.2185],[-91.1574,42.2193],[-91.1573,42.22]],"type":"LineString"},"properties":{"lineWidth":3,"hideLine":false,"widthScale":"mtrs","stroke-width":2,"name":"LineString 729","id":"da354c38-8fd9-467d-951b-e884fd793cea","isHidden":false,"distance":3.1051949725183743,"fill":"#000000","fill-opacity":0,"stroke":"#555555","stroke-opacity":1},"id":"da354c38-8fd9-467d-951b-e884fd793cea","bbox":[-91.1692,42.2158,-91.1573,42.2247]},{"type":"Feature","geometry":{"coordinates":[[-91.1692,42.2204],[-91.1718,42.2205]],"type":"LineString"},"properties":{"lineWidth":3,"hideLine":false,"widthScale":"mtrs","stroke-width":2,"name":"LineString 728","id":"c05d58d0-b00f-4dd6-9152-695b06045772","isHidden":false,"distance":0.21439117541046795,"fill":"#000000","fill-opacity":0,"stroke":"#555555","stroke-opacity":1},"id":"c05d58d0-b00f-4dd6-9152-695b06045772","bbox":[-91.1718,42.2204,-91.1692,42.2205]},{"type":"Feature","geometry":{"coordinates":[[-91.1635,42.2158],[-91.1636,42.2139]],"type":"LineString"},"properties":{"lineWidth":3,"hideLine":false,"widthScale":"mtrs","stroke-width":2,"name":"LineString 727","id":"d04235c1-e12d-48ba-9e79-7921aac716d4","isHidden":false,"distance":0.21143110263852327,"fill":"#000000","fill-opacity":0,"stroke":"#555555","stroke-opacity":1},"id":"d04235c1-e12d-48ba-9e79-7921aac716d4","bbox":[-91.1636,42.2139,-91.1635,42.2158]},{"type":"Feature","geometry":{"coordinates":[[-91.163,42.2247],[-91.1629,42.2266]],"type":"LineString"},"properties":{"lineWidth":3,"hideLine":false,"widthScale":"mtrs","stroke-width":2,"name":"LineString 726","id":"e0a2cc72-daf2-4765-9055-cdd232fa19bd","isHidden":false,"distance":0.21143104778231742,"fill":"#000000","fill-opacity":0,"stroke":"#555555","stroke-opacity":1},"id":"e0a2cc72-daf2-4765-9055-cdd232fa19bd","bbox":[-91.163,42.2247,-91.1629,42.2266]},{"type":"Feature","geometry":{"coordinates":[[-91.1573,42.22],[-91.1547,42.22]],"type":"LineString"},"properties":{"lineWidth":3,"hideLine":false,"widthScale":"mtrs","stroke-width":2,"name":"LineString 725","id":"60316cf5-1278-4a9c-ba43-75a683acf366","isHidden":false,"distance":0.2141041475694772,"fill":"#000000","fill-opacity":0,"stroke":"#555555","stroke-opacity":1},"id":"60316cf5-1278-4a9c-ba43-75a683acf366","bbox":[-91.1573,42.22,-91.1547,42.22]},{"type":"Feature","geometry":{"coordinates":[[-91.5256,42.0296],[-91.5257,42.0304],[-91.5259,42.0312],[-91.5264,42.0319],[-91.527,42.0326],[-91.5277,42.0331],[-91.5286,42.0336],[-91.5295,42.0339],[-91.5306,42.0341],[-91.5316,42.0342],[-91.5327,42.0341],[-91.5337,42.0339],[-91.5347,42.0336],[-91.5356,42.0331],[-91.5363,42.0325],[-91.5369,42.0318],[-91.5373,42.0311],[-91.5375,42.0303],[-91.5376,42.0295],[-91.5374,42.0287],[-91.5371,42.028],[-91.5365,42.0273],[-91.5359,42.0267],[-91.5351,42.0262],[-91.5341,42.0257],[-91.5331,42.0255],[-91.5321,42.0253],[-91.531,42.0253],[-91.53,42.0255],[-91.529,42.0258],[-91.5281,42.0262],[-91.5273,42.0267],[-91.5266,42.0273],[-91.5261,42.0281],[-91.5258,42.0288],[-91.5256,42.0296]],"type":"LineString"},"properties":{"lineWidth":3,"hideLine":false,"widthScale":"mtrs","stroke-width":2,"name":"LineString 724","id":"a267c092-e1c6-40ea-92d6-b5fe6832197d","isHidden":false,"distance":3.0970109818428266,"fill":"#000000","fill-opacity":0,"stroke":"#555555","stroke-opacity":1},"id":"a267c092-e1c6-40ea-92d6-b5fe6832197d","bbox":[-91.5376,42.0253,-91.5256,42.0342]},{"type":"Feature","geometry":{"coordinates":[[-91.5376,42.0299],[-91.5401,42.03]],"type":"LineString"},"properties":{"lineWidth":3,"hideLine":false,"widthScale":"mtrs","stroke-width":2,"name":"LineString 723","id":"452165d0-fce0-4d79-9238-b7f86ffeb274","isHidden":false,"distance":0.20678704037771115,"fill":"#000000","fill-opacity":0,"stroke":"#555555","stroke-opacity":1},"id":"452165d0-fce0-4d79-9238-b7f86ffeb274","bbox":[-91.5401,42.0299,-91.5376,42.03]},{"type":"Feature","geometry":{"coordinates":[[-91.5318,42.0253],[-91.5319,42.0234]],"type":"LineString"},"properties":{"lineWidth":3,"hideLine":false,"widthScale":"mtrs","stroke-width":2,"name":"LineString 722","id":"0ad0c038-d939-4913-8f0a-aa81de08e8b1","isHidden":false,"distance":0.21143206990001212,"fill":"#000000","fill-opacity":0,"stroke":"#555555","stroke-opacity":1},"id":"0ad0c038-d939-4913-8f0a-aa81de08e8b1","bbox":[-91.5319,42.0234,-91.5318,42.0253]},{"type":"Feature","geometry":{"coordinates":[[-91.5314,42.0342],[-91.5313,42.0361]],"type":"LineString"},"properties":{"lineWidth":3,"hideLine":false,"widthScale":"mtrs","stroke-width":2,"name":"LineString 721","id":"93d8cfdd-b5ea-482e-97e7-bc649cf5a137","isHidden":false,"distance":0.21143201508082185,"fill":"#000000","fill-opacity":0,"stroke":"#555555","stroke-opacity":1},"id":"93d8cfdd-b5ea-482e-97e7-bc649cf5a137","bbox":[-91.5314,42.0342,-91.5313,42.0361]},{"type":"Feature","geometry":{"coordinates":[[-91.5256,42.0296],[-91.5231,42.0295]],"type":"LineString"},"properties":{"lineWidth":3,"hideLine":false,"widthScale":"mtrs","stroke-width":2,"name":"LineString 720","id":"1e8d56ea-977b-4f66-85a3-c0f65ddd9c42","isHidden":false,"distance":0.20678833784184172,"fill":"#000000","fill-opacity":0,"stroke":"#555555","stroke-opacity":1},"id":"1e8d56ea-977b-4f66-85a3-c0f65ddd9c42","bbox":[-91.5256,42.0295,-91.5231,42.0296]},{"type":"Feature","geometry":{"coordinates":[[-91.8588,41.7934],[-91.8588,41.7942],[-91.8591,41.7949],[-91.8595,41.7957],[-91.8601,41.7963],[-91.8609,41.7969],[-91.8617,41.7974],[-91.8627,41.7977],[-91.8637,41.7979],[-91.8648,41.798],[-91.8658,41.7979],[-91.8669,41.7977],[-91.8678,41.7973],[-91.8687,41.7968],[-91.8694,41.7962],[-91.87,41.7956],[-91.8704,41.7948],[-91.8706,41.7941],[-91.8706,41.7933],[-91.8705,41.7925],[-91.8701,41.7917],[-91.8696,41.791],[-91.869,41.7904],[-91.8681,41.7899],[-91.8672,41.7895],[-91.8662,41.7892],[-91.8652,41.7891],[-91.8641,41.7891],[-91.8631,41.7892],[-91.8621,41.7895],[-91.8612,41.79],[-91.8604,41.7905],[-91.8597,41.7911],[-91.8592,41.7918],[-91.8589,41.7926],[-91.8588,41.7934]],"type":"LineString"},"properties":{"lineWidth":3,"hideLine":false,"widthScale":"mtrs","stroke-width":2,"name":"LineString 719","id":"f7dbd1b4-9eac-46fd-bf83-dac476606b2e","isHidden":false,"distance":3.0997415651056657,"fill":"#000000","fill-opacity":0,"stroke":"#555555","stroke-opacity":1},"id":"f7dbd1b4-9eac-46fd-bf83-dac476606b2e","bbox":[-91.8706,41.7891,-91.8588,41.798]},{"type":"Feature","geometry":{"coordinates":[[-91.8706,41.7937],[-91.8732,41.7937]],"type":"LineString"},"properties":{"lineWidth":3,"hideLine":false,"widthScale":"mtrs","stroke-width":2,"name":"LineString 718","id":"a23d5bc6-7789-4a2b-8e18-d7de430395db","isHidden":false,"distance":0.21554367244022368,"fill":"#000000","fill-opacity":0,"stroke":"#555555","stroke-opacity":1},"id":"a23d5bc6-7789-4a2b-8e18-d7de430395db","bbox":[-91.8732,41.7937,-91.8706,41.7937]},{"type":"Feature","geometry":{"coordinates":[[-91.8649,41.7891],[-91.865,41.7872]],"type":"LineString"},"properties":{"lineWidth":3,"hideLine":false,"widthScale":"mtrs","stroke-width":2,"name":"LineString 717","id":"aa5ff6b9-6e99-41d3-b94e-60af078fb4c4","isHidden":false,"distance":0.21143326826112702,"fill":"#000000","fill-opacity":0,"stroke":"#555555","stroke-opacity":1},"id":"aa5ff6b9-6e99-41d3-b94e-60af078fb4c4","bbox":[-91.865,41.7872,-91.8649,41.7891]},{"type":"Feature","geometry":{"coordinates":[[-91.8645,41.798],[-91.8644,41.7999]],"type":"LineString"},"properties":{"lineWidth":3,"hideLine":false,"widthScale":"mtrs","stroke-width":2,"name":"LineString 716","id":"d322ad3c-6c83-46d9-8e92-42bf1a3eda07","isHidden":false,"distance":0.2114332134911409,"fill":"#000000","fill-opacity":0,"stroke":"#555555","stroke-opacity":1},"id":"d322ad3c-6c83-46d9-8e92-42bf1a3eda07","bbox":[-91.8645,41.798,-91.8644,41.7999]},{"type":"Feature","geometry":{"coordinates":[[-91.8588,41.7934],[-91.8562,41.7933]],"type":"LineString"},"properties":{"lineWidth":3,"hideLine":false,"widthScale":"mtrs","stroke-width":2,"name":"LineString 715","id":"d1d3df56-a363-4072-b237-bb04abbce270","isHidden":false,"distance":0.2158314749339403,"fill":"#000000","fill-opacity":0,"stroke":"#555555","stroke-opacity":1},"id":"d1d3df56-a363-4072-b237-bb04abbce270","bbox":[-91.8588,41.7933,-91.8562,41.7934]},{"type":"Feature","geometry":{"coordinates":[[-91.7137,41.7562],[-91.7138,41.757],[-91.714,41.7578],[-91.7144,41.7585],[-91.715,41.7592],[-91.7158,41.7597],[-91.7167,41.7602],[-91.7176,41.7605],[-91.7186,41.7607],[-91.7197,41.7608],[-91.7208,41.7607],[-91.7218,41.7605],[-91.7227,41.7601],[-91.7236,41.7597],[-91.7243,41.7591],[-91.7249,41.7584],[-91.7253,41.7577],[-91.7255,41.7569],[-91.7256,41.7561],[-91.7254,41.7553],[-91.7251,41.7546],[-91.7246,41.7539],[-91.7239,41.7533],[-91.7231,41.7527],[-91.7222,41.7523],[-91.7212,41.7521],[-91.7201,41.7519],[-91.7191,41.7519],[-91.718,41.7521],[-91.717,41.7524],[-91.7161,41.7528],[-91.7153,41.7533],[-91.7147,41.7539],[-91.7142,41.7546],[-91.7138,41.7554],[-91.7137,41.7562]],"type":"LineString"},"properties":{"lineWidth":3,"hideLine":false,"widthScale":"mtrs","stroke-width":2,"name":"LineString 714","id":"0045dbcc-700c-4e66-8f8b-b87eaa431476","isHidden":false,"distance":3.0980398789757935,"fill":"#000000","fill-opacity":0,"stroke":"#555555","stroke-opacity":1},"id":"0045dbcc-700c-4e66-8f8b-b87eaa431476","bbox":[-91.7256,41.7519,-91.7137,41.7608]},{"type":"Feature","geometry":{"coordinates":[[-91.7256,41.7565],[-91.7281,41.7566]],"type":"LineString"},"properties":{"lineWidth":3,"hideLine":false,"widthScale":"mtrs","stroke-width":2,"name":"LineString 713","id":"3cae7ded-e60f-401c-b379-d38af1c40d77","isHidden":false,"distance":0.2076715152360013,"fill":"#000000","fill-opacity":0,"stroke":"#555555","stroke-opacity":1},"id":"3cae7ded-e60f-401c-b379-d38af1c40d77","bbox":[-91.7281,41.7565,-91.7256,41.7566]},{"type":"Feature","geometry":{"coordinates":[[-91.7199,41.7519],[-91.7199,41.75]],"type":"LineString"},"properties":{"lineWidth":3,"hideLine":false,"widthScale":"mtrs","stroke-width":2,"name":"LineString 712","id":"a18f9d11-f926-4da3-986c-d7a25d5abab5","isHidden":false,"distance":0.21127065244361512,"fill":"#000000","fill-opacity":0,"stroke":"#555555","stroke-opacity":1},"id":"a18f9d11-f926-4da3-986c-d7a25d5abab5","bbox":[-91.7199,41.75,-91.7199,41.7519]},{"type":"Feature","geometry":{"coordinates":[[-91.7194,41.7608],[-91.7193,41.7627]],"type":"LineString"},"properties":{"lineWidth":3,"hideLine":false,"widthScale":"mtrs","stroke-width":2,"name":"LineString 711","id":"330a5b74-f257-4530-b2e7-d54bc7b64053","isHidden":false,"distance":0.21143340213356626,"fill":"#000000","fill-opacity":0,"stroke":"#555555","stroke-opacity":1},"id":"330a5b74-f257-4530-b2e7-d54bc7b64053","bbox":[-91.7194,41.7608,-91.7193,41.7627]},{"type":"Feature","geometry":{"coordinates":[[-91.7137,41.7562],[-91.7111,41.7561]],"type":"LineString"},"properties":{"lineWidth":3,"hideLine":false,"widthScale":"mtrs","stroke-width":2,"name":"LineString 710","id":"6e49c3cd-aed5-425a-9b47-43f1b9368602","isHidden":false,"distance":0.21595635973365063,"fill":"#000000","fill-opacity":0,"stroke":"#555555","stroke-opacity":1},"id":"6e49c3cd-aed5-425a-9b47-43f1b9368602","bbox":[-91.7137,41.7561,-91.7111,41.7562]},{"type":"Feature","geometry":{"coordinates":[[-91.1469,41.7631],[-91.147,41.7639],[-91.1472,41.7646],[-91.1477,41.7654],[-91.1482,41.766],[-91.149,41.7666],[-91.1498,41.7671],[-91.1508,41.7674],[-91.1518,41.7676],[-91.1529,41.7677],[-91.154,41.7676],[-91.155,41.7674],[-91.1559,41.7671],[-91.1568,41.7666],[-91.1575,41.766],[-91.1581,41.7653],[-91.1585,41.7646],[-91.1588,41.7638],[-91.1588,41.763],[-91.1587,41.7622],[-91.1583,41.7615],[-91.1578,41.7608],[-91.1571,41.7602],[-91.1563,41.7596],[-91.1554,41.7592],[-91.1544,41.759],[-91.1534,41.7588],[-91.1523,41.7588],[-91.1513,41.759],[-91.1503,41.7592],[-91.1494,41.7597],[-91.1486,41.7602],[-91.1479,41.7608],[-91.1474,41.7615],[-91.1471,41.7623],[-91.1469,41.7631]],"type":"LineString"},"properties":{"lineWidth":3,"hideLine":false,"widthScale":"mtrs","stroke-width":2,"name":"LineString 709","id":"4b66a1a5-a9e2-4683-a619-f6070698af59","isHidden":false,"distance":3.0982880803262733,"fill":"#000000","fill-opacity":0,"stroke":"#555555","stroke-opacity":1},"id":"4b66a1a5-a9e2-4683-a619-f6070698af59","bbox":[-91.1588,41.7588,-91.1469,41.7677]},{"type":"Feature","geometry":{"coordinates":[[-91.1588,41.7634],[-91.1614,41.7635]],"type":"LineString"},"properties":{"lineWidth":3,"hideLine":false,"widthScale":"mtrs","stroke-width":2,"name":"LineString 708","id":"1598d733-bebd-4dfd-87b6-b250d6df386b","isHidden":false,"distance":0.21593185991381023,"fill":"#000000","fill-opacity":0,"stroke":"#555555","stroke-opacity":1},"id":"1598d733-bebd-4dfd-87b6-b250d6df386b","bbox":[-91.1614,41.7634,-91.1588,41.7635]},{"type":"Feature","geometry":{"coordinates":[[-91.1531,41.7588],[-91.1532,41.7569]],"type":"LineString"},"properties":{"lineWidth":3,"hideLine":false,"widthScale":"mtrs","stroke-width":2,"name":"LineString 707","id":"4dfc9f55-40da-4f21-8c82-5bf91ad0f923","isHidden":false,"distance":0.21143342190903125,"fill":"#000000","fill-opacity":0,"stroke":"#555555","stroke-opacity":1},"id":"4dfc9f55-40da-4f21-8c82-5bf91ad0f923","bbox":[-91.1532,41.7569,-91.1531,41.7588]},{"type":"Feature","geometry":{"coordinates":[[-91.1526,41.7677],[-91.1525,41.7696]],"type":"LineString"},"properties":{"lineWidth":3,"hideLine":false,"widthScale":"mtrs","stroke-width":2,"name":"LineString 706","id":"dedce95a-0b7b-4bae-8278-3b19811ee35d","isHidden":false,"distance":0.2114333671455803,"fill":"#000000","fill-opacity":0,"stroke":"#555555","stroke-opacity":1},"id":"dedce95a-0b7b-4bae-8278-3b19811ee35d","bbox":[-91.1526,41.7677,-91.1525,41.7696]},{"type":"Feature","geometry":{"coordinates":[[-91.1469,41.7631],[-91.1444,41.763]],"type":"LineString"},"properties":{"lineWidth":3,"hideLine":false,"widthScale":"mtrs","stroke-width":2,"name":"LineString 705","id":"a9964a33-899a-4a3f-9b5f-795d1c2a4db5","isHidden":false,"distance":0.20765054163166505,"fill":"#000000","fill-opacity":0,"stroke":"#555555","stroke-opacity":1},"id":"a9964a33-899a-4a3f-9b5f-795d1c2a4db5","bbox":[-91.1469,41.763,-91.1444,41.7631]},{"type":"Feature","geometry":{"coordinates":[[-91.2142,41.5858],[-91.2142,41.5866],[-91.2145,41.5874],[-91.2149,41.5881],[-91.2155,41.5888],[-91.2162,41.5894],[-91.2171,41.5899],[-91.218,41.5902],[-91.2191,41.5904],[-91.2201,41.5905],[-91.2212,41.5904],[-91.2222,41.5902],[-91.2232,41.5898],[-91.224,41.5894],[-91.2247,41.5888],[-91.2253,41.5881],[-91.2257,41.5874],[-91.226,41.5866],[-91.226,41.5858],[-91.2259,41.585],[-91.2255,41.5843],[-91.225,41.5836],[-91.2244,41.5829],[-91.2236,41.5824],[-91.2226,41.582],[-91.2216,41.5817],[-91.2206,41.5816],[-91.2195,41.5816],[-91.2185,41.5817],[-91.2175,41.582],[-91.2166,41.5824],[-91.2158,41.583],[-91.2151,41.5836],[-91.2146,41.5843],[-91.2143,41.5851],[-91.2142,41.5858]],"type":"LineString"},"properties":{"lineWidth":3,"hideLine":false,"widthScale":"mtrs","stroke-width":2,"name":"LineString 704","id":"8bf2da26-dbc3-462f-89e8-8bb2303c5463","isHidden":false,"distance":3.102855598892468,"fill":"#000000","fill-opacity":0,"stroke":"#555555","stroke-opacity":1},"id":"8bf2da26-dbc3-462f-89e8-8bb2303c5463","bbox":[-91.226,41.5816,-91.2142,41.5905]},{"type":"Feature","geometry":{"coordinates":[[-91.226,41.5862],[-91.2286,41.5863]],"type":"LineString"},"properties":{"lineWidth":3,"hideLine":false,"widthScale":"mtrs","stroke-width":2,"name":"LineString 703","id":"b83ad580-3461-4839-98fc-f81201cd167f","isHidden":false,"distance":0.21652558148045994,"fill":"#000000","fill-opacity":0,"stroke":"#555555","stroke-opacity":1},"id":"b83ad580-3461-4839-98fc-f81201cd167f","bbox":[-91.2286,41.5862,-91.226,41.5863]},{"type":"Feature","geometry":{"coordinates":[[-91.2203,41.5816],[-91.2204,41.5797]],"type":"LineString"},"properties":{"lineWidth":3,"hideLine":false,"widthScale":"mtrs","stroke-width":2,"name":"LineString 702","id":"a44c8685-db2b-40a9-8e2a-c8062b14d3e9","isHidden":false,"distance":0.21143432009246393,"fill":"#000000","fill-opacity":0,"stroke":"#555555","stroke-opacity":1},"id":"a44c8685-db2b-40a9-8e2a-c8062b14d3e9","bbox":[-91.2204,41.5797,-91.2203,41.5816]},{"type":"Feature","geometry":{"coordinates":[[-91.2199,41.5905],[-91.2197,41.5924]],"type":"LineString"},"properties":{"lineWidth":3,"hideLine":false,"widthScale":"mtrs","stroke-width":2,"name":"LineString 701","id":"a2b8a55b-4ff4-4647-9018-730bf4d280f7","isHidden":false,"distance":0.21192434625630774,"fill":"#000000","fill-opacity":0,"stroke":"#555555","stroke-opacity":1},"id":"a2b8a55b-4ff4-4647-9018-730bf4d280f7","bbox":[-91.2199,41.5905,-91.2197,41.5924]},{"type":"Feature","geometry":{"coordinates":[[-91.2142,41.5858],[-91.2116,41.5858]],"type":"LineString"},"properties":{"lineWidth":3,"hideLine":false,"widthScale":"mtrs","stroke-width":2,"name":"LineString 700","id":"a7d5c342-6dd2-45c7-84bd-fd793ec326b0","isHidden":false,"distance":0.2162413831349703,"fill":"#000000","fill-opacity":0,"stroke":"#555555","stroke-opacity":1},"id":"a7d5c342-6dd2-45c7-84bd-fd793ec326b0","bbox":[-91.2142,41.5858,-91.2116,41.5858]},{"type":"Feature","geometry":{"coordinates":[[-91.1423,41.3676],[-91.1423,41.3684],[-91.1426,41.3692],[-91.143,41.3699],[-91.1436,41.3706],[-91.1443,41.3711],[-91.1452,41.3716],[-91.1461,41.372],[-91.1471,41.3722],[-91.1482,41.3722],[-91.1492,41.3722],[-91.1503,41.3719],[-91.1512,41.3716],[-91.1521,41.3711],[-91.1528,41.3705],[-91.1534,41.3699],[-91.1538,41.3691],[-91.154,41.3684],[-91.1541,41.3676],[-91.1539,41.3668],[-91.1536,41.366],[-91.1531,41.3653],[-91.1524,41.3647],[-91.1516,41.3642],[-91.1507,41.3638],[-91.1497,41.3635],[-91.1487,41.3634],[-91.1476,41.3634],[-91.1466,41.3635],[-91.1456,41.3638],[-91.1447,41.3642],[-91.1439,41.3647],[-91.1432,41.3654],[-91.1427,41.3661],[-91.1424,41.3668],[-91.1423,41.3676]],"type":"LineString"},"properties":{"lineWidth":3,"hideLine":false,"widthScale":"mtrs","stroke-width":2,"name":"LineString 699","id":"c500cef8-3e0d-4fa3-85db-9b8c5974b9ed","isHidden":false,"distance":3.0958404596595384,"fill":"#000000","fill-opacity":0,"stroke":"#555555","stroke-opacity":1},"id":"c500cef8-3e0d-4fa3-85db-9b8c5974b9ed","bbox":[-91.1541,41.3634,-91.1423,41.3722]},{"type":"Feature","geometry":{"coordinates":[[-91.1541,41.368],[-91.1566,41.3681]],"type":"LineString"},"properties":{"lineWidth":3,"hideLine":false,"widthScale":"mtrs","stroke-width":2,"name":"LineString 698","id":"fc6c66aa-b6db-406a-b839-81f22f7ac3b8","isHidden":false,"distance":0.2089202527909411,"fill":"#000000","fill-opacity":0,"stroke":"#555555","stroke-opacity":1},"id":"fc6c66aa-b6db-406a-b839-81f22f7ac3b8","bbox":[-91.1566,41.368,-91.1541,41.3681]},{"type":"Feature","geometry":{"coordinates":[[-91.1484,41.3633],[-91.1485,41.3614]],"type":"LineString"},"properties":{"lineWidth":3,"hideLine":false,"widthScale":"mtrs","stroke-width":2,"name":"LineString 697","id":"c4c4b7f3-4dfb-4789-9813-9c5457615f9f","isHidden":false,"distance":0.21143542567717782,"fill":"#000000","fill-opacity":0,"stroke":"#555555","stroke-opacity":1},"id":"c4c4b7f3-4dfb-4789-9813-9c5457615f9f","bbox":[-91.1485,41.3614,-91.1484,41.3633]},{"type":"Feature","geometry":{"coordinates":[[-91.1479,41.3722],[-91.1478,41.3741]],"type":"LineString"},"properties":{"lineWidth":3,"hideLine":false,"widthScale":"mtrs","stroke-width":2,"name":"LineString 696","id":"d252f2e4-82de-4b46-aeba-3ef3e2fffae7","isHidden":false,"distance":0.21143537100524668,"fill":"#000000","fill-opacity":0,"stroke":"#555555","stroke-opacity":1},"id":"d252f2e4-82de-4b46-aeba-3ef3e2fffae7","bbox":[-91.1479,41.3722,-91.1478,41.3741]},{"type":"Feature","geometry":{"coordinates":[[-91.1423,41.3676],[-91.1397,41.3675]],"type":"LineString"},"properties":{"lineWidth":3,"hideLine":false,"widthScale":"mtrs","stroke-width":2,"name":"LineString 695","id":"7cb9624a-2e85-4f26-a77e-9701cbe82500","isHidden":false,"distance":0.21725550925479795,"fill":"#000000","fill-opacity":0,"stroke":"#555555","stroke-opacity":1},"id":"7cb9624a-2e85-4f26-a77e-9701cbe82500","bbox":[-91.1423,41.3675,-91.1397,41.3676]},{"type":"Feature","geometry":{"coordinates":[[-91.6692,41.2748],[-91.6693,41.2756],[-91.6695,41.2764],[-91.67,41.2771],[-91.6706,41.2778],[-91.6713,41.2783],[-91.6721,41.2788],[-91.6731,41.2791],[-91.6741,41.2793],[-91.6752,41.2794],[-91.6762,41.2793],[-91.6772,41.2791],[-91.6782,41.2788],[-91.679,41.2783],[-91.6798,41.2777],[-91.6803,41.277],[-91.6807,41.2763],[-91.681,41.2755],[-91.681,41.2747],[-91.6809,41.2739],[-91.6805,41.2732],[-91.68,41.2725],[-91.6793,41.2719],[-91.6785,41.2713],[-91.6776,41.2709],[-91.6766,41.2707],[-91.6756,41.2705],[-91.6745,41.2705],[-91.6735,41.2707],[-91.6725,41.271],[-91.6716,41.2714],[-91.6708,41.2719],[-91.6702,41.2725],[-91.6697,41.2733],[-91.6694,41.274],[-91.6692,41.2748]],"type":"LineString"},"properties":{"lineWidth":3,"hideLine":false,"widthScale":"mtrs","stroke-width":2,"name":"LineString 694","id":"dda4c353-635d-4b78-b079-f9249d00d9a7","isHidden":false,"distance":3.096758445891291,"fill":"#000000","fill-opacity":0,"stroke":"#555555","stroke-opacity":1},"id":"dda4c353-635d-4b78-b079-f9249d00d9a7","bbox":[-91.681,41.2705,-91.6692,41.2794]},{"type":"Feature","geometry":{"coordinates":[[-91.681,41.2751],[-91.6836,41.2752]],"type":"LineString"},"properties":{"lineWidth":3,"hideLine":false,"widthScale":"mtrs","stroke-width":2,"name":"LineString 693","id":"17771eac-8709-4c00-873b-8f771f3cd63d","isHidden":false,"distance":0.21756295508794873,"fill":"#000000","fill-opacity":0,"stroke":"#555555","stroke-opacity":1},"id":"17771eac-8709-4c00-873b-8f771f3cd63d","bbox":[-91.6836,41.2751,-91.681,41.2752]},{"type":"Feature","geometry":{"coordinates":[[-91.6753,41.2705],[-91.6754,41.2686]],"type":"LineString"},"properties":{"lineWidth":3,"hideLine":false,"widthScale":"mtrs","stroke-width":2,"name":"LineString 692","id":"8ab58911-fb50-4dc2-980c-1733fd84d4f3","isHidden":false,"distance":0.21143589534097662,"fill":"#000000","fill-opacity":0,"stroke":"#555555","stroke-opacity":1},"id":"8ab58911-fb50-4dc2-980c-1733fd84d4f3","bbox":[-91.6754,41.2686,-91.6753,41.2705]},{"type":"Feature","geometry":{"coordinates":[[-91.6749,41.2794],[-91.6748,41.2813]],"type":"LineString"},"properties":{"lineWidth":3,"hideLine":false,"widthScale":"mtrs","stroke-width":2,"name":"LineString 691","id":"020dc012-6718-49ea-9b0b-57f135447b1e","isHidden":false,"distance":0.21143584069198232,"fill":"#000000","fill-opacity":0,"stroke":"#555555","stroke-opacity":1},"id":"020dc012-6718-49ea-9b0b-57f135447b1e","bbox":[-91.6749,41.2794,-91.6748,41.2813]},{"type":"Feature","geometry":{"coordinates":[[-91.6692,41.2748],[-91.6667,41.2747]],"type":"LineString"},"properties":{"lineWidth":3,"hideLine":false,"widthScale":"mtrs","stroke-width":2,"name":"LineString 690","id":"a19a6b8a-76c7-4530-83b3-5b069c1ae45b","isHidden":false,"distance":0.20921872165157163,"fill":"#000000","fill-opacity":0,"stroke":"#555555","stroke-opacity":1},"id":"a19a6b8a-76c7-4530-83b3-5b069c1ae45b","bbox":[-91.6692,41.2747,-91.6667,41.2748]},{"type":"Feature","geometry":{"coordinates":[[-92.4034,41.7456],[-92.4034,41.7464],[-92.4037,41.7472],[-92.4041,41.7479],[-92.4047,41.7486],[-92.4055,41.7491],[-92.4063,41.7496],[-92.4073,41.7499],[-92.4083,41.7501],[-92.4094,41.7502],[-92.4105,41.7501],[-92.4115,41.7499],[-92.4124,41.7495],[-92.4133,41.749],[-92.414,41.7484],[-92.4146,41.7478],[-92.415,41.747],[-92.4152,41.7462],[-92.4152,41.7454],[-92.415,41.7447],[-92.4147,41.7439],[-92.4142,41.7432],[-92.4135,41.7426],[-92.4127,41.7421],[-92.4118,41.7417],[-92.4108,41.7414],[-92.4097,41.7413],[-92.4086,41.7413],[-92.4076,41.7415],[-92.4066,41.7418],[-92.4057,41.7422],[-92.4049,41.7427],[-92.4043,41.7433],[-92.4038,41.7441],[-92.4035,41.7448],[-92.4034,41.7456]],"type":"LineString"},"properties":{"lineWidth":3,"hideLine":false,"widthScale":"mtrs","stroke-width":2,"name":"LineString 689","id":"57d1ce8f-c038-4b75-9e14-daf19129f8e1","isHidden":false,"distance":3.098628484092009,"fill":"#000000","fill-opacity":0,"stroke":"#555555","stroke-opacity":1},"id":"57d1ce8f-c038-4b75-9e14-daf19129f8e1","bbox":[-92.4152,41.7413,-92.4034,41.7502]},{"type":"Feature","geometry":{"coordinates":[[-92.4152,41.7458],[-92.4178,41.7459]],"type":"LineString"},"properties":{"lineWidth":3,"hideLine":false,"widthScale":"mtrs","stroke-width":2,"name":"LineString 688","id":"9e4ca010-293f-4f18-a952-d3630d8488bb","isHidden":false,"distance":0.2159909220382722,"fill":"#000000","fill-opacity":0,"stroke":"#555555","stroke-opacity":1},"id":"9e4ca010-293f-4f18-a952-d3630d8488bb","bbox":[-92.4178,41.7458,-92.4152,41.7459]},{"type":"Feature","geometry":{"coordinates":[[-92.4094,41.7413],[-92.4095,41.7394]],"type":"LineString"},"properties":{"lineWidth":3,"hideLine":false,"widthScale":"mtrs","stroke-width":2,"name":"LineString 687","id":"f3c3531b-3cf4-4a26-a895-93e91c037d93","isHidden":false,"distance":0.2114335106410432,"fill":"#000000","fill-opacity":0,"stroke":"#555555","stroke-opacity":1},"id":"f3c3531b-3cf4-4a26-a895-93e91c037d93","bbox":[-92.4095,41.7394,-92.4094,41.7413]},{"type":"Feature","geometry":{"coordinates":[[-92.4091,41.7502],[-92.4091,41.7521]],"type":"LineString"},"properties":{"lineWidth":3,"hideLine":false,"widthScale":"mtrs","stroke-width":2,"name":"LineString 686","id":"e3d907f2-293f-492c-bf4e-eae3412700be","isHidden":false,"distance":0.21127065244361512,"fill":"#000000","fill-opacity":0,"stroke":"#555555","stroke-opacity":1},"id":"e3d907f2-293f-492c-bf4e-eae3412700be","bbox":[-92.4091,41.7502,-92.4091,41.7521]},{"type":"Feature","geometry":{"coordinates":[[-92.4034,41.7456],[-92.4008,41.7456]],"type":"LineString"},"properties":{"lineWidth":3,"hideLine":false,"widthScale":"mtrs","stroke-width":2,"name":"LineString 685","id":"987e2781-dc7a-47d4-87cc-b9c5b78c9ef6","isHidden":false,"distance":0.21570534831882657,"fill":"#000000","fill-opacity":0,"stroke":"#555555","stroke-opacity":1},"id":"987e2781-dc7a-47d4-87cc-b9c5b78c9ef6","bbox":[-92.4034,41.7456,-92.4008,41.7456]},{"type":"Feature","geometry":{"coordinates":[[-92.2785,41.8786],[-92.2786,41.8794],[-92.2788,41.8802],[-92.2793,41.8809],[-92.2799,41.8815],[-92.2806,41.8821],[-92.2815,41.8826],[-92.2825,41.8829],[-92.2835,41.8831],[-92.2846,41.8832],[-92.2856,41.8831],[-92.2866,41.8829],[-92.2876,41.8825],[-92.2884,41.882],[-92.2892,41.8814],[-92.2897,41.8808],[-92.2901,41.88],[-92.2904,41.8792],[-92.2904,41.8784],[-92.2902,41.8777],[-92.2899,41.8769],[-92.2894,41.8762],[-92.2887,41.8756],[-92.2879,41.8751],[-92.287,41.8747],[-92.2859,41.8744],[-92.2849,41.8743],[-92.2838,41.8743],[-92.2828,41.8745],[-92.2818,41.8747],[-92.2809,41.8752],[-92.2801,41.8757],[-92.2794,41.8763],[-92.279,41.877],[-92.2786,41.8778],[-92.2785,41.8786]],"type":"LineString"},"properties":{"lineWidth":3,"hideLine":false,"widthScale":"mtrs","stroke-width":2,"name":"LineString 684","id":"7298d340-f6b0-4f91-9bf4-47f28ff52d3b","isHidden":false,"distance":3.09915116012025,"fill":"#000000","fill-opacity":0,"stroke":"#555555","stroke-opacity":1},"id":"7298d340-f6b0-4f91-9bf4-47f28ff52d3b","bbox":[-92.2904,41.8743,-92.2785,41.8832]},{"type":"Feature","geometry":{"coordinates":[[-92.2904,41.8788],[-92.293,41.8789]],"type":"LineString"},"properties":{"lineWidth":3,"hideLine":false,"widthScale":"mtrs","stroke-width":2,"name":"LineString 683","id":"d8b55c39-e590-4dd5-b7d8-1f06a32b032e","isHidden":false,"distance":0.21554409818840517,"fill":"#000000","fill-opacity":0,"stroke":"#555555","stroke-opacity":1},"id":"d8b55c39-e590-4dd5-b7d8-1f06a32b032e","bbox":[-92.293,41.8788,-92.2904,41.8789]},{"type":"Feature","geometry":{"coordinates":[[-92.2846,41.8743],[-92.2847,41.8724]],"type":"LineString"},"properties":{"lineWidth":3,"hideLine":false,"widthScale":"mtrs","stroke-width":2,"name":"LineString 682","id":"f52d6bde-592e-414b-988a-2d5de86706cf","isHidden":false,"distance":0.21143283612354846,"fill":"#000000","fill-opacity":0,"stroke":"#555555","stroke-opacity":1},"id":"f52d6bde-592e-414b-988a-2d5de86706cf","bbox":[-92.2847,41.8724,-92.2846,41.8743]},{"type":"Feature","geometry":{"coordinates":[[-92.2843,41.8832],[-92.2842,41.8851]],"type":"LineString"},"properties":{"lineWidth":3,"hideLine":false,"widthScale":"mtrs","stroke-width":2,"name":"LineString 681","id":"cc28c8c6-bb8b-48c1-9c35-170e58a765d2","isHidden":false,"distance":0.2114327813353384,"fill":"#000000","fill-opacity":0,"stroke":"#555555","stroke-opacity":1},"id":"cc28c8c6-bb8b-48c1-9c35-170e58a765d2","bbox":[-92.2843,41.8832,-92.2842,41.8851]},{"type":"Feature","geometry":{"coordinates":[[-92.2785,41.8786],[-92.2759,41.8785]],"type":"LineString"},"properties":{"lineWidth":3,"hideLine":false,"widthScale":"mtrs","stroke-width":2,"name":"LineString 680","id":"8d82764c-e3b1-46ba-a125-1ecbb8d100cd","isHidden":false,"distance":0.21554510736329427,"fill":"#000000","fill-opacity":0,"stroke":"#555555","stroke-opacity":1},"id":"8d82764c-e3b1-46ba-a125-1ecbb8d100cd","bbox":[-92.2785,41.8785,-92.2759,41.8786]},{"type":"Feature","geometry":{"coordinates":[[-92.542,41.988],[-92.542,41.9888],[-92.5423,41.9896],[-92.5427,41.9903],[-92.5433,41.991],[-92.5441,41.9916],[-92.545,41.992],[-92.5459,41.9923],[-92.547,41.9925],[-92.548,41.9926],[-92.5491,41.9925],[-92.5501,41.9923],[-92.5511,41.9919],[-92.5519,41.9914],[-92.5527,41.9909],[-92.5532,41.9902],[-92.5536,41.9894],[-92.5538,41.9887],[-92.5539,41.9879],[-92.5537,41.9871],[-92.5534,41.9863],[-92.5528,41.9856],[-92.5522,41.985],[-92.5513,41.9845],[-92.5504,41.9841],[-92.5494,41.9838],[-92.5483,41.9837],[-92.5473,41.9837],[-92.5462,41.9839],[-92.5452,41.9842],[-92.5443,41.9846],[-92.5435,41.9851],[-92.5429,41.9858],[-92.5424,41.9865],[-92.5421,41.9873],[-92.542,41.988]],"type":"LineString"},"properties":{"lineWidth":3,"hideLine":false,"widthScale":"mtrs","stroke-width":2,"name":"LineString 679","id":"ad254070-4df5-450e-b649-8a70aa651d0a","isHidden":false,"distance":3.100988872167638,"fill":"#000000","fill-opacity":0,"stroke":"#555555","stroke-opacity":1},"id":"ad254070-4df5-450e-b649-8a70aa651d0a","bbox":[-92.5539,41.9837,-92.542,41.9926]},{"type":"Feature","geometry":{"coordinates":[[-92.5539,41.9883],[-92.5565,41.9883]],"type":"LineString"},"properties":{"lineWidth":3,"hideLine":false,"widthScale":"mtrs","stroke-width":2,"name":"LineString 678","id":"02773018-305e-4747-bdf1-154bcd53e569","isHidden":false,"distance":0.21488802486652048,"fill":"#000000","fill-opacity":0,"stroke":"#555555","stroke-opacity":1},"id":"02773018-305e-4747-bdf1-154bcd53e569","bbox":[-92.5565,41.9883,-92.5539,41.9883]},{"type":"Feature","geometry":{"coordinates":[[-92.5481,41.9837],[-92.5481,41.9818]],"type":"LineString"},"properties":{"lineWidth":3,"hideLine":false,"widthScale":"mtrs","stroke-width":2,"name":"LineString 677","id":"cd467312-ab08-41ea-9855-23f785a27ee4","isHidden":false,"distance":0.21127065244361512,"fill":"#000000","fill-opacity":0,"stroke":"#555555","stroke-opacity":1},"id":"cd467312-ab08-41ea-9855-23f785a27ee4","bbox":[-92.5481,41.9818,-92.5481,41.9837]},{"type":"Feature","geometry":{"coordinates":[[-92.5478,41.9926],[-92.5477,41.9945]],"type":"LineString"},"properties":{"lineWidth":3,"hideLine":false,"widthScale":"mtrs","stroke-width":2,"name":"LineString 676","id":"6c7b61b5-69b8-498a-b385-e6547ea259e9","isHidden":false,"distance":0.21143222622441502,"fill":"#000000","fill-opacity":0,"stroke":"#555555","stroke-opacity":1},"id":"6c7b61b5-69b8-498a-b385-e6547ea259e9","bbox":[-92.5478,41.9926,-92.5477,41.9945]},{"type":"Feature","geometry":{"coordinates":[[-92.542,41.988],[-92.5394,41.988]],"type":"LineString"},"properties":{"lineWidth":3,"hideLine":false,"widthScale":"mtrs","stroke-width":2,"name":"LineString 675","id":"9e3600e2-e49a-4c2a-89af-5fa43ae52d9c","isHidden":false,"distance":0.21488903753819033,"fill":"#000000","fill-opacity":0,"stroke":"#555555","stroke-opacity":1},"id":"9e3600e2-e49a-4c2a-89af-5fa43ae52d9c","bbox":[-92.542,41.988,-92.5394,41.988]},{"type":"Feature","geometry":{"coordinates":[[-92.4506,42.2007],[-92.4507,42.2014],[-92.4509,42.2022],[-92.4514,42.2029],[-92.452,42.2036],[-92.4527,42.2042],[-92.4536,42.2046],[-92.4546,42.205],[-92.4556,42.2052],[-92.4567,42.2052],[-92.4578,42.2051],[-92.4588,42.2049],[-92.4598,42.2045],[-92.4606,42.2041],[-92.4613,42.2035],[-92.4619,42.2028],[-92.4623,42.2021],[-92.4625,42.2013],[-92.4626,42.2005],[-92.4624,42.1997],[-92.462,42.1989],[-92.4615,42.1983],[-92.4608,42.1976],[-92.46,42.1971],[-92.4591,42.1967],[-92.4581,42.1965],[-92.457,42.1963],[-92.4559,42.1963],[-92.4549,42.1965],[-92.4539,42.1968],[-92.453,42.1972],[-92.4522,42.1978],[-92.4515,42.1984],[-92.4511,42.1991],[-92.4507,42.1999],[-92.4506,42.2007]],"type":"LineString"},"properties":{"lineWidth":3,"hideLine":false,"widthScale":"mtrs","stroke-width":2,"name":"LineString 674","id":"0ffe3165-f356-4a42-9fcb-3f97e7dfeca8","isHidden":false,"distance":3.1014624756890266,"fill":"#000000","fill-opacity":0,"stroke":"#555555","stroke-opacity":1},"id":"0ffe3165-f356-4a42-9fcb-3f97e7dfeca8","bbox":[-92.4626,42.1963,-92.4506,42.2052]},{"type":"Feature","geometry":{"coordinates":[[-92.4626,42.2009],[-92.4652,42.2009]],"type":"LineString"},"properties":{"lineWidth":3,"hideLine":false,"widthScale":"mtrs","stroke-width":2,"name":"LineString 673","id":"6f3dd941-ad41-4c80-afdf-209d5b2ee0f6","isHidden":false,"distance":0.2141688984462935,"fill":"#000000","fill-opacity":0,"stroke":"#555555","stroke-opacity":1},"id":"6f3dd941-ad41-4c80-afdf-209d5b2ee0f6","bbox":[-92.4652,42.2009,-92.4626,42.2009]},{"type":"Feature","geometry":{"coordinates":[[-92.4568,42.1963],[-92.4568,42.1944]],"type":"LineString"},"properties":{"lineWidth":3,"hideLine":false,"widthScale":"mtrs","stroke-width":2,"name":"LineString 672","id":"6005bf4f-e678-4185-8000-e7c3f226b3f4","isHidden":false,"distance":0.21127065244361512,"fill":"#000000","fill-opacity":0,"stroke":"#555555","stroke-opacity":1},"id":"6005bf4f-e678-4185-8000-e7c3f226b3f4","bbox":[-92.4568,42.1944,-92.4568,42.1963]},{"type":"Feature","geometry":{"coordinates":[[-92.4564,42.2052],[-92.4564,42.2071]],"type":"LineString"},"properties":{"lineWidth":3,"hideLine":false,"widthScale":"mtrs","stroke-width":2,"name":"LineString 671","id":"6f6a0f49-1ee3-4799-95fd-f9717e63bd27","isHidden":false,"distance":0.21127065244361512,"fill":"#000000","fill-opacity":0,"stroke":"#555555","stroke-opacity":1},"id":"6f6a0f49-1ee3-4799-95fd-f9717e63bd27","bbox":[-92.4564,42.2052,-92.4564,42.2071]},{"type":"Feature","geometry":{"coordinates":[[-92.4506,42.2007],[-92.448,42.2006]],"type":"LineString"},"properties":{"lineWidth":3,"hideLine":false,"widthScale":"mtrs","stroke-width":2,"name":"LineString 670","id":"d1fb27b3-d6dd-4b31-97da-f38df4fdc8f5","isHidden":false,"distance":0.2144582091696877,"fill":"#000000","fill-opacity":0,"stroke":"#555555","stroke-opacity":1},"id":"d1fb27b3-d6dd-4b31-97da-f38df4fdc8f5","bbox":[-92.4506,42.2006,-92.448,42.2007]},{"type":"Feature","geometry":{"coordinates":[[-92.0198,42.2183],[-92.0199,42.2191],[-92.0202,42.2199],[-92.0206,42.2206],[-92.0212,42.2213],[-92.0219,42.2219],[-92.0228,42.2223],[-92.0238,42.2227],[-92.0248,42.2229],[-92.0259,42.2229],[-92.027,42.2228],[-92.028,42.2226],[-92.029,42.2223],[-92.0298,42.2218],[-92.0305,42.2212],[-92.0311,42.2205],[-92.0315,42.2198],[-92.0318,42.219],[-92.0318,42.2182],[-92.0316,42.2174],[-92.0313,42.2167],[-92.0308,42.216],[-92.0301,42.2154],[-92.0293,42.2149],[-92.0283,42.2145],[-92.0273,42.2142],[-92.0263,42.2141],[-92.0252,42.2141],[-92.0242,42.2142],[-92.0232,42.2145],[-92.0222,42.2149],[-92.0214,42.2155],[-92.0208,42.2161],[-92.0203,42.2168],[-92.02,42.2176],[-92.0198,42.2183]],"type":"LineString"},"properties":{"lineWidth":3,"hideLine":false,"widthScale":"mtrs","stroke-width":2,"name":"LineString 669","id":"a6bc6428-e53b-48a8-b470-1790cb1e72e3","isHidden":false,"distance":3.093192163973442,"fill":"#000000","fill-opacity":0,"stroke":"#555555","stroke-opacity":1},"id":"a6bc6428-e53b-48a8-b470-1790cb1e72e3","bbox":[-92.0318,42.2141,-92.0198,42.2229]},{"type":"Feature","geometry":{"coordinates":[[-92.0318,42.2186],[-92.0344,42.2187]],"type":"LineString"},"properties":{"lineWidth":3,"hideLine":false,"widthScale":"mtrs","stroke-width":2,"name":"LineString 668","id":"6e6e76e0-5c54-4bbd-ae18-442677847f91","isHidden":false,"distance":0.21439727044145873,"fill":"#000000","fill-opacity":0,"stroke":"#555555","stroke-opacity":1},"id":"6e6e76e0-5c54-4bbd-ae18-442677847f91","bbox":[-92.0344,42.2186,-92.0318,42.2187]},{"type":"Feature","geometry":{"coordinates":[[-92.026,42.214],[-92.0261,42.2121]],"type":"LineString"},"properties":{"lineWidth":3,"hideLine":false,"widthScale":"mtrs","stroke-width":2,"name":"LineString 667","id":"c172e59a-ea45-4228-9bfc-3eb2f3668ed9","isHidden":false,"distance":0.21143111178102705,"fill":"#000000","fill-opacity":0,"stroke":"#555555","stroke-opacity":1},"id":"c172e59a-ea45-4228-9bfc-3eb2f3668ed9","bbox":[-92.0261,42.2121,-92.026,42.214]},{"type":"Feature","geometry":{"coordinates":[[-92.0256,42.2229],[-92.0256,42.2248]],"type":"LineString"},"properties":{"lineWidth":3,"hideLine":false,"widthScale":"mtrs","stroke-width":2,"name":"LineString 666","id":"7fd83e4a-b8a9-413b-a7e9-85230477cfbc","isHidden":false,"distance":0.21127065244361512,"fill":"#000000","fill-opacity":0,"stroke":"#555555","stroke-opacity":1},"id":"7fd83e4a-b8a9-413b-a7e9-85230477cfbc","bbox":[-92.0256,42.2229,-92.0256,42.2248]},{"type":"Feature","geometry":{"coordinates":[[-92.0198,42.2183],[-92.0173,42.2183]],"type":"LineString"},"properties":{"lineWidth":3,"hideLine":false,"widthScale":"mtrs","stroke-width":2,"name":"LineString 665","id":"ad5c7077-6b56-493b-a5d7-697a7d41a6ef","isHidden":false,"distance":0.20587491509766928,"fill":"#000000","fill-opacity":0,"stroke":"#555555","stroke-opacity":1},"id":"ad5c7077-6b56-493b-a5d7-697a7d41a6ef","bbox":[-92.0198,42.2183,-92.0173,42.2183]},{"type":"Feature","geometry":{"coordinates":[[-91.9416,42.4567],[-91.9417,42.4575],[-91.9419,42.4583],[-91.9424,42.459],[-91.943,42.4596],[-91.9437,42.4602],[-91.9446,42.4607],[-91.9456,42.461],[-91.9466,42.4612],[-91.9477,42.4613],[-91.9488,42.4612],[-91.9498,42.461],[-91.9508,42.4606],[-91.9516,42.4601],[-91.9524,42.4596],[-91.9529,42.4589],[-91.9534,42.4581],[-91.9536,42.4574],[-91.9536,42.4566],[-91.9535,42.4558],[-91.9531,42.455],[-91.9526,42.4543],[-91.9519,42.4537],[-91.9511,42.4532],[-91.9502,42.4528],[-91.9491,42.4525],[-91.9481,42.4524],[-91.947,42.4524],[-91.946,42.4526],[-91.945,42.4528],[-91.944,42.4533],[-91.9432,42.4538],[-91.9426,42.4544],[-91.9421,42.4551],[-91.9418,42.4559],[-91.9416,42.4567]],"type":"LineString"},"properties":{"lineWidth":3,"hideLine":false,"widthScale":"mtrs","stroke-width":2,"name":"LineString 664","id":"bd8f944c-d9aa-4900-9825-eace65dcb9f3","isHidden":false,"distance":3.101714468461289,"fill":"#000000","fill-opacity":0,"stroke":"#555555","stroke-opacity":1},"id":"bd8f944c-d9aa-4900-9825-eace65dcb9f3","bbox":[-91.9536,42.4524,-91.9416,42.4613]},{"type":"Feature","geometry":{"coordinates":[[-91.9536,42.457],[-91.9562,42.457]],"type":"LineString"},"properties":{"lineWidth":3,"hideLine":false,"widthScale":"mtrs","stroke-width":2,"name":"LineString 663","id":"c0f26013-5b91-4729-950e-5e4df5fb03e9","isHidden":false,"distance":0.2132987172782537,"fill":"#000000","fill-opacity":0,"stroke":"#555555","stroke-opacity":1},"id":"c0f26013-5b91-4729-950e-5e4df5fb03e9","bbox":[-91.9562,42.457,-91.9536,42.457]},{"type":"Feature","geometry":{"coordinates":[[-91.9478,42.4524],[-91.9479,42.4505]],"type":"LineString"},"properties":{"lineWidth":3,"hideLine":false,"widthScale":"mtrs","stroke-width":2,"name":"LineString 662","id":"4a17a5d3-11d4-4baa-b3d9-8e33f904613b","isHidden":false,"distance":0.2114299004297572,"fill":"#000000","fill-opacity":0,"stroke":"#555555","stroke-opacity":1},"id":"4a17a5d3-11d4-4baa-b3d9-8e33f904613b","bbox":[-91.9479,42.4505,-91.9478,42.4524]},{"type":"Feature","geometry":{"coordinates":[[-91.9474,42.4613],[-91.9473,42.4632]],"type":"LineString"},"properties":{"lineWidth":3,"hideLine":false,"widthScale":"mtrs","stroke-width":2,"name":"LineString 661","id":"7700844f-698e-4dbd-97fd-7eeafcaa9b42","isHidden":false,"distance":0.21142984553101163,"fill":"#000000","fill-opacity":0,"stroke":"#555555","stroke-opacity":1},"id":"7700844f-698e-4dbd-97fd-7eeafcaa9b42","bbox":[-91.9474,42.4613,-91.9473,42.4632]},{"type":"Feature","geometry":{"coordinates":[[-91.9416,42.4567],[-91.939,42.4566]],"type":"LineString"},"properties":{"lineWidth":3,"hideLine":false,"widthScale":"mtrs","stroke-width":2,"name":"LineString 660","id":"97b22c68-c453-477e-ad52-304fd945f78e","isHidden":false,"distance":0.21358954754384943,"fill":"#000000","fill-opacity":0,"stroke":"#555555","stroke-opacity":1},"id":"97b22c68-c453-477e-ad52-304fd945f78e","bbox":[-91.9416,42.4566,-91.939,42.4567]},{"type":"Feature","geometry":{"coordinates":[[-91.4918,42.4902],[-91.4919,42.491],[-91.4921,42.4918],[-91.4926,42.4925],[-91.4932,42.4932],[-91.4939,42.4938],[-91.4948,42.4942],[-91.4957,42.4946],[-91.4968,42.4948],[-91.4979,42.4949],[-91.4989,42.4948],[-91.5,42.4946],[-91.5009,42.4942],[-91.5018,42.4937],[-91.5025,42.4932],[-91.5031,42.4925],[-91.5035,42.4917],[-91.5038,42.491],[-91.5038,42.4902],[-91.5037,42.4894],[-91.5033,42.4886],[-91.5028,42.4879],[-91.5021,42.4873],[-91.5013,42.4868],[-91.5004,42.4864],[-91.4994,42.4861],[-91.4983,42.486],[-91.4972,42.486],[-91.4962,42.4861],[-91.4952,42.4864],[-91.4943,42.4868],[-91.4934,42.4874],[-91.4928,42.488],[-91.4923,42.4887],[-91.492,42.4894],[-91.4918,42.4902]],"type":"LineString"},"properties":{"lineWidth":3,"hideLine":false,"widthScale":"mtrs","stroke-width":2,"name":"LineString 659","id":"7c1beebc-4ba9-45f0-96c1-eb2f3931b29c","isHidden":false,"distance":3.0972570696420196,"fill":"#000000","fill-opacity":0,"stroke":"#555555","stroke-opacity":1},"id":"7c1beebc-4ba9-45f0-96c1-eb2f3931b29c","bbox":[-91.5038,42.486,-91.4918,42.4949]},{"type":"Feature","geometry":{"coordinates":[[-91.5038,42.4906],[-91.5064,42.4906]],"type":"LineString"},"properties":{"lineWidth":3,"hideLine":false,"widthScale":"mtrs","stroke-width":2,"name":"LineString 658","id":"28c7e141-09d4-459a-ad52-1b2c58d95728","isHidden":false,"distance":0.21318423399393058,"fill":"#000000","fill-opacity":0,"stroke":"#555555","stroke-opacity":1},"id":"28c7e141-09d4-459a-ad52-1b2c58d95728","bbox":[-91.5064,42.4906,-91.5038,42.4906]},{"type":"Feature","geometry":{"coordinates":[[-91.498,42.486],[-91.4981,42.484]],"type":"LineString"},"properties":{"lineWidth":3,"hideLine":false,"widthScale":"mtrs","stroke-width":2,"name":"LineString 657","id":"0a99350f-e808-44d0-83e8-eb63dc6e4b2a","isHidden":false,"distance":0.22254128957620956,"fill":"#000000","fill-opacity":0,"stroke":"#555555","stroke-opacity":1},"id":"0a99350f-e808-44d0-83e8-eb63dc6e4b2a","bbox":[-91.4981,42.484,-91.498,42.486]},{"type":"Feature","geometry":{"coordinates":[[-91.4976,42.4948],[-91.4975,42.4968]],"type":"LineString"},"properties":{"lineWidth":3,"hideLine":false,"widthScale":"mtrs","stroke-width":2,"name":"LineString 656","id":"e0d1b89e-2761-45b4-a75e-9d50e9b4ad0c","isHidden":false,"distance":0.22254123741396653,"fill":"#000000","fill-opacity":0,"stroke":"#555555","stroke-opacity":1},"id":"e0d1b89e-2761-45b4-a75e-9d50e9b4ad0c","bbox":[-91.4976,42.4948,-91.4975,42.4968]},{"type":"Feature","geometry":{"coordinates":[[-91.4918,42.4902],[-91.4892,42.4902]],"type":"LineString"},"properties":{"lineWidth":3,"hideLine":false,"widthScale":"mtrs","stroke-width":2,"name":"LineString 655","id":"d90e2118-b384-49a3-b527-9fa908b36b1e","isHidden":false,"distance":0.21318559732144982,"fill":"#000000","fill-opacity":0,"stroke":"#555555","stroke-opacity":1},"id":"d90e2118-b384-49a3-b527-9fa908b36b1e","bbox":[-91.4918,42.4902,-91.4892,42.4902]},{"type":"Feature","geometry":{"coordinates":[[-91.5744,41.7829],[-91.5744,41.783],[-91.5744,41.7831],[-91.5745,41.7832],[-91.5746,41.7833],[-91.5747,41.7834],[-91.5749,41.7835],[-91.575,41.7836],[-91.5752,41.7836],[-91.5753,41.7836],[-91.5755,41.7836],[-91.5757,41.7836],[-91.5758,41.7835],[-91.576,41.7834],[-91.5761,41.7833],[-91.5762,41.7832],[-91.5762,41.7831],[-91.5763,41.783],[-91.5763,41.7829],[-91.5763,41.7827],[-91.5762,41.7826],[-91.5761,41.7825],[-91.576,41.7824],[-91.5759,41.7823],[-91.5757,41.7823],[-91.5756,41.7822],[-91.5754,41.7822],[-91.5752,41.7822],[-91.5751,41.7822],[-91.5749,41.7823],[-91.5748,41.7823],[-91.5746,41.7824],[-91.5745,41.7825],[-91.5745,41.7826],[-91.5744,41.7827],[-91.5744,41.7829]],"type":"LineString"},"properties":{"lineWidth":3,"hideLine":false,"widthScale":"mtrs","stroke-width":2,"name":"LineString 654","id":"d2feaeb1-b1d5-41d8-8584-30171d942274","isHidden":false,"distance":0.5123714973543643,"fill":"#000000","fill-opacity":0,"stroke":"#555555","stroke-opacity":1},"id":"d2feaeb1-b1d5-41d8-8584-30171d942274","bbox":[-91.5763,41.7822,-91.5744,41.7836]},{"type":"Feature","geometry":{"coordinates":[[-91.5748,41.7834],[-91.5748,41.7824]],"type":"LineString"},"properties":{"lineWidth":3,"hideLine":false,"widthScale":"mtrs","stroke-width":2,"name":"LineString 653","id":"b8eb7320-007e-4cf7-b23e-7016ba8e0c11","isHidden":false,"distance":0.11119508023327375,"fill":"#000000","fill-opacity":0,"stroke":"#555555","stroke-opacity":1},"id":"b8eb7320-007e-4cf7-b23e-7016ba8e0c11","bbox":[-91.5748,41.7824,-91.5748,41.7834]},{"type":"Feature","geometry":{"coordinates":[[-91.5751,41.7836],[-91.5752,41.7822]],"type":"LineString"},"properties":{"lineWidth":3,"hideLine":false,"widthScale":"mtrs","stroke-width":2,"name":"LineString 652","id":"5a8cd6f3-d3f9-48b0-bbd5-92ab75d6adcd","isHidden":false,"distance":0.1558937699308855,"fill":"#000000","fill-opacity":0,"stroke":"#555555","stroke-opacity":1},"id":"5a8cd6f3-d3f9-48b0-bbd5-92ab75d6adcd","bbox":[-91.5752,41.7822,-91.5751,41.7836]},{"type":"Feature","geometry":{"coordinates":[[-91.5755,41.7836],[-91.5755,41.7822]],"type":"LineString"},"properties":{"lineWidth":3,"hideLine":false,"widthScale":"mtrs","stroke-width":2,"name":"LineString 651","id":"f1b03747-6d1a-4fe8-be6a-8d38ba7a3e8f","isHidden":false,"distance":0.1556731123265833,"fill":"#000000","fill-opacity":0,"stroke":"#555555","stroke-opacity":1},"id":"f1b03747-6d1a-4fe8-be6a-8d38ba7a3e8f","bbox":[-91.5755,41.7822,-91.5755,41.7836]},{"type":"Feature","geometry":{"coordinates":[[-91.5759,41.7834],[-91.5759,41.7824]],"type":"LineString"},"properties":{"lineWidth":3,"hideLine":false,"widthScale":"mtrs","stroke-width":2,"name":"LineString 650","id":"a102a2f1-12b8-4054-9885-08689cb14b4b","isHidden":false,"distance":0.11119508023327375,"fill":"#000000","fill-opacity":0,"stroke":"#555555","stroke-opacity":1},"id":"a102a2f1-12b8-4054-9885-08689cb14b4b","bbox":[-91.5759,41.7824,-91.5759,41.7834]},{"type":"Feature","geometry":{"coordinates":[[-91.5589,41.7709],[-91.5589,41.771],[-91.559,41.7711],[-91.559,41.7712],[-91.5591,41.7713],[-91.5592,41.7714],[-91.5594,41.7715],[-91.5595,41.7716],[-91.5597,41.7716],[-91.5599,41.7716],[-91.56,41.7716],[-91.5602,41.7716],[-91.5604,41.7715],[-91.5605,41.7714],[-91.5606,41.7713],[-91.5607,41.7712],[-91.5608,41.7711],[-91.5608,41.771],[-91.5608,41.7709],[-91.5608,41.7707],[-91.5607,41.7706],[-91.5607,41.7705],[-91.5606,41.7704],[-91.5604,41.7703],[-91.5603,41.7703],[-91.5601,41.7702],[-91.5599,41.7702],[-91.5598,41.7702],[-91.5596,41.7702],[-91.5594,41.7703],[-91.5593,41.7703],[-91.5592,41.7704],[-91.5591,41.7705],[-91.559,41.7706],[-91.5589,41.7707],[-91.5589,41.7709]],"type":"LineString"},"properties":{"lineWidth":3,"hideLine":false,"widthScale":"mtrs","stroke-width":2,"name":"LineString 649","id":"8ac2ebe9-85b2-4243-b239-8fa2de3ae729","isHidden":false,"distance":0.5102229873123115,"fill":"#000000","fill-opacity":0,"stroke":"#555555","stroke-opacity":1},"id":"8ac2ebe9-85b2-4243-b239-8fa2de3ae729","bbox":[-91.5608,41.7702,-91.5589,41.7716]},{"type":"Feature","geometry":{"coordinates":[[-91.5593,41.7714],[-91.5593,41.7703]],"type":"LineString"},"properties":{"lineWidth":3,"hideLine":false,"widthScale":"mtrs","stroke-width":2,"name":"LineString 648","id":"06612db5-e7b6-4456-a4da-d5f843aa75ed","isHidden":false,"distance":0.12231458825699618,"fill":"#000000","fill-opacity":0,"stroke":"#555555","stroke-opacity":1},"id":"06612db5-e7b6-4456-a4da-d5f843aa75ed","bbox":[-91.5593,41.7703,-91.5593,41.7714]},{"type":"Feature","geometry":{"coordinates":[[-91.5597,41.7715],[-91.5597,41.7702]],"type":"LineString"},"properties":{"lineWidth":3,"hideLine":false,"widthScale":"mtrs","stroke-width":2,"name":"LineString 647","id":"2495bf9d-0e83-4d07-aa8a-44d1660133fa","isHidden":false,"distance":0.1445536043036509,"fill":"#000000","fill-opacity":0,"stroke":"#555555","stroke-opacity":1},"id":"2495bf9d-0e83-4d07-aa8a-44d1660133fa","bbox":[-91.5597,41.7702,-91.5597,41.7715]},{"type":"Feature","geometry":{"coordinates":[[-91.56,41.7716],[-91.5601,41.7702]],"type":"LineString"},"properties":{"lineWidth":3,"hideLine":false,"widthScale":"mtrs","stroke-width":2,"name":"LineString 646","id":"c45dcd67-d1ad-4d0e-8008-63df1b3a089a","isHidden":false,"distance":0.15589385246182041,"fill":"#000000","fill-opacity":0,"stroke":"#555555","stroke-opacity":1},"id":"c45dcd67-d1ad-4d0e-8008-63df1b3a089a","bbox":[-91.5601,41.7702,-91.56,41.7716]},{"type":"Feature","geometry":{"coordinates":[[-91.5604,41.7714],[-91.5604,41.7704]],"type":"LineString"},"properties":{"lineWidth":3,"hideLine":false,"widthScale":"mtrs","stroke-width":2,"name":"LineString 645","id":"0cf5cdb5-7560-4e8b-b8df-9dc77476448a","isHidden":false,"distance":0.11119508023327375,"fill":"#000000","fill-opacity":0,"stroke":"#555555","stroke-opacity":1},"id":"0cf5cdb5-7560-4e8b-b8df-9dc77476448a","bbox":[-91.5604,41.7704,-91.5604,41.7714]},{"type":"Feature","geometry":{"coordinates":[[-91.5435,41.7589],[-91.5435,41.759],[-91.5435,41.7591],[-91.5436,41.7592],[-91.5437,41.7593],[-91.5438,41.7594],[-91.5439,41.7595],[-91.5441,41.7596],[-91.5442,41.7596],[-91.5444,41.7596],[-91.5446,41.7596],[-91.5448,41.7596],[-91.5449,41.7595],[-91.545,41.7594],[-91.5452,41.7593],[-91.5453,41.7592],[-91.5453,41.7591],[-91.5454,41.759],[-91.5454,41.7589],[-91.5453,41.7587],[-91.5453,41.7586],[-91.5452,41.7585],[-91.5451,41.7584],[-91.545,41.7583],[-91.5448,41.7582],[-91.5447,41.7582],[-91.5445,41.7582],[-91.5443,41.7582],[-91.5442,41.7582],[-91.544,41.7583],[-91.5438,41.7583],[-91.5437,41.7584],[-91.5436,41.7585],[-91.5435,41.7586],[-91.5435,41.7587],[-91.5435,41.7589]],"type":"LineString"},"properties":{"lineWidth":3,"hideLine":false,"widthScale":"mtrs","stroke-width":2,"name":"LineString 644","id":"581f6cfe-82af-4560-a3ef-0098f41745cf","isHidden":false,"distance":0.5112100749907913,"fill":"#000000","fill-opacity":0,"stroke":"#555555","stroke-opacity":1},"id":"581f6cfe-82af-4560-a3ef-0098f41745cf","bbox":[-91.5454,41.7582,-91.5435,41.7596]},{"type":"Feature","geometry":{"coordinates":[[-91.5438,41.7594],[-91.5439,41.7583]],"type":"LineString"},"properties":{"lineWidth":3,"hideLine":false,"widthScale":"mtrs","stroke-width":2,"name":"LineString 643","id":"10c840d6-388b-4701-a5d0-f5d77c623574","isHidden":false,"distance":0.12259551244845798,"fill":"#000000","fill-opacity":0,"stroke":"#555555","stroke-opacity":1},"id":"10c840d6-388b-4701-a5d0-f5d77c623574","bbox":[-91.5439,41.7583,-91.5438,41.7594]},{"type":"Feature","geometry":{"coordinates":[[-91.5442,41.7595],[-91.5443,41.7582]],"type":"LineString"},"properties":{"lineWidth":3,"hideLine":false,"widthScale":"mtrs","stroke-width":2,"name":"LineString 642","id":"6f64d0fd-1fd2-40f6-8831-cff48aeefa34","isHidden":false,"distance":0.1447913867922216,"fill":"#000000","fill-opacity":0,"stroke":"#555555","stroke-opacity":1},"id":"6f64d0fd-1fd2-40f6-8831-cff48aeefa34","bbox":[-91.5443,41.7582,-91.5442,41.7595]},{"type":"Feature","geometry":{"coordinates":[[-91.5446,41.7596],[-91.5446,41.7582]],"type":"LineString"},"properties":{"lineWidth":3,"hideLine":false,"widthScale":"mtrs","stroke-width":2,"name":"LineString 641","id":"e053cf22-c58d-4d0a-8484-d657d44e2a76","isHidden":false,"distance":0.1556731123265833,"fill":"#000000","fill-opacity":0,"stroke":"#555555","stroke-opacity":1},"id":"e053cf22-c58d-4d0a-8484-d657d44e2a76","bbox":[-91.5446,41.7582,-91.5446,41.7596]},{"type":"Feature","geometry":{"coordinates":[[-91.5449,41.7594],[-91.545,41.7584]],"type":"LineString"},"properties":{"lineWidth":3,"hideLine":false,"widthScale":"mtrs","stroke-width":2,"name":"LineString 640","id":"f980af0f-3765-4990-b2a6-8bbb3e4832c1","isHidden":false,"distance":0.11150402204816216,"fill":"#000000","fill-opacity":0,"stroke":"#555555","stroke-opacity":1},"id":"f980af0f-3765-4990-b2a6-8bbb3e4832c1","bbox":[-91.545,41.7584,-91.5449,41.7594]},{"type":"Feature","geometry":{"coordinates":[[-91.5899,41.7949],[-91.5899,41.795],[-91.5899,41.7951],[-91.59,41.7952],[-91.5901,41.7953],[-91.5902,41.7954],[-91.5903,41.7955],[-91.5905,41.7956],[-91.5906,41.7956],[-91.5908,41.7956],[-91.591,41.7956],[-91.5911,41.7956],[-91.5913,41.7955],[-91.5914,41.7954],[-91.5916,41.7953],[-91.5916,41.7952],[-91.5917,41.7951],[-91.5917,41.795],[-91.5918,41.7949],[-91.5917,41.7947],[-91.5917,41.7946],[-91.5916,41.7945],[-91.5915,41.7944],[-91.5914,41.7943],[-91.5912,41.7943],[-91.591,41.7942],[-91.5909,41.7942],[-91.5907,41.7942],[-91.5905,41.7942],[-91.5904,41.7943],[-91.5902,41.7943],[-91.5901,41.7944],[-91.59,41.7945],[-91.5899,41.7946],[-91.5899,41.7947],[-91.5899,41.7949]],"type":"LineString"},"properties":{"lineWidth":3,"hideLine":false,"widthScale":"mtrs","stroke-width":2,"name":"LineString 639","id":"67d2ed5f-7bdd-4d17-ac62-be4558650462","isHidden":false,"distance":0.5110687342606858,"fill":"#000000","fill-opacity":0,"stroke":"#555555","stroke-opacity":1},"id":"67d2ed5f-7bdd-4d17-ac62-be4558650462","bbox":[-91.5918,41.7942,-91.5899,41.7956]},{"type":"Feature","geometry":{"coordinates":[[-91.5902,41.7954],[-91.5903,41.7944]],"type":"LineString"},"properties":{"lineWidth":3,"hideLine":false,"widthScale":"mtrs","stroke-width":2,"name":"LineString 638","id":"c3c317c5-6206-4bc0-b284-48bd9913f3ba","isHidden":false,"distance":0.11150367588832337,"fill":"#000000","fill-opacity":0,"stroke":"#555555","stroke-opacity":1},"id":"c3c317c5-6206-4bc0-b284-48bd9913f3ba","bbox":[-91.5903,41.7944,-91.5902,41.7954]},{"type":"Feature","geometry":{"coordinates":[[-91.5906,41.7956],[-91.5907,41.7942]],"type":"LineString"},"properties":{"lineWidth":3,"hideLine":false,"widthScale":"mtrs","stroke-width":2,"name":"LineString 637","id":"17e8245f-67be-4cc8-a2f1-cda746ab8ddc","isHidden":false,"distance":0.15589368739692247,"fill":"#000000","fill-opacity":0,"stroke":"#555555","stroke-opacity":1},"id":"17e8245f-67be-4cc8-a2f1-cda746ab8ddc","bbox":[-91.5907,41.7942,-91.5906,41.7956]},{"type":"Feature","geometry":{"coordinates":[[-91.591,41.7956],[-91.591,41.7942]],"type":"LineString"},"properties":{"lineWidth":3,"hideLine":false,"widthScale":"mtrs","stroke-width":2,"name":"LineString 636","id":"25cfb26b-a845-4eed-94a6-e78d4abde078","isHidden":false,"distance":0.15567311232737338,"fill":"#000000","fill-opacity":0,"stroke":"#555555","stroke-opacity":1},"id":"25cfb26b-a845-4eed-94a6-e78d4abde078","bbox":[-91.591,41.7942,-91.591,41.7956]},{"type":"Feature","geometry":{"coordinates":[[-91.5913,41.7954],[-91.5914,41.7944]],"type":"LineString"},"properties":{"lineWidth":3,"hideLine":false,"widthScale":"mtrs","stroke-width":2,"name":"LineString 635","id":"c0a0e9b7-54d1-4c18-8e96-d2e6a8baf792","isHidden":false,"distance":0.11150367588823577,"fill":"#000000","fill-opacity":0,"stroke":"#555555","stroke-opacity":1},"id":"c0a0e9b7-54d1-4c18-8e96-d2e6a8baf792","bbox":[-91.5914,41.7944,-91.5913,41.7954]},{"type":"Feature","geometry":{"coordinates":[[-91.6053,41.8069],[-91.6053,41.807],[-91.6054,41.8071],[-91.6054,41.8072],[-91.6055,41.8073],[-91.6057,41.8074],[-91.6058,41.8075],[-91.606,41.8076],[-91.6061,41.8076],[-91.6063,41.8076],[-91.6065,41.8076],[-91.6066,41.8076],[-91.6068,41.8075],[-91.6069,41.8074],[-91.607,41.8073],[-91.6071,41.8072],[-91.6072,41.8071],[-91.6072,41.807],[-91.6072,41.8069],[-91.6072,41.8067],[-91.6072,41.8066],[-91.6071,41.8065],[-91.607,41.8064],[-91.6068,41.8063],[-91.6067,41.8063],[-91.6065,41.8062],[-91.6064,41.8062],[-91.6062,41.8062],[-91.606,41.8062],[-91.6059,41.8063],[-91.6057,41.8063],[-91.6056,41.8064],[-91.6055,41.8065],[-91.6054,41.8066],[-91.6053,41.8067],[-91.6053,41.8069]],"type":"LineString"},"properties":{"lineWidth":3,"hideLine":false,"widthScale":"mtrs","stroke-width":2,"name":"LineString 634","id":"4e1aa54f-c03a-42ae-8668-5673c9ad3767","isHidden":false,"distance":0.5100801876365016,"fill":"#000000","fill-opacity":0,"stroke":"#555555","stroke-opacity":1},"id":"4e1aa54f-c03a-42ae-8668-5673c9ad3767","bbox":[-91.6072,41.8062,-91.6053,41.8076]},{"type":"Feature","geometry":{"coordinates":[[-91.6057,41.8074],[-91.6058,41.8063]],"type":"LineString"},"properties":{"lineWidth":3,"hideLine":false,"widthScale":"mtrs","stroke-width":2,"name":"LineString 633","id":"44c34b2a-bda7-421f-ba3c-c3af0bb40593","isHidden":false,"distance":0.12259509264933899,"fill":"#000000","fill-opacity":0,"stroke":"#555555","stroke-opacity":1},"id":"44c34b2a-bda7-421f-ba3c-c3af0bb40593","bbox":[-91.6058,41.8063,-91.6057,41.8074]},{"type":"Feature","geometry":{"coordinates":[[-91.6061,41.8075],[-91.6061,41.8062]],"type":"LineString"},"properties":{"lineWidth":3,"hideLine":false,"widthScale":"mtrs","stroke-width":2,"name":"LineString 632","id":"a708d56e-f197-4d98-8f54-b8fe61b33b83","isHidden":false,"distance":0.1445536043036509,"fill":"#000000","fill-opacity":0,"stroke":"#555555","stroke-opacity":1},"id":"a708d56e-f197-4d98-8f54-b8fe61b33b83","bbox":[-91.6061,41.8062,-91.6061,41.8075]},{"type":"Feature","geometry":{"coordinates":[[-91.6064,41.8076],[-91.6065,41.8062]],"type":"LineString"},"properties":{"lineWidth":3,"hideLine":false,"widthScale":"mtrs","stroke-width":2,"name":"LineString 631","id":"b83017d6-14d1-4e67-890a-7785723ef793","isHidden":false,"distance":0.15589360485817993,"fill":"#000000","fill-opacity":0,"stroke":"#555555","stroke-opacity":1},"id":"b83017d6-14d1-4e67-890a-7785723ef793","bbox":[-91.6065,41.8062,-91.6064,41.8076]},{"type":"Feature","geometry":{"coordinates":[[-91.6068,41.8074],[-91.6069,41.8064]],"type":"LineString"},"properties":{"lineWidth":3,"hideLine":false,"widthScale":"mtrs","stroke-width":2,"name":"LineString 630","id":"fc1867ea-c626-496b-b30d-4c5a2d4a864a","isHidden":false,"distance":0.1115035604912839,"fill":"#000000","fill-opacity":0,"stroke":"#555555","stroke-opacity":1},"id":"fc1867ea-c626-496b-b30d-4c5a2d4a864a","bbox":[-91.6069,41.8064,-91.6068,41.8074]},{"type":"Feature","geometry":{"coordinates":[[-91.1389,41.8761],[-91.1389,41.8762],[-91.139,41.8763],[-91.139,41.8764],[-91.1391,41.8765],[-91.1392,41.8766],[-91.1394,41.8767],[-91.1395,41.8768],[-91.1397,41.8768],[-91.1399,41.8768],[-91.14,41.8768],[-91.1402,41.8768],[-91.1404,41.8767],[-91.1405,41.8766],[-91.1406,41.8765],[-91.1407,41.8764],[-91.1408,41.8763],[-91.1408,41.8762],[-91.1408,41.8761],[-91.1408,41.8759],[-91.1407,41.8758],[-91.1407,41.8757],[-91.1406,41.8756],[-91.1404,41.8755],[-91.1403,41.8755],[-91.1401,41.8754],[-91.14,41.8754],[-91.1398,41.8754],[-91.1396,41.8754],[-91.1395,41.8755],[-91.1393,41.8755],[-91.1392,41.8756],[-91.1391,41.8757],[-91.139,41.8758],[-91.1389,41.8759],[-91.1389,41.8761]],"type":"LineString"},"properties":{"lineWidth":3,"hideLine":false,"widthScale":"mtrs","stroke-width":2,"name":"LineString 629","id":"12b15ac9-9c0f-4c43-8705-3aae955e681e","isHidden":false,"distance":0.5120022939363389,"fill":"#000000","fill-opacity":0,"stroke":"#555555","stroke-opacity":1},"id":"12b15ac9-9c0f-4c43-8705-3aae955e681e","bbox":[-91.1408,41.8754,-91.1389,41.8768]},{"type":"Feature","geometry":{"coordinates":[[-91.1393,41.8766],[-91.1393,41.8756]],"type":"LineString"},"properties":{"lineWidth":3,"hideLine":false,"widthScale":"mtrs","stroke-width":2,"name":"LineString 628","id":"c97ae8d9-95d5-4c90-bcec-ec89fef90227","isHidden":false,"distance":0.11119508023406385,"fill":"#000000","fill-opacity":0,"stroke":"#555555","stroke-opacity":1},"id":"c97ae8d9-95d5-4c90-bcec-ec89fef90227","bbox":[-91.1393,41.8756,-91.1393,41.8766]},{"type":"Feature","geometry":{"coordinates":[[-91.1396,41.8768],[-91.1397,41.8754]],"type":"LineString"},"properties":{"lineWidth":3,"hideLine":false,"widthScale":"mtrs","stroke-width":2,"name":"LineString 627","id":"62851997-4112-4916-b048-819cf6abf56a","isHidden":false,"distance":0.15589312880886028,"fill":"#000000","fill-opacity":0,"stroke":"#555555","stroke-opacity":1},"id":"62851997-4112-4916-b048-819cf6abf56a","bbox":[-91.1397,41.8754,-91.1396,41.8768]},{"type":"Feature","geometry":{"coordinates":[[-91.14,41.8768],[-91.1401,41.8755]],"type":"LineString"},"properties":{"lineWidth":3,"hideLine":false,"widthScale":"mtrs","stroke-width":2,"name":"LineString 626","id":"bdd3ea7d-2975-4dc4-ab85-7015f5c2f44e","isHidden":false,"distance":0.14479051805296012,"fill":"#000000","fill-opacity":0,"stroke":"#555555","stroke-opacity":1},"id":"bdd3ea7d-2975-4dc4-ab85-7015f5c2f44e","bbox":[-91.1401,41.8755,-91.14,41.8768]},{"type":"Feature","geometry":{"coordinates":[[-91.1404,41.8767],[-91.1404,41.8756]],"type":"LineString"},"properties":{"lineWidth":3,"hideLine":false,"widthScale":"mtrs","stroke-width":2,"name":"LineString 625","id":"da219754-f043-487a-9351-170f0b78462c","isHidden":false,"distance":0.12231458825699618,"fill":"#000000","fill-opacity":0,"stroke":"#555555","stroke-opacity":1},"id":"da219754-f043-487a-9351-170f0b78462c","bbox":[-91.1404,41.8756,-91.1404,41.8767]},{"type":"Feature","geometry":{"coordinates":[[-91.1835,41.8768],[-91.1835,41.8769],[-91.1836,41.8771],[-91.1836,41.8772],[-91.1837,41.8773],[-91.1839,41.8774],[-91.184,41.8775],[-91.1841,41.8775],[-91.1843,41.8776],[-91.1845,41.8776],[-91.1847,41.8776],[-91.1848,41.8775],[-91.185,41.8775],[-91.1851,41.8774],[-91.1852,41.8773],[-91.1853,41.8772],[-91.1854,41.8771],[-91.1854,41.8769],[-91.1854,41.8768],[-91.1854,41.8767],[-91.1854,41.8766],[-91.1853,41.8765],[-91.1852,41.8764],[-91.185,41.8763],[-91.1849,41.8762],[-91.1847,41.8762],[-91.1846,41.8761],[-91.1844,41.8761],[-91.1842,41.8762],[-91.1841,41.8762],[-91.1839,41.8763],[-91.1838,41.8764],[-91.1837,41.8765],[-91.1836,41.8766],[-91.1835,41.8767],[-91.1835,41.8768]],"type":"LineString"},"properties":{"lineWidth":3,"hideLine":false,"widthScale":"mtrs","stroke-width":2,"name":"LineString 624","id":"5ffc0296-ee03-46a5-9f3f-622bc10bd9b6","isHidden":false,"distance":0.5197175800569337,"fill":"#000000","fill-opacity":0,"stroke":"#555555","stroke-opacity":1},"id":"5ffc0296-ee03-46a5-9f3f-622bc10bd9b6","bbox":[-91.1854,41.8761,-91.1835,41.8776]},{"type":"Feature","geometry":{"coordinates":[[-91.1839,41.8774],[-91.184,41.8763]],"type":"LineString"},"properties":{"lineWidth":3,"hideLine":false,"widthScale":"mtrs","stroke-width":2,"name":"LineString 623","id":"a6039165-569c-4ac9-ac8b-e7ce0bca745f","isHidden":false,"distance":0.12259448029878608,"fill":"#000000","fill-opacity":0,"stroke":"#555555","stroke-opacity":1},"id":"a6039165-569c-4ac9-ac8b-e7ce0bca745f","bbox":[-91.184,41.8763,-91.1839,41.8774]},{"type":"Feature","geometry":{"coordinates":[[-91.1843,41.8775],[-91.1843,41.8762]],"type":"LineString"},"properties":{"lineWidth":3,"hideLine":false,"widthScale":"mtrs","stroke-width":2,"name":"LineString 622","id":"1665f18d-ae30-4df0-bd2b-35de68ae848d","isHidden":false,"distance":0.1445536043036509,"fill":"#000000","fill-opacity":0,"stroke":"#555555","stroke-opacity":1},"id":"1665f18d-ae30-4df0-bd2b-35de68ae848d","bbox":[-91.1843,41.8762,-91.1843,41.8775]},{"type":"Feature","geometry":{"coordinates":[[-91.1846,41.8775],[-91.1847,41.8762]],"type":"LineString"},"properties":{"lineWidth":3,"hideLine":false,"widthScale":"mtrs","stroke-width":2,"name":"LineString 621","id":"9fc01e82-e32c-4fc7-b407-51a7992642e1","isHidden":false,"distance":0.14479051286746858,"fill":"#000000","fill-opacity":0,"stroke":"#555555","stroke-opacity":1},"id":"9fc01e82-e32c-4fc7-b407-51a7992642e1","bbox":[-91.1847,41.8762,-91.1846,41.8775]},{"type":"Feature","geometry":{"coordinates":[[-91.185,41.8774],[-91.1851,41.8763]],"type":"LineString"},"properties":{"lineWidth":3,"hideLine":false,"widthScale":"mtrs","stroke-width":2,"name":"LineString 620","id":"137c0bbb-4c9e-4fd8-87f5-867fd36985d2","isHidden":false,"distance":0.12259448029878608,"fill":"#000000","fill-opacity":0,"stroke":"#555555","stroke-opacity":1},"id":"137c0bbb-4c9e-4fd8-87f5-867fd36985d2","bbox":[-91.1851,41.8763,-91.185,41.8774]},{"type":"Feature","geometry":{"coordinates":[[-91.2281,41.8776],[-91.2281,41.8777],[-91.2282,41.8778],[-91.2282,41.8779],[-91.2283,41.878],[-91.2285,41.8781],[-91.2286,41.8782],[-91.2288,41.8783],[-91.2289,41.8783],[-91.2291,41.8783],[-91.2293,41.8783],[-91.2294,41.8782],[-91.2296,41.8782],[-91.2297,41.8781],[-91.2298,41.878],[-91.2299,41.8779],[-91.23,41.8778],[-91.23,41.8777],[-91.23,41.8775],[-91.23,41.8774],[-91.23,41.8773],[-91.2299,41.8772],[-91.2298,41.8771],[-91.2296,41.877],[-91.2295,41.8769],[-91.2293,41.8769],[-91.2292,41.8769],[-91.229,41.8769],[-91.2288,41.8769],[-91.2287,41.8769],[-91.2285,41.877],[-91.2284,41.8771],[-91.2283,41.8772],[-91.2282,41.8773],[-91.2282,41.8774],[-91.2281,41.8776]],"type":"LineString"},"properties":{"lineWidth":3,"hideLine":false,"widthScale":"mtrs","stroke-width":2,"name":"LineString 619","id":"13e8e633-4f71-453b-a848-80436a5a9672","isHidden":false,"distance":0.5107438086110302,"fill":"#000000","fill-opacity":0,"stroke":"#555555","stroke-opacity":1},"id":"13e8e633-4f71-453b-a848-80436a5a9672","bbox":[-91.23,41.8769,-91.2281,41.8783]},{"type":"Feature","geometry":{"coordinates":[[-91.2285,41.8781],[-91.2286,41.877]],"type":"LineString"},"properties":{"lineWidth":3,"hideLine":false,"widthScale":"mtrs","stroke-width":2,"name":"LineString 618","id":"a3fef448-eb60-45b6-86c3-2b47ef64e610","isHidden":false,"distance":0.12259447417443187,"fill":"#000000","fill-opacity":0,"stroke":"#555555","stroke-opacity":1},"id":"a3fef448-eb60-45b6-86c3-2b47ef64e610","bbox":[-91.2286,41.877,-91.2285,41.8781]},{"type":"Feature","geometry":{"coordinates":[[-91.2289,41.8782],[-91.2289,41.8769]],"type":"LineString"},"properties":{"lineWidth":3,"hideLine":false,"widthScale":"mtrs","stroke-width":2,"name":"LineString 617","id":"dc6b19c0-2882-464e-a22e-c8a03b9d2407","isHidden":false,"distance":0.1445536043036509,"fill":"#000000","fill-opacity":0,"stroke":"#555555","stroke-opacity":1},"id":"dc6b19c0-2882-464e-a22e-c8a03b9d2407","bbox":[-91.2289,41.8769,-91.2289,41.8782]},{"type":"Feature","geometry":{"coordinates":[[-91.2292,41.8782],[-91.2293,41.8769]],"type":"LineString"},"properties":{"lineWidth":3,"hideLine":false,"widthScale":"mtrs","stroke-width":2,"name":"LineString 616","id":"0e179aac-be87-4f2d-8868-6ece0a77e8c9","isHidden":false,"distance":0.1447905076818957,"fill":"#000000","fill-opacity":0,"stroke":"#555555","stroke-opacity":1},"id":"0e179aac-be87-4f2d-8868-6ece0a77e8c9","bbox":[-91.2293,41.8769,-91.2292,41.8782]},{"type":"Feature","geometry":{"coordinates":[[-91.2296,41.8781],[-91.2297,41.8771]],"type":"LineString"},"properties":{"lineWidth":3,"hideLine":false,"widthScale":"mtrs","stroke-width":2,"name":"LineString 615","id":"2e4a55c2-c6ba-4340-bf7b-df6e8a15fada","isHidden":false,"distance":0.11150288049467413,"fill":"#000000","fill-opacity":0,"stroke":"#555555","stroke-opacity":1},"id":"2e4a55c2-c6ba-4340-bf7b-df6e8a15fada","bbox":[-91.2297,41.8771,-91.2296,41.8781]},{"type":"Feature","geometry":{"coordinates":[[-91.2727,41.8783],[-91.2728,41.8784],[-91.2728,41.8785],[-91.2729,41.8786],[-91.273,41.8787],[-91.2731,41.8788],[-91.2732,41.8789],[-91.2734,41.879],[-91.2735,41.879],[-91.2737,41.879],[-91.2739,41.879],[-91.274,41.879],[-91.2742,41.8789],[-91.2743,41.8788],[-91.2744,41.8787],[-91.2745,41.8786],[-91.2746,41.8785],[-91.2746,41.8784],[-91.2747,41.8783],[-91.2746,41.8781],[-91.2746,41.878],[-91.2745,41.8779],[-91.2744,41.8778],[-91.2743,41.8777],[-91.2741,41.8777],[-91.2739,41.8776],[-91.2738,41.8776],[-91.2736,41.8776],[-91.2734,41.8776],[-91.2733,41.8777],[-91.2731,41.8777],[-91.273,41.8778],[-91.2729,41.8779],[-91.2728,41.878],[-91.2728,41.8781],[-91.2727,41.8783]],"type":"LineString"},"properties":{"lineWidth":3,"hideLine":false,"widthScale":"mtrs","stroke-width":2,"name":"LineString 614","id":"0a4d6b7b-3353-4d4d-98fc-42912394d584","isHidden":false,"distance":0.5116372415631922,"fill":"#000000","fill-opacity":0,"stroke":"#555555","stroke-opacity":1},"id":"0a4d6b7b-3353-4d4d-98fc-42912394d584","bbox":[-91.2747,41.8776,-91.2727,41.879]},{"type":"Feature","geometry":{"coordinates":[[-91.2731,41.8788],[-91.2732,41.8777]],"type":"LineString"},"properties":{"lineWidth":3,"hideLine":false,"widthScale":"mtrs","stroke-width":2,"name":"LineString 613","id":"0b14d70e-fac8-4511-a2c4-5d30556eb3a2","isHidden":false,"distance":0.12259446805006098,"fill":"#000000","fill-opacity":0,"stroke":"#555555","stroke-opacity":1},"id":"0b14d70e-fac8-4511-a2c4-5d30556eb3a2","bbox":[-91.2732,41.8777,-91.2731,41.8788]},{"type":"Feature","geometry":{"coordinates":[[-91.2735,41.8789],[-91.2735,41.8776]],"type":"LineString"},"properties":{"lineWidth":3,"hideLine":false,"widthScale":"mtrs","stroke-width":2,"name":"LineString 612","id":"1a8d2341-fae3-4a01-bb2d-4d43a82be188","isHidden":false,"distance":0.1445536043036509,"fill":"#000000","fill-opacity":0,"stroke":"#555555","stroke-opacity":1},"id":"1a8d2341-fae3-4a01-bb2d-4d43a82be188","bbox":[-91.2735,41.8776,-91.2735,41.8789]},{"type":"Feature","geometry":{"coordinates":[[-91.2738,41.879],[-91.2739,41.8776]],"type":"LineString"},"properties":{"lineWidth":3,"hideLine":false,"widthScale":"mtrs","stroke-width":2,"name":"LineString 611","id":"85e1d4f1-9d4c-4c96-b9fb-1e636fc5d31a","isHidden":false,"distance":0.15589311367145176,"fill":"#000000","fill-opacity":0,"stroke":"#555555","stroke-opacity":1},"id":"85e1d4f1-9d4c-4c96-b9fb-1e636fc5d31a","bbox":[-91.2739,41.8776,-91.2738,41.879]},{"type":"Feature","geometry":{"coordinates":[[-91.2742,41.8788],[-91.2743,41.8778]],"type":"LineString"},"properties":{"lineWidth":3,"hideLine":false,"widthScale":"mtrs","stroke-width":2,"name":"LineString 610","id":"2977630a-5472-48e6-b4dc-a52843e1335a","isHidden":false,"distance":0.1115028737603881,"fill":"#000000","fill-opacity":0,"stroke":"#555555","stroke-opacity":1},"id":"2977630a-5472-48e6-b4dc-a52843e1335a","bbox":[-91.2743,41.8778,-91.2742,41.8788]},{"type":"Feature","geometry":{"coordinates":[[-91.3174,41.879],[-91.3174,41.8791],[-91.3174,41.8792],[-91.3175,41.8793],[-91.3176,41.8794],[-91.3177,41.8795],[-91.3178,41.8796],[-91.318,41.8797],[-91.3181,41.8797],[-91.3183,41.8797],[-91.3185,41.8797],[-91.3186,41.8797],[-91.3188,41.8796],[-91.3189,41.8795],[-91.3191,41.8794],[-91.3192,41.8793],[-91.3192,41.8792],[-91.3193,41.8791],[-91.3193,41.879],[-91.3192,41.8788],[-91.3192,41.8787],[-91.3191,41.8786],[-91.319,41.8785],[-91.3189,41.8784],[-91.3187,41.8783],[-91.3186,41.8783],[-91.3184,41.8783],[-91.3182,41.8783],[-91.3181,41.8783],[-91.3179,41.8784],[-91.3177,41.8784],[-91.3176,41.8785],[-91.3175,41.8786],[-91.3174,41.8787],[-91.3174,41.8788],[-91.3174,41.879]],"type":"LineString"},"properties":{"lineWidth":3,"hideLine":false,"widthScale":"mtrs","stroke-width":2,"name":"LineString 609","id":"fe17f0d2-0cc7-416b-bc11-5cba4ab893b9","isHidden":false,"distance":0.5085413772819489,"fill":"#000000","fill-opacity":0,"stroke":"#555555","stroke-opacity":1},"id":"fe17f0d2-0cc7-416b-bc11-5cba4ab893b9","bbox":[-91.3193,41.8783,-91.3174,41.8797]},{"type":"Feature","geometry":{"coordinates":[[-91.3177,41.8795],[-91.3178,41.8784]],"type":"LineString"},"properties":{"lineWidth":3,"hideLine":false,"widthScale":"mtrs","stroke-width":2,"name":"LineString 608","id":"95336935-d8bd-479d-a09d-b25e53ae57fd","isHidden":false,"distance":0.12259446192567339,"fill":"#000000","fill-opacity":0,"stroke":"#555555","stroke-opacity":1},"id":"95336935-d8bd-479d-a09d-b25e53ae57fd","bbox":[-91.3178,41.8784,-91.3177,41.8795]},{"type":"Feature","geometry":{"coordinates":[[-91.3181,41.8796],[-91.3182,41.8783]],"type":"LineString"},"properties":{"lineWidth":3,"hideLine":false,"widthScale":"mtrs","stroke-width":2,"name":"LineString 607","id":"be2133ff-c44b-41f4-86b7-62eef360de43","isHidden":false,"distance":0.1447904973109096,"fill":"#000000","fill-opacity":0,"stroke":"#555555","stroke-opacity":1},"id":"be2133ff-c44b-41f4-86b7-62eef360de43","bbox":[-91.3182,41.8783,-91.3181,41.8796]},{"type":"Feature","geometry":{"coordinates":[[-91.3185,41.8797],[-91.3185,41.8783]],"type":"LineString"},"properties":{"lineWidth":3,"hideLine":false,"widthScale":"mtrs","stroke-width":2,"name":"LineString 606","id":"b0b232e4-94fa-4e55-a8a0-49fd74514cd0","isHidden":false,"distance":0.1556731123265833,"fill":"#000000","fill-opacity":0,"stroke":"#555555","stroke-opacity":1},"id":"b0b232e4-94fa-4e55-a8a0-49fd74514cd0","bbox":[-91.3185,41.8783,-91.3185,41.8797]},{"type":"Feature","geometry":{"coordinates":[[-91.3188,41.8795],[-91.3189,41.8785]],"type":"LineString"},"properties":{"lineWidth":3,"hideLine":false,"widthScale":"mtrs","stroke-width":2,"name":"LineString 605","id":"93c3fa22-595a-44f9-b36f-4ee439d61d2c","isHidden":false,"distance":0.11150286702678422,"fill":"#000000","fill-opacity":0,"stroke":"#555555","stroke-opacity":1},"id":"93c3fa22-595a-44f9-b36f-4ee439d61d2c","bbox":[-91.3189,41.8785,-91.3188,41.8795]},{"type":"Feature","geometry":{"coordinates":[[-91.362,41.8796],[-91.362,41.8798],[-91.362,41.8799],[-91.3621,41.88],[-91.3622,41.8801],[-91.3623,41.8802],[-91.3624,41.8803],[-91.3626,41.8803],[-91.3628,41.8804],[-91.3629,41.8804],[-91.3631,41.8804],[-91.3633,41.8803],[-91.3634,41.8803],[-91.3636,41.8802],[-91.3637,41.8801],[-91.3638,41.88],[-91.3638,41.8799],[-91.3639,41.8798],[-91.3639,41.8796],[-91.3639,41.8795],[-91.3638,41.8794],[-91.3637,41.8793],[-91.3636,41.8792],[-91.3635,41.8791],[-91.3633,41.879],[-91.3632,41.879],[-91.363,41.879],[-91.3628,41.879],[-91.3627,41.879],[-91.3625,41.879],[-91.3624,41.8791],[-91.3622,41.8792],[-91.3621,41.8793],[-91.362,41.8794],[-91.362,41.8795],[-91.362,41.8796]],"type":"LineString"},"properties":{"lineWidth":3,"hideLine":false,"widthScale":"mtrs","stroke-width":2,"name":"LineString 604","id":"6f91fcf4-220b-4f62-a4d8-54b97b2d5fad","isHidden":false,"distance":0.509791214084373,"fill":"#000000","fill-opacity":0,"stroke":"#555555","stroke-opacity":1},"id":"6f91fcf4-220b-4f62-a4d8-54b97b2d5fad","bbox":[-91.3639,41.879,-91.362,41.8804]},{"type":"Feature","geometry":{"coordinates":[[-91.3623,41.8802],[-91.3624,41.8791]],"type":"LineString"},"properties":{"lineWidth":3,"hideLine":false,"widthScale":"mtrs","stroke-width":2,"name":"LineString 603","id":"becf48de-a60d-4c93-a0e2-62a69161d075","isHidden":false,"distance":0.12259445580118969,"fill":"#000000","fill-opacity":0,"stroke":"#555555","stroke-opacity":1},"id":"becf48de-a60d-4c93-a0e2-62a69161d075","bbox":[-91.3624,41.8791,-91.3623,41.8802]},{"type":"Feature","geometry":{"coordinates":[[-91.3627,41.8803],[-91.3628,41.879]],"type":"LineString"},"properties":{"lineWidth":3,"hideLine":false,"widthScale":"mtrs","stroke-width":2,"name":"LineString 602","id":"2a2a4364-1976-45f6-a043-8972120e56e5","isHidden":false,"distance":0.14479049212529457,"fill":"#000000","fill-opacity":0,"stroke":"#555555","stroke-opacity":1},"id":"2a2a4364-1976-45f6-a043-8972120e56e5","bbox":[-91.3628,41.879,-91.3627,41.8803]},{"type":"Feature","geometry":{"coordinates":[[-91.3631,41.8803],[-91.3631,41.879]],"type":"LineString"},"properties":{"lineWidth":3,"hideLine":false,"widthScale":"mtrs","stroke-width":2,"name":"LineString 601","id":"1fb5056f-1d59-44b2-a5a1-4427e0c410cc","isHidden":false,"distance":0.1445536043036509,"fill":"#000000","fill-opacity":0,"stroke":"#555555","stroke-opacity":1},"id":"1fb5056f-1d59-44b2-a5a1-4427e0c410cc","bbox":[-91.3631,41.879,-91.3631,41.8803]},{"type":"Feature","geometry":{"coordinates":[[-91.3634,41.8802],[-91.3635,41.8792]],"type":"LineString"},"properties":{"lineWidth":3,"hideLine":false,"widthScale":"mtrs","stroke-width":2,"name":"LineString 600","id":"1d45b63b-dfb1-4d76-a7cb-109a21faac30","isHidden":false,"distance":0.11150286029394985,"fill":"#000000","fill-opacity":0,"stroke":"#555555","stroke-opacity":1},"id":"1d45b63b-dfb1-4d76-a7cb-109a21faac30","bbox":[-91.3635,41.8792,-91.3634,41.8802]},{"type":"Feature","geometry":{"coordinates":[[-91.3843,41.88],[-91.3843,41.8801],[-91.3843,41.8802],[-91.3844,41.8803],[-91.3845,41.8805],[-91.3846,41.8805],[-91.3847,41.8806],[-91.3849,41.8807],[-91.3851,41.8807],[-91.3852,41.8807],[-91.3854,41.8807],[-91.3856,41.8807],[-91.3857,41.8806],[-91.3859,41.8805],[-91.386,41.8804],[-91.3861,41.8803],[-91.3861,41.8802],[-91.3862,41.8801],[-91.3862,41.88],[-91.3862,41.8798],[-91.3861,41.8797],[-91.386,41.8796],[-91.3859,41.8795],[-91.3858,41.8794],[-91.3856,41.8794],[-91.3855,41.8793],[-91.3853,41.8793],[-91.3851,41.8793],[-91.385,41.8793],[-91.3848,41.8794],[-91.3847,41.8794],[-91.3845,41.8795],[-91.3844,41.8796],[-91.3843,41.8797],[-91.3843,41.8799],[-91.3843,41.88]],"type":"LineString"},"properties":{"lineWidth":3,"hideLine":false,"widthScale":"mtrs","stroke-width":2,"name":"LineString 599","id":"128c145d-ca40-4332-ab92-c4c90ec1e95c","isHidden":false,"distance":0.5162696914459111,"fill":"#000000","fill-opacity":0,"stroke":"#555555","stroke-opacity":1},"id":"128c145d-ca40-4332-ab92-c4c90ec1e95c","bbox":[-91.3862,41.8793,-91.3843,41.8807]},{"type":"Feature","geometry":{"coordinates":[[-91.3847,41.8805],[-91.3847,41.8795]],"type":"LineString"},"properties":{"lineWidth":3,"hideLine":false,"widthScale":"mtrs","stroke-width":2,"name":"LineString 598","id":"6c09d5d6-2f8a-45e6-a604-b40fff364d62","isHidden":false,"distance":0.11119508023327375,"fill":"#000000","fill-opacity":0,"stroke":"#555555","stroke-opacity":1},"id":"6c09d5d6-2f8a-45e6-a604-b40fff364d62","bbox":[-91.3847,41.8795,-91.3847,41.8805]},{"type":"Feature","geometry":{"coordinates":[[-91.385,41.8807],[-91.3851,41.8793]],"type":"LineString"},"properties":{"lineWidth":3,"hideLine":false,"widthScale":"mtrs","stroke-width":2,"name":"LineString 597","id":"818a6dea-467f-4d5b-9372-709fccfd0d9a","isHidden":false,"distance":0.1558931019748224,"fill":"#000000","fill-opacity":0,"stroke":"#555555","stroke-opacity":1},"id":"818a6dea-467f-4d5b-9372-709fccfd0d9a","bbox":[-91.3851,41.8793,-91.385,41.8807]},{"type":"Feature","geometry":{"coordinates":[[-91.3854,41.8807],[-91.3854,41.8794]],"type":"LineString"},"properties":{"lineWidth":3,"hideLine":false,"widthScale":"mtrs","stroke-width":2,"name":"LineString 596","id":"92ad7c5e-70d9-4008-a7d0-f4644308f3c6","isHidden":false,"distance":0.1445536043036509,"fill":"#000000","fill-opacity":0,"stroke":"#555555","stroke-opacity":1},"id":"92ad7c5e-70d9-4008-a7d0-f4644308f3c6","bbox":[-91.3854,41.8794,-91.3854,41.8807]},{"type":"Feature","geometry":{"coordinates":[[-91.3858,41.8806],[-91.3858,41.8795]],"type":"LineString"},"properties":{"lineWidth":3,"hideLine":false,"widthScale":"mtrs","stroke-width":2,"name":"LineString 595","id":"30421aea-5717-4fce-88dc-c4ae671c4948","isHidden":false,"distance":0.12231458825699618,"fill":"#000000","fill-opacity":0,"stroke":"#555555","stroke-opacity":1},"id":"30421aea-5717-4fce-88dc-c4ae671c4948","bbox":[-91.3858,41.8795,-91.3858,41.8806]},{"type":"Feature","geometry":{"coordinates":[[-91.4066,41.8803],[-91.4066,41.8804],[-91.4066,41.8806],[-91.4067,41.8807],[-91.4068,41.8808],[-91.4069,41.8809],[-91.4071,41.881],[-91.4072,41.881],[-91.4074,41.881],[-91.4075,41.881],[-91.4077,41.881],[-91.4079,41.881],[-91.408,41.8809],[-91.4082,41.8809],[-91.4083,41.8808],[-91.4084,41.8807],[-91.4084,41.8806],[-91.4085,41.8804],[-91.4085,41.8803],[-91.4085,41.8802],[-91.4084,41.8801],[-91.4083,41.8799],[-91.4082,41.8798],[-91.4081,41.8798],[-91.4079,41.8797],[-91.4078,41.8796],[-91.4076,41.8796],[-91.4074,41.8796],[-91.4073,41.8796],[-91.4071,41.8797],[-91.407,41.8798],[-91.4068,41.8798],[-91.4067,41.8799],[-91.4067,41.8801],[-91.4066,41.8802],[-91.4066,41.8803]],"type":"LineString"},"properties":{"lineWidth":3,"hideLine":false,"widthScale":"mtrs","stroke-width":2,"name":"LineString 594","id":"d4d22513-8f84-4890-9b09-1d357dba831e","isHidden":false,"distance":0.5227480855059605,"fill":"#000000","fill-opacity":0,"stroke":"#555555","stroke-opacity":1},"id":"d4d22513-8f84-4890-9b09-1d357dba831e","bbox":[-91.4085,41.8796,-91.4066,41.881]},{"type":"Feature","geometry":{"coordinates":[[-91.407,41.8809],[-91.407,41.8798]],"type":"LineString"},"properties":{"lineWidth":3,"hideLine":false,"widthScale":"mtrs","stroke-width":2,"name":"LineString 593","id":"44dd848e-e63e-4651-955f-e9f5ea191b23","isHidden":false,"distance":0.12231458825620609,"fill":"#000000","fill-opacity":0,"stroke":"#555555","stroke-opacity":1},"id":"44dd848e-e63e-4651-955f-e9f5ea191b23","bbox":[-91.407,41.8798,-91.407,41.8809]},{"type":"Feature","geometry":{"coordinates":[[-91.4073,41.881],[-91.4074,41.8797]],"type":"LineString"},"properties":{"lineWidth":3,"hideLine":false,"widthScale":"mtrs","stroke-width":2,"name":"LineString 592","id":"233efaad-41c1-4b55-a557-c3cf49001112","isHidden":false,"distance":0.1447904869397328,"fill":"#000000","fill-opacity":0,"stroke":"#555555","stroke-opacity":1},"id":"233efaad-41c1-4b55-a557-c3cf49001112","bbox":[-91.4074,41.8797,-91.4073,41.881]},{"type":"Feature","geometry":{"coordinates":[[-91.4077,41.881],[-91.4078,41.8797]],"type":"LineString"},"properties":{"lineWidth":3,"hideLine":false,"widthScale":"mtrs","stroke-width":2,"name":"LineString 591","id":"eec4f20d-046d-43e5-89e2-d6d4f262040d","isHidden":false,"distance":0.1447904869397328,"fill":"#000000","fill-opacity":0,"stroke":"#555555","stroke-opacity":1},"id":"eec4f20d-046d-43e5-89e2-d6d4f262040d","bbox":[-91.4078,41.8797,-91.4077,41.881]},{"type":"Feature","geometry":{"coordinates":[[-91.4081,41.8809],[-91.4081,41.8798]],"type":"LineString"},"properties":{"lineWidth":3,"hideLine":false,"widthScale":"mtrs","stroke-width":2,"name":"LineString 590","id":"90aa1402-ea8f-4796-8157-4133ffa12824","isHidden":false,"distance":0.12231458825620609,"fill":"#000000","fill-opacity":0,"stroke":"#555555","stroke-opacity":1},"id":"90aa1402-ea8f-4796-8157-4133ffa12824","bbox":[-91.4081,41.8798,-91.4081,41.8809]},{"type":"Feature","geometry":{"coordinates":[[-91.4289,41.8806],[-91.4289,41.8808],[-91.4289,41.8809],[-91.429,41.881],[-91.4291,41.8811],[-91.4292,41.8812],[-91.4294,41.8813],[-91.4295,41.8813],[-91.4297,41.8814],[-91.4298,41.8814],[-91.43,41.8814],[-91.4302,41.8813],[-91.4303,41.8813],[-91.4305,41.8812],[-91.4306,41.8811],[-91.4307,41.881],[-91.4308,41.8809],[-91.4308,41.8808],[-91.4308,41.8806],[-91.4308,41.8805],[-91.4307,41.8804],[-91.4306,41.8803],[-91.4305,41.8802],[-91.4304,41.8801],[-91.4303,41.88],[-91.4301,41.88],[-91.4299,41.8799],[-91.4298,41.88],[-91.4296,41.88],[-91.4294,41.88],[-91.4293,41.8801],[-91.4291,41.8802],[-91.429,41.8803],[-91.429,41.8804],[-91.4289,41.8805],[-91.4289,41.8806]],"type":"LineString"},"properties":{"lineWidth":3,"hideLine":false,"widthScale":"mtrs","stroke-width":2,"name":"LineString 589","id":"0f2fc116-48b9-4e66-b401-a440be1b3566","isHidden":false,"distance":0.518758552948184,"fill":"#000000","fill-opacity":0,"stroke":"#555555","stroke-opacity":1},"id":"0f2fc116-48b9-4e66-b401-a440be1b3566","bbox":[-91.4308,41.8799,-91.4289,41.8814]},{"type":"Feature","geometry":{"coordinates":[[-91.4293,41.8812],[-91.4293,41.8801]],"type":"LineString"},"properties":{"lineWidth":3,"hideLine":false,"widthScale":"mtrs","stroke-width":2,"name":"LineString 588","id":"11ac2727-7864-4054-b0f1-ae722b0f5bcd","isHidden":false,"distance":0.12231458825699618,"fill":"#000000","fill-opacity":0,"stroke":"#555555","stroke-opacity":1},"id":"11ac2727-7864-4054-b0f1-ae722b0f5bcd","bbox":[-91.4293,41.8801,-91.4293,41.8812]},{"type":"Feature","geometry":{"coordinates":[[-91.4296,41.8813],[-91.4297,41.88]],"type":"LineString"},"properties":{"lineWidth":3,"hideLine":false,"widthScale":"mtrs","stroke-width":2,"name":"LineString 587","id":"62ee1bd6-b905-4ba3-853c-7bb54ae621db","isHidden":false,"distance":0.14479048471741213,"fill":"#000000","fill-opacity":0,"stroke":"#555555","stroke-opacity":1},"id":"62ee1bd6-b905-4ba3-853c-7bb54ae621db","bbox":[-91.4297,41.88,-91.4296,41.8813]},{"type":"Feature","geometry":{"coordinates":[[-91.43,41.8813],[-91.4301,41.88]],"type":"LineString"},"properties":{"lineWidth":3,"hideLine":false,"widthScale":"mtrs","stroke-width":2,"name":"LineString 586","id":"95408dc9-1770-4159-8e44-218c937d618e","isHidden":false,"distance":0.14479048471734485,"fill":"#000000","fill-opacity":0,"stroke":"#555555","stroke-opacity":1},"id":"95408dc9-1770-4159-8e44-218c937d618e","bbox":[-91.4301,41.88,-91.43,41.8813]},{"type":"Feature","geometry":{"coordinates":[[-91.4304,41.8812],[-91.4304,41.8801]],"type":"LineString"},"properties":{"lineWidth":3,"hideLine":false,"widthScale":"mtrs","stroke-width":2,"name":"LineString 585","id":"05073bf1-df5c-4ebf-96fa-fd997382f0bc","isHidden":false,"distance":0.12231458825699618,"fill":"#000000","fill-opacity":0,"stroke":"#555555","stroke-opacity":1},"id":"05073bf1-df5c-4ebf-96fa-fd997382f0bc","bbox":[-91.4304,41.8801,-91.4304,41.8812]},{"type":"Feature","geometry":{"coordinates":[[-91.4512,41.881],[-91.4512,41.8811],[-91.4512,41.8812],[-91.4513,41.8813],[-91.4514,41.8814],[-91.4515,41.8815],[-91.4517,41.8816],[-91.4518,41.8817],[-91.452,41.8817],[-91.4522,41.8817],[-91.4523,41.8817],[-91.4525,41.8816],[-91.4526,41.8816],[-91.4528,41.8815],[-91.4529,41.8814],[-91.453,41.8813],[-91.4531,41.8812],[-91.4531,41.8811],[-91.4531,41.8809],[-91.4531,41.8808],[-91.453,41.8807],[-91.4529,41.8806],[-91.4528,41.8805],[-91.4527,41.8804],[-91.4526,41.8803],[-91.4524,41.8803],[-91.4522,41.8803],[-91.4521,41.8803],[-91.4519,41.8803],[-91.4517,41.8803],[-91.4516,41.8804],[-91.4515,41.8805],[-91.4513,41.8806],[-91.4513,41.8807],[-91.4512,41.8808],[-91.4512,41.881]],"type":"LineString"},"properties":{"lineWidth":3,"hideLine":false,"widthScale":"mtrs","stroke-width":2,"name":"LineString 584","id":"bbd62b9b-c826-4fcd-b227-83e8e57f96dd","isHidden":false,"distance":0.5119829154051853,"fill":"#000000","fill-opacity":0,"stroke":"#555555","stroke-opacity":1},"id":"bbd62b9b-c826-4fcd-b227-83e8e57f96dd","bbox":[-91.4531,41.8803,-91.4512,41.8817]},{"type":"Feature","geometry":{"coordinates":[[-91.4516,41.8815],[-91.4516,41.8804]],"type":"LineString"},"properties":{"lineWidth":3,"hideLine":false,"widthScale":"mtrs","stroke-width":2,"name":"LineString 583","id":"72197cb8-b2ed-416d-8031-12749d65724a","isHidden":false,"distance":0.12231458825699618,"fill":"#000000","fill-opacity":0,"stroke":"#555555","stroke-opacity":1},"id":"72197cb8-b2ed-416d-8031-12749d65724a","bbox":[-91.4516,41.8804,-91.4516,41.8815]},{"type":"Feature","geometry":{"coordinates":[[-91.4519,41.8816],[-91.452,41.8803]],"type":"LineString"},"properties":{"lineWidth":3,"hideLine":false,"widthScale":"mtrs","stroke-width":2,"name":"LineString 582","id":"4767db1f-3c91-4cc2-941e-fbea746cc6b1","isHidden":false,"distance":0.1447904824950216,"fill":"#000000","fill-opacity":0,"stroke":"#555555","stroke-opacity":1},"id":"4767db1f-3c91-4cc2-941e-fbea746cc6b1","bbox":[-91.452,41.8803,-91.4519,41.8816]},{"type":"Feature","geometry":{"coordinates":[[-91.4523,41.8816],[-91.4524,41.8803]],"type":"LineString"},"properties":{"lineWidth":3,"hideLine":false,"widthScale":"mtrs","stroke-width":2,"name":"LineString 581","id":"bb25390a-90df-4609-842f-0357ce928524","isHidden":false,"distance":0.1447904824950216,"fill":"#000000","fill-opacity":0,"stroke":"#555555","stroke-opacity":1},"id":"bb25390a-90df-4609-842f-0357ce928524","bbox":[-91.4524,41.8803,-91.4523,41.8816]},{"type":"Feature","geometry":{"coordinates":[[-91.4527,41.8815],[-91.4527,41.8805]],"type":"LineString"},"properties":{"lineWidth":3,"hideLine":false,"widthScale":"mtrs","stroke-width":2,"name":"LineString 580","id":"a4c08ff9-6619-420f-8c31-d506bbd39d13","isHidden":false,"distance":0.11119508023406385,"fill":"#000000","fill-opacity":0,"stroke":"#555555","stroke-opacity":1},"id":"a4c08ff9-6619-420f-8c31-d506bbd39d13","bbox":[-91.4527,41.8805,-91.4527,41.8815]},{"type":"Feature","geometry":{"coordinates":[[-91.4735,41.8813],[-91.4735,41.8814],[-91.4736,41.8815],[-91.4736,41.8816],[-91.4737,41.8817],[-91.4738,41.8818],[-91.474,41.8819],[-91.4741,41.882],[-91.4743,41.882],[-91.4745,41.882],[-91.4746,41.882],[-91.4748,41.882],[-91.475,41.8819],[-91.4751,41.8818],[-91.4752,41.8817],[-91.4753,41.8816],[-91.4754,41.8815],[-91.4754,41.8814],[-91.4754,41.8813],[-91.4754,41.8811],[-91.4753,41.881],[-91.4752,41.8809],[-91.4751,41.8808],[-91.475,41.8807],[-91.4749,41.8807],[-91.4747,41.8806],[-91.4745,41.8806],[-91.4744,41.8806],[-91.4742,41.8806],[-91.474,41.8807],[-91.4739,41.8807],[-91.4738,41.8808],[-91.4737,41.8809],[-91.4736,41.881],[-91.4735,41.8811],[-91.4735,41.8813]],"type":"LineString"},"properties":{"lineWidth":3,"hideLine":false,"widthScale":"mtrs","stroke-width":2,"name":"LineString 579","id":"6108d48e-1324-45c4-94b7-3c622840c57b","isHidden":false,"distance":0.5064463060204468,"fill":"#000000","fill-opacity":0,"stroke":"#555555","stroke-opacity":1},"id":"6108d48e-1324-45c4-94b7-3c622840c57b","bbox":[-91.4754,41.8806,-91.4735,41.882]},{"type":"Feature","geometry":{"coordinates":[[-91.4739,41.8818],[-91.4739,41.8808]],"type":"LineString"},"properties":{"lineWidth":3,"hideLine":false,"widthScale":"mtrs","stroke-width":2,"name":"LineString 578","id":"4ca8947b-4da6-4e4e-8565-1c6fa9605fa4","isHidden":false,"distance":0.11119508023327375,"fill":"#000000","fill-opacity":0,"stroke":"#555555","stroke-opacity":1},"id":"4ca8947b-4da6-4e4e-8565-1c6fa9605fa4","bbox":[-91.4739,41.8808,-91.4739,41.8818]},{"type":"Feature","geometry":{"coordinates":[[-91.4742,41.882],[-91.4743,41.8806]],"type":"LineString"},"properties":{"lineWidth":3,"hideLine":false,"widthScale":"mtrs","stroke-width":2,"name":"LineString 577","id":"2147b6c3-82d7-4c99-be48-2f9e66958ea8","isHidden":false,"distance":0.1558930930303996,"fill":"#000000","fill-opacity":0,"stroke":"#555555","stroke-opacity":1},"id":"2147b6c3-82d7-4c99-be48-2f9e66958ea8","bbox":[-91.4743,41.8806,-91.4742,41.882]},{"type":"Feature","geometry":{"coordinates":[[-91.4746,41.882],[-91.4747,41.8806]],"type":"LineString"},"properties":{"lineWidth":3,"hideLine":false,"widthScale":"mtrs","stroke-width":2,"name":"LineString 576","id":"fe8fcad0-418f-474e-bf01-add5d316b57b","isHidden":false,"distance":0.1558930930303996,"fill":"#000000","fill-opacity":0,"stroke":"#555555","stroke-opacity":1},"id":"fe8fcad0-418f-474e-bf01-add5d316b57b","bbox":[-91.4747,41.8806,-91.4746,41.882]},{"type":"Feature","geometry":{"coordinates":[[-91.475,41.8818],[-91.475,41.8808]],"type":"LineString"},"properties":{"lineWidth":3,"hideLine":false,"widthScale":"mtrs","stroke-width":2,"name":"LineString 575","id":"f04edc05-3460-4e95-979e-db605b3516a8","isHidden":false,"distance":0.11119508023327375,"fill":"#000000","fill-opacity":0,"stroke":"#555555","stroke-opacity":1},"id":"f04edc05-3460-4e95-979e-db605b3516a8","bbox":[-91.475,41.8808,-91.475,41.8818]},{"type":"Feature","geometry":{"coordinates":[[-91.4958,41.8816],[-91.4958,41.8817],[-91.4959,41.8818],[-91.4959,41.882],[-91.496,41.8821],[-91.4961,41.8821],[-91.4963,41.8822],[-91.4964,41.8823],[-91.4966,41.8823],[-91.4968,41.8823],[-91.4969,41.8823],[-91.4971,41.8823],[-91.4973,41.8822],[-91.4974,41.8821],[-91.4975,41.882],[-91.4976,41.8819],[-91.4977,41.8818],[-91.4977,41.8817],[-91.4977,41.8816],[-91.4977,41.8814],[-91.4976,41.8813],[-91.4976,41.8812],[-91.4974,41.8811],[-91.4973,41.881],[-91.4972,41.881],[-91.497,41.8809],[-91.4968,41.8809],[-91.4967,41.8809],[-91.4965,41.8809],[-91.4963,41.881],[-91.4962,41.881],[-91.4961,41.8811],[-91.496,41.8812],[-91.4959,41.8813],[-91.4958,41.8815],[-91.4958,41.8816]],"type":"LineString"},"properties":{"lineWidth":3,"hideLine":false,"widthScale":"mtrs","stroke-width":2,"name":"LineString 574","id":"be400d19-9e4a-4173-bef6-21cd7e654305","isHidden":false,"distance":0.5140663688153533,"fill":"#000000","fill-opacity":0,"stroke":"#555555","stroke-opacity":1},"id":"be400d19-9e4a-4173-bef6-21cd7e654305","bbox":[-91.4977,41.8809,-91.4958,41.8823]},{"type":"Feature","geometry":{"coordinates":[[-91.4962,41.8821],[-91.4962,41.8811]],"type":"LineString"},"properties":{"lineWidth":3,"hideLine":false,"widthScale":"mtrs","stroke-width":2,"name":"LineString 573","id":"5e6ce0c4-3b51-400e-80a4-e7ea480bfba8","isHidden":false,"distance":0.11119508023327375,"fill":"#000000","fill-opacity":0,"stroke":"#555555","stroke-opacity":1},"id":"5e6ce0c4-3b51-400e-80a4-e7ea480bfba8","bbox":[-91.4962,41.8811,-91.4962,41.8821]},{"type":"Feature","geometry":{"coordinates":[[-91.4965,41.8823],[-91.4966,41.8809]],"type":"LineString"},"properties":{"lineWidth":3,"hideLine":false,"widthScale":"mtrs","stroke-width":2,"name":"LineString 572","id":"6618d9ae-47a8-43c7-8872-51b99408f7e0","isHidden":false,"distance":0.1558930909670702,"fill":"#000000","fill-opacity":0,"stroke":"#555555","stroke-opacity":1},"id":"6618d9ae-47a8-43c7-8872-51b99408f7e0","bbox":[-91.4966,41.8809,-91.4965,41.8823]},{"type":"Feature","geometry":{"coordinates":[[-91.4969,41.8823],[-91.497,41.881]],"type":"LineString"},"properties":{"lineWidth":3,"hideLine":false,"widthScale":"mtrs","stroke-width":2,"name":"LineString 571","id":"2e2cfd3e-d41d-4818-8a99-b0ee52d7b149","isHidden":false,"distance":0.14479047730943376,"fill":"#000000","fill-opacity":0,"stroke":"#555555","stroke-opacity":1},"id":"2e2cfd3e-d41d-4818-8a99-b0ee52d7b149","bbox":[-91.497,41.881,-91.4969,41.8823]},{"type":"Feature","geometry":{"coordinates":[[-91.4973,41.8822],[-91.4973,41.8811]],"type":"LineString"},"properties":{"lineWidth":3,"hideLine":false,"widthScale":"mtrs","stroke-width":2,"name":"LineString 570","id":"ecc7c288-ca8f-4ac1-a09a-59f6f20de609","isHidden":false,"distance":0.12231458825620609,"fill":"#000000","fill-opacity":0,"stroke":"#555555","stroke-opacity":1},"id":"ecc7c288-ca8f-4ac1-a09a-59f6f20de609","bbox":[-91.4973,41.8811,-91.4973,41.8822]},{"type":"Feature","geometry":{"coordinates":[[-91.5181,41.8819],[-91.5181,41.882],[-91.5182,41.8821],[-91.5182,41.8823],[-91.5183,41.8824],[-91.5185,41.8825],[-91.5186,41.8825],[-91.5187,41.8826],[-91.5189,41.8826],[-91.5191,41.8826],[-91.5193,41.8826],[-91.5194,41.8826],[-91.5196,41.8825],[-91.5197,41.8825],[-91.5198,41.8824],[-91.5199,41.8822],[-91.52,41.8821],[-91.52,41.882],[-91.52,41.8819],[-91.52,41.8818],[-91.5199,41.8816],[-91.5199,41.8815],[-91.5198,41.8814],[-91.5196,41.8813],[-91.5195,41.8813],[-91.5193,41.8812],[-91.5192,41.8812],[-91.519,41.8812],[-91.5188,41.8812],[-91.5187,41.8813],[-91.5185,41.8813],[-91.5184,41.8814],[-91.5183,41.8815],[-91.5182,41.8816],[-91.5181,41.8818],[-91.5181,41.8819]],"type":"LineString"},"properties":{"lineWidth":3,"hideLine":false,"widthScale":"mtrs","stroke-width":2,"name":"LineString 569","id":"dc18e4f7-2319-40a3-9902-cb430125d4a1","isHidden":false,"distance":0.5192923901040271,"fill":"#000000","fill-opacity":0,"stroke":"#555555","stroke-opacity":1},"id":"dc18e4f7-2319-40a3-9902-cb430125d4a1","bbox":[-91.52,41.8812,-91.5181,41.8826]},{"type":"Feature","geometry":{"coordinates":[[-91.5185,41.8824],[-91.5185,41.8814]],"type":"LineString"},"properties":{"lineWidth":3,"hideLine":false,"widthScale":"mtrs","stroke-width":2,"name":"LineString 568","id":"220c43b1-49ea-4a90-915d-78e8a4e249c9","isHidden":false,"distance":0.11119508023327375,"fill":"#000000","fill-opacity":0,"stroke":"#555555","stroke-opacity":1},"id":"220c43b1-49ea-4a90-915d-78e8a4e249c9","bbox":[-91.5185,41.8814,-91.5185,41.8824]},{"type":"Feature","geometry":{"coordinates":[[-91.5189,41.8826],[-91.5189,41.8813]],"type":"LineString"},"properties":{"lineWidth":3,"hideLine":false,"widthScale":"mtrs","stroke-width":2,"name":"LineString 567","id":"24538311-db18-4b11-8d62-b8ea81fed7d8","isHidden":false,"distance":0.14455360430286085,"fill":"#000000","fill-opacity":0,"stroke":"#555555","stroke-opacity":1},"id":"24538311-db18-4b11-8d62-b8ea81fed7d8","bbox":[-91.5189,41.8813,-91.5189,41.8826]},{"type":"Feature","geometry":{"coordinates":[[-91.5192,41.8826],[-91.5193,41.8813]],"type":"LineString"},"properties":{"lineWidth":3,"hideLine":false,"widthScale":"mtrs","stroke-width":2,"name":"LineString 566","id":"94f75348-397e-4124-a14b-fd42f96a70b1","isHidden":false,"distance":0.14479047508624587,"fill":"#000000","fill-opacity":0,"stroke":"#555555","stroke-opacity":1},"id":"94f75348-397e-4124-a14b-fd42f96a70b1","bbox":[-91.5193,41.8813,-91.5192,41.8826]},{"type":"Feature","geometry":{"coordinates":[[-91.5196,41.8825],[-91.5196,41.8814]],"type":"LineString"},"properties":{"lineWidth":3,"hideLine":false,"widthScale":"mtrs","stroke-width":2,"name":"LineString 565","id":"0fb1cfd3-cc8b-4609-b6ff-dc925cb131e0","isHidden":false,"distance":0.12231458825699618,"fill":"#000000","fill-opacity":0,"stroke":"#555555","stroke-opacity":1},"id":"0fb1cfd3-cc8b-4609-b6ff-dc925cb131e0","bbox":[-91.5196,41.8814,-91.5196,41.8825]},{"type":"Feature","geometry":{"coordinates":[[-91.5404,41.8822],[-91.5404,41.8823],[-91.5405,41.8824],[-91.5405,41.8826],[-91.5406,41.8827],[-91.5408,41.8828],[-91.5409,41.8828],[-91.5411,41.8829],[-91.5412,41.8829],[-91.5414,41.8829],[-91.5416,41.8829],[-91.5417,41.8829],[-91.5419,41.8828],[-91.542,41.8828],[-91.5421,41.8827],[-91.5422,41.8826],[-91.5423,41.8824],[-91.5423,41.8823],[-91.5423,41.8822],[-91.5423,41.8821],[-91.5423,41.8819],[-91.5422,41.8818],[-91.5421,41.8817],[-91.5419,41.8816],[-91.5418,41.8816],[-91.5416,41.8815],[-91.5415,41.8815],[-91.5413,41.8815],[-91.5411,41.8815],[-91.541,41.8816],[-91.5408,41.8816],[-91.5407,41.8817],[-91.5406,41.8818],[-91.5405,41.8819],[-91.5404,41.8821],[-91.5404,41.8822]],"type":"LineString"},"properties":{"lineWidth":3,"hideLine":false,"widthScale":"mtrs","stroke-width":2,"name":"LineString 564","id":"c8da4ab0-7984-4f1b-bb01-c8a7d3ce98e9","isHidden":false,"distance":0.5183467534944817,"fill":"#000000","fill-opacity":0,"stroke":"#555555","stroke-opacity":1},"id":"c8da4ab0-7984-4f1b-bb01-c8a7d3ce98e9","bbox":[-91.5423,41.8815,-91.5404,41.8829]},{"type":"Feature","geometry":{"coordinates":[[-91.5408,41.8827],[-91.5409,41.8817]],"type":"LineString"},"properties":{"lineWidth":3,"hideLine":false,"widthScale":"mtrs","stroke-width":2,"name":"LineString 563","id":"1ee44473-0d30-44b9-8c4d-54906c0c2dc4","isHidden":false,"distance":0.11150283624427342,"fill":"#000000","fill-opacity":0,"stroke":"#555555","stroke-opacity":1},"id":"1ee44473-0d30-44b9-8c4d-54906c0c2dc4","bbox":[-91.5409,41.8817,-91.5408,41.8827]},{"type":"Feature","geometry":{"coordinates":[[-91.5412,41.8829],[-91.5412,41.8816]],"type":"LineString"},"properties":{"lineWidth":3,"hideLine":false,"widthScale":"mtrs","stroke-width":2,"name":"LineString 562","id":"b512f301-a5f1-444f-b559-3aeafdd4184a","isHidden":false,"distance":0.1445536043036509,"fill":"#000000","fill-opacity":0,"stroke":"#555555","stroke-opacity":1},"id":"b512f301-a5f1-444f-b559-3aeafdd4184a","bbox":[-91.5412,41.8816,-91.5412,41.8829]},{"type":"Feature","geometry":{"coordinates":[[-91.5415,41.8829],[-91.5416,41.8816]],"type":"LineString"},"properties":{"lineWidth":3,"hideLine":false,"widthScale":"mtrs","stroke-width":2,"name":"LineString 561","id":"9d28d6d0-3df2-48ed-becb-ad1e2cb0bb8c","isHidden":false,"distance":0.14479047286463298,"fill":"#000000","fill-opacity":0,"stroke":"#555555","stroke-opacity":1},"id":"9d28d6d0-3df2-48ed-becb-ad1e2cb0bb8c","bbox":[-91.5416,41.8816,-91.5415,41.8829]},{"type":"Feature","geometry":{"coordinates":[[-91.5419,41.8828],[-91.542,41.8817]],"type":"LineString"},"properties":{"lineWidth":3,"hideLine":false,"widthScale":"mtrs","stroke-width":2,"name":"LineString 560","id":"fd1ec0c3-e674-412f-96c8-31027d775195","isHidden":false,"distance":0.12259443305333603,"fill":"#000000","fill-opacity":0,"stroke":"#555555","stroke-opacity":1},"id":"fd1ec0c3-e674-412f-96c8-31027d775195","bbox":[-91.542,41.8817,-91.5419,41.8828]},{"type":"Feature","geometry":{"coordinates":[[-91.5627,41.8825],[-91.5627,41.8826],[-91.5628,41.8827],[-91.5629,41.8829],[-91.5629,41.883],[-91.5631,41.8831],[-91.5632,41.8831],[-91.5634,41.8832],[-91.5635,41.8832],[-91.5637,41.8832],[-91.5639,41.8832],[-91.564,41.8832],[-91.5642,41.8831],[-91.5643,41.8831],[-91.5644,41.883],[-91.5645,41.8829],[-91.5646,41.8827],[-91.5646,41.8826],[-91.5646,41.8825],[-91.5646,41.8824],[-91.5646,41.8822],[-91.5645,41.8821],[-91.5644,41.882],[-91.5642,41.8819],[-91.5641,41.8819],[-91.5639,41.8818],[-91.5638,41.8818],[-91.5636,41.8818],[-91.5634,41.8818],[-91.5633,41.8819],[-91.5631,41.8819],[-91.563,41.882],[-91.5629,41.8821],[-91.5628,41.8822],[-91.5628,41.8824],[-91.5627,41.8825]],"type":"LineString"},"properties":{"lineWidth":3,"hideLine":false,"widthScale":"mtrs","stroke-width":2,"name":"LineString 559","id":"b5c1353d-fa8c-4457-93bc-6fbb19434b75","isHidden":false,"distance":0.5183455657633147,"fill":"#000000","fill-opacity":0,"stroke":"#555555","stroke-opacity":1},"id":"b5c1353d-fa8c-4457-93bc-6fbb19434b75","bbox":[-91.5646,41.8818,-91.5627,41.8832]},{"type":"Feature","geometry":{"coordinates":[[-91.5631,41.883],[-91.5632,41.882]],"type":"LineString"},"properties":{"lineWidth":3,"hideLine":false,"widthScale":"mtrs","stroke-width":2,"name":"LineString 558","id":"88f05c42-986a-43f8-ba3c-43c70d252d4a","isHidden":false,"distance":0.11150283335918942,"fill":"#000000","fill-opacity":0,"stroke":"#555555","stroke-opacity":1},"id":"88f05c42-986a-43f8-ba3c-43c70d252d4a","bbox":[-91.5632,41.882,-91.5631,41.883]},{"type":"Feature","geometry":{"coordinates":[[-91.5635,41.8832],[-91.5635,41.8819]],"type":"LineString"},"properties":{"lineWidth":3,"hideLine":false,"widthScale":"mtrs","stroke-width":2,"name":"LineString 557","id":"99e635ce-f7b3-4f8a-a349-781a408f8ce8","isHidden":false,"distance":0.1445536043036509,"fill":"#000000","fill-opacity":0,"stroke":"#555555","stroke-opacity":1},"id":"99e635ce-f7b3-4f8a-a349-781a408f8ce8","bbox":[-91.5635,41.8819,-91.5635,41.8832]},{"type":"Feature","geometry":{"coordinates":[[-91.5638,41.8832],[-91.5639,41.8819]],"type":"LineString"},"properties":{"lineWidth":3,"hideLine":false,"widthScale":"mtrs","stroke-width":2,"name":"LineString 556","id":"cc7b7720-b9af-4639-8ed0-c1dc21699bf1","isHidden":false,"distance":0.14479047064222872,"fill":"#000000","fill-opacity":0,"stroke":"#555555","stroke-opacity":1},"id":"cc7b7720-b9af-4639-8ed0-c1dc21699bf1","bbox":[-91.5639,41.8819,-91.5638,41.8832]},{"type":"Feature","geometry":{"coordinates":[[-91.5642,41.8831],[-91.5643,41.882]],"type":"LineString"},"properties":{"lineWidth":3,"hideLine":false,"widthScale":"mtrs","stroke-width":2,"name":"LineString 555","id":"4a04a466-0314-4b2e-bc4a-9d9450d06eb7","isHidden":false,"distance":0.1225944304285597,"fill":"#000000","fill-opacity":0,"stroke":"#555555","stroke-opacity":1},"id":"4a04a466-0314-4b2e-bc4a-9d9450d06eb7","bbox":[-91.5643,41.882,-91.5642,41.8831]},{"type":"Feature","geometry":{"coordinates":[[-91.8229,41.9749],[-91.8229,41.975],[-91.8229,41.9751],[-91.823,41.9752],[-91.8231,41.9753],[-91.8232,41.9754],[-91.8234,41.9755],[-91.8235,41.9756],[-91.8237,41.9756],[-91.8239,41.9756],[-91.824,41.9756],[-91.8242,41.9755],[-91.8243,41.9755],[-91.8245,41.9754],[-91.8246,41.9753],[-91.8247,41.9752],[-91.8248,41.9751],[-91.8248,41.975],[-91.8248,41.9748],[-91.8248,41.9747],[-91.8247,41.9746],[-91.8246,41.9745],[-91.8245,41.9744],[-91.8244,41.9743],[-91.8243,41.9742],[-91.8241,41.9742],[-91.8239,41.9742],[-91.8238,41.9742],[-91.8236,41.9742],[-91.8234,41.9742],[-91.8233,41.9743],[-91.8231,41.9744],[-91.823,41.9745],[-91.823,41.9746],[-91.8229,41.9747],[-91.8229,41.9749]],"type":"LineString"},"properties":{"lineWidth":3,"hideLine":false,"widthScale":"mtrs","stroke-width":2,"name":"LineString 554","id":"4b71e784-dc6e-4704-8c14-d5ed95d19f65","isHidden":false,"distance":0.5116104000656099,"fill":"#000000","fill-opacity":0,"stroke":"#555555","stroke-opacity":1},"id":"4b71e784-dc6e-4704-8c14-d5ed95d19f65","bbox":[-91.8248,41.9742,-91.8229,41.9756]},{"type":"Feature","geometry":{"coordinates":[[-91.8233,41.9754],[-91.8233,41.9743]],"type":"LineString"},"properties":{"lineWidth":3,"hideLine":false,"widthScale":"mtrs","stroke-width":2,"name":"LineString 553","id":"b2d57049-752f-4880-a40a-54bede4ba249","isHidden":false,"distance":0.12231458825699618,"fill":"#000000","fill-opacity":0,"stroke":"#555555","stroke-opacity":1},"id":"b2d57049-752f-4880-a40a-54bede4ba249","bbox":[-91.8233,41.9743,-91.8233,41.9754]},{"type":"Feature","geometry":{"coordinates":[[-91.8236,41.9755],[-91.8237,41.9742]],"type":"LineString"},"properties":{"lineWidth":3,"hideLine":false,"widthScale":"mtrs","stroke-width":2,"name":"LineString 552","id":"64aa28de-3579-4a50-9e1c-208d4a409a26","isHidden":false,"distance":0.14478978676056461,"fill":"#000000","fill-opacity":0,"stroke":"#555555","stroke-opacity":1},"id":"64aa28de-3579-4a50-9e1c-208d4a409a26","bbox":[-91.8237,41.9742,-91.8236,41.9755]},{"type":"Feature","geometry":{"coordinates":[[-91.824,41.9755],[-91.8241,41.9742]],"type":"LineString"},"properties":{"lineWidth":3,"hideLine":false,"widthScale":"mtrs","stroke-width":2,"name":"LineString 551","id":"676be6f3-2edd-462c-a169-51b7e235b0f3","isHidden":false,"distance":0.14478978676056461,"fill":"#000000","fill-opacity":0,"stroke":"#555555","stroke-opacity":1},"id":"676be6f3-2edd-462c-a169-51b7e235b0f3","bbox":[-91.8241,41.9742,-91.824,41.9755]},{"type":"Feature","geometry":{"coordinates":[[-91.8244,41.9754],[-91.8244,41.9744]],"type":"LineString"},"properties":{"lineWidth":3,"hideLine":false,"widthScale":"mtrs","stroke-width":2,"name":"LineString 550","id":"90055127-bac1-4894-8e23-b378e9e99fd8","isHidden":false,"distance":0.11119508023327375,"fill":"#000000","fill-opacity":0,"stroke":"#555555","stroke-opacity":1},"id":"90055127-bac1-4894-8e23-b378e9e99fd8","bbox":[-91.8244,41.9744,-91.8244,41.9754]},{"type":"Feature","geometry":{"coordinates":[[-91.8385,41.9868],[-91.8385,41.987],[-91.8385,41.9871],[-91.8386,41.9872],[-91.8387,41.9873],[-91.8388,41.9874],[-91.8389,41.9875],[-91.8391,41.9875],[-91.8392,41.9876],[-91.8394,41.9876],[-91.8396,41.9876],[-91.8398,41.9875],[-91.8399,41.9875],[-91.84,41.9874],[-91.8402,41.9873],[-91.8403,41.9872],[-91.8403,41.9871],[-91.8404,41.9869],[-91.8404,41.9868],[-91.8403,41.9867],[-91.8403,41.9866],[-91.8402,41.9864],[-91.8401,41.9864],[-91.84,41.9863],[-91.8398,41.9862],[-91.8397,41.9862],[-91.8395,41.9861],[-91.8393,41.9861],[-91.8391,41.9862],[-91.839,41.9862],[-91.8388,41.9863],[-91.8387,41.9864],[-91.8386,41.9865],[-91.8385,41.9866],[-91.8385,41.9867],[-91.8385,41.9868]],"type":"LineString"},"properties":{"lineWidth":3,"hideLine":false,"widthScale":"mtrs","stroke-width":2,"name":"LineString 549","id":"c260d61c-e59b-4c31-adb6-7c8906739766","isHidden":false,"distance":0.5213782863978227,"fill":"#000000","fill-opacity":0,"stroke":"#555555","stroke-opacity":1},"id":"c260d61c-e59b-4c31-adb6-7c8906739766","bbox":[-91.8404,41.9861,-91.8385,41.9876]},{"type":"Feature","geometry":{"coordinates":[[-91.8388,41.9874],[-91.8389,41.9863]],"type":"LineString"},"properties":{"lineWidth":3,"hideLine":false,"widthScale":"mtrs","stroke-width":2,"name":"LineString 548","id":"6431556b-4d86-417e-9e46-aeb305c5f317","isHidden":false,"distance":0.1225935176978523,"fill":"#000000","fill-opacity":0,"stroke":"#555555","stroke-opacity":1},"id":"6431556b-4d86-417e-9e46-aeb305c5f317","bbox":[-91.8389,41.9863,-91.8388,41.9874]},{"type":"Feature","geometry":{"coordinates":[[-91.8392,41.9875],[-91.8393,41.9862]],"type":"LineString"},"properties":{"lineWidth":3,"hideLine":false,"widthScale":"mtrs","stroke-width":2,"name":"LineString 547","id":"d87917bc-983f-4a5f-880a-b3ce842acc61","isHidden":false,"distance":0.14478969783181658,"fill":"#000000","fill-opacity":0,"stroke":"#555555","stroke-opacity":1},"id":"d87917bc-983f-4a5f-880a-b3ce842acc61","bbox":[-91.8393,41.9862,-91.8392,41.9875]},{"type":"Feature","geometry":{"coordinates":[[-91.8396,41.9875],[-91.8396,41.9862]],"type":"LineString"},"properties":{"lineWidth":3,"hideLine":false,"widthScale":"mtrs","stroke-width":2,"name":"LineString 546","id":"a54b37c2-f27a-4884-83f2-bbeb658b7563","isHidden":false,"distance":0.1445536043036509,"fill":"#000000","fill-opacity":0,"stroke":"#555555","stroke-opacity":1},"id":"a54b37c2-f27a-4884-83f2-bbeb658b7563","bbox":[-91.8396,41.9862,-91.8396,41.9875]},{"type":"Feature","geometry":{"coordinates":[[-91.8399,41.9874],[-91.84,41.9863]],"type":"LineString"},"properties":{"lineWidth":3,"hideLine":false,"widthScale":"mtrs","stroke-width":2,"name":"LineString 545","id":"3638daf3-6d03-4360-aae0-fd7317665a6c","isHidden":false,"distance":0.12259351769793148,"fill":"#000000","fill-opacity":0,"stroke":"#555555","stroke-opacity":1},"id":"3638daf3-6d03-4360-aae0-fd7317665a6c","bbox":[-91.84,41.9863,-91.8399,41.9874]},{"type":"Feature","geometry":{"coordinates":[[-91.854,41.9988],[-91.854,41.9989],[-91.8541,41.999],[-91.8541,41.9992],[-91.8542,41.9993],[-91.8544,41.9994],[-91.8545,41.9994],[-91.8546,41.9995],[-91.8548,41.9995],[-91.855,41.9995],[-91.8552,41.9995],[-91.8553,41.9995],[-91.8555,41.9994],[-91.8556,41.9993],[-91.8557,41.9993],[-91.8558,41.9991],[-91.8559,41.999],[-91.8559,41.9989],[-91.8559,41.9988],[-91.8559,41.9986],[-91.8559,41.9985],[-91.8558,41.9984],[-91.8557,41.9983],[-91.8555,41.9982],[-91.8554,41.9982],[-91.8552,41.9981],[-91.8551,41.9981],[-91.8549,41.9981],[-91.8547,41.9981],[-91.8546,41.9982],[-91.8544,41.9982],[-91.8543,41.9983],[-91.8542,41.9984],[-91.8541,41.9985],[-91.854,41.9987],[-91.854,41.9988]],"type":"LineString"},"properties":{"lineWidth":3,"hideLine":false,"widthScale":"mtrs","stroke-width":2,"name":"LineString 544","id":"c3a9043c-8113-4a25-977e-38dbf0f26771","isHidden":false,"distance":0.5200763290297158,"fill":"#000000","fill-opacity":0,"stroke":"#555555","stroke-opacity":1},"id":"c3a9043c-8113-4a25-977e-38dbf0f26771","bbox":[-91.8559,41.9981,-91.854,41.9995]},{"type":"Feature","geometry":{"coordinates":[[-91.8544,41.9993],[-91.8544,41.9983]],"type":"LineString"},"properties":{"lineWidth":3,"hideLine":false,"widthScale":"mtrs","stroke-width":2,"name":"LineString 543","id":"a374166f-55a0-479c-b422-297948400f73","isHidden":false,"distance":0.11119508023327375,"fill":"#000000","fill-opacity":0,"stroke":"#555555","stroke-opacity":1},"id":"a374166f-55a0-479c-b422-297948400f73","bbox":[-91.8544,41.9983,-91.8544,41.9993]},{"type":"Feature","geometry":{"coordinates":[[-91.8548,41.9995],[-91.8548,41.9982]],"type":"LineString"},"properties":{"lineWidth":3,"hideLine":false,"widthScale":"mtrs","stroke-width":2,"name":"LineString 542","id":"3fd92819-dfa2-45f1-a3c0-df035180890f","isHidden":false,"distance":0.1445536043036509,"fill":"#000000","fill-opacity":0,"stroke":"#555555","stroke-opacity":1},"id":"3fd92819-dfa2-45f1-a3c0-df035180890f","bbox":[-91.8548,41.9982,-91.8548,41.9995]},{"type":"Feature","geometry":{"coordinates":[[-91.8551,41.9995],[-91.8552,41.9982]],"type":"LineString"},"properties":{"lineWidth":3,"hideLine":false,"widthScale":"mtrs","stroke-width":2,"name":"LineString 541","id":"9be94ea5-6e19-4585-9601-e2354c3b7911","isHidden":false,"distance":0.14478960889842665,"fill":"#000000","fill-opacity":0,"stroke":"#555555","stroke-opacity":1},"id":"9be94ea5-6e19-4585-9601-e2354c3b7911","bbox":[-91.8552,41.9982,-91.8551,41.9995]},{"type":"Feature","geometry":{"coordinates":[[-91.8555,41.9994],[-91.8556,41.9983]],"type":"LineString"},"properties":{"lineWidth":3,"hideLine":false,"widthScale":"mtrs","stroke-width":2,"name":"LineString 540","id":"e002bb7c-8481-4fe7-9f2f-b9c78ebca970","isHidden":false,"distance":0.12259341266252774,"fill":"#000000","fill-opacity":0,"stroke":"#555555","stroke-opacity":1},"id":"e002bb7c-8481-4fe7-9f2f-b9c78ebca970","bbox":[-91.8556,41.9983,-91.8555,41.9994]},{"type":"Feature","geometry":{"coordinates":[[-91.8696,42.0108],[-91.8696,42.0109],[-91.8696,42.011],[-91.8697,42.0111],[-91.8698,42.0112],[-91.8699,42.0113],[-91.8701,42.0114],[-91.8702,42.0114],[-91.8704,42.0115],[-91.8706,42.0115],[-91.8707,42.0115],[-91.8709,42.0114],[-91.871,42.0114],[-91.8712,42.0113],[-91.8713,42.0112],[-91.8714,42.0111],[-91.8715,42.011],[-91.8715,42.0109],[-91.8715,42.0107],[-91.8715,42.0106],[-91.8714,42.0105],[-91.8713,42.0104],[-91.8712,42.0103],[-91.8711,42.0102],[-91.871,42.0101],[-91.8708,42.0101],[-91.8706,42.0101],[-91.8705,42.0101],[-91.8703,42.0101],[-91.8701,42.0101],[-91.87,42.0102],[-91.8698,42.0103],[-91.8697,42.0104],[-91.8697,42.0105],[-91.8696,42.0106],[-91.8696,42.0108]],"type":"LineString"},"properties":{"lineWidth":3,"hideLine":false,"widthScale":"mtrs","stroke-width":2,"name":"LineString 539","id":"d5bf1671-364d-431a-a079-d5c105fb7a5e","isHidden":false,"distance":0.5092698789806824,"fill":"#000000","fill-opacity":0,"stroke":"#555555","stroke-opacity":1},"id":"d5bf1671-364d-431a-a079-d5c105fb7a5e","bbox":[-91.8715,42.0101,-91.8696,42.0115]},{"type":"Feature","geometry":{"coordinates":[[-91.87,42.0113],[-91.87,42.0102]],"type":"LineString"},"properties":{"lineWidth":3,"hideLine":false,"widthScale":"mtrs","stroke-width":2,"name":"LineString 538","id":"03cdf2cd-ed24-4e61-a7f5-67956ca94790","isHidden":false,"distance":0.12231458825699618,"fill":"#000000","fill-opacity":0,"stroke":"#555555","stroke-opacity":1},"id":"03cdf2cd-ed24-4e61-a7f5-67956ca94790","bbox":[-91.87,42.0102,-91.87,42.0113]},{"type":"Feature","geometry":{"coordinates":[[-91.8703,42.0114],[-91.8704,42.0101]],"type":"LineString"},"properties":{"lineWidth":3,"hideLine":false,"widthScale":"mtrs","stroke-width":2,"name":"LineString 537","id":"2bf19334-37b6-4ddb-9c3c-0390e0e2233f","isHidden":false,"distance":0.14478952070215967,"fill":"#000000","fill-opacity":0,"stroke":"#555555","stroke-opacity":1},"id":"2bf19334-37b6-4ddb-9c3c-0390e0e2233f","bbox":[-91.8704,42.0101,-91.8703,42.0114]},{"type":"Feature","geometry":{"coordinates":[[-91.8707,42.0114],[-91.8708,42.0101]],"type":"LineString"},"properties":{"lineWidth":3,"hideLine":false,"widthScale":"mtrs","stroke-width":2,"name":"LineString 536","id":"b99fa698-d122-45c4-b0d2-beb94bbbabd5","isHidden":false,"distance":0.14478952070215967,"fill":"#000000","fill-opacity":0,"stroke":"#555555","stroke-opacity":1},"id":"b99fa698-d122-45c4-b0d2-beb94bbbabd5","bbox":[-91.8708,42.0101,-91.8707,42.0114]},{"type":"Feature","geometry":{"coordinates":[[-91.8711,42.0113],[-91.8711,42.0103]],"type":"LineString"},"properties":{"lineWidth":3,"hideLine":false,"widthScale":"mtrs","stroke-width":2,"name":"LineString 535","id":"fb24a621-1d29-4eeb-8c62-4a5467915ac4","isHidden":false,"distance":0.11119508023327375,"fill":"#000000","fill-opacity":0,"stroke":"#555555","stroke-opacity":1},"id":"fb24a621-1d29-4eeb-8c62-4a5467915ac4","bbox":[-91.8711,42.0103,-91.8711,42.0113]},{"type":"Feature","geometry":{"coordinates":[[-91.8073,41.9629],[-91.8073,41.963],[-91.8074,41.9631],[-91.8075,41.9633],[-91.8076,41.9634],[-91.8077,41.9635],[-91.8078,41.9635],[-91.808,41.9636],[-91.8081,41.9636],[-91.8083,41.9636],[-91.8085,41.9636],[-91.8086,41.9636],[-91.8088,41.9635],[-91.8089,41.9634],[-91.809,41.9634],[-91.8091,41.9632],[-91.8092,41.9631],[-91.8092,41.963],[-91.8092,41.9629],[-91.8092,41.9627],[-91.8092,41.9626],[-91.8091,41.9625],[-91.809,41.9624],[-91.8088,41.9623],[-91.8087,41.9623],[-91.8085,41.9622],[-91.8084,41.9622],[-91.8082,41.9622],[-91.808,41.9622],[-91.8079,41.9623],[-91.8077,41.9623],[-91.8076,41.9624],[-91.8075,41.9625],[-91.8074,41.9626],[-91.8074,41.9628],[-91.8073,41.9629]],"type":"LineString"},"properties":{"lineWidth":3,"hideLine":false,"widthScale":"mtrs","stroke-width":2,"name":"LineString 534","id":"887157c8-5c86-47d9-9f12-eb9963528da9","isHidden":false,"distance":0.5146893040128123,"fill":"#000000","fill-opacity":0,"stroke":"#555555","stroke-opacity":1},"id":"887157c8-5c86-47d9-9f12-eb9963528da9","bbox":[-91.8092,41.9622,-91.8073,41.9636]},{"type":"Feature","geometry":{"coordinates":[[-91.8077,41.9634],[-91.8078,41.9624]],"type":"LineString"},"properties":{"lineWidth":3,"hideLine":false,"widthScale":"mtrs","stroke-width":2,"name":"LineString 533","id":"38229770-b58a-4f35-9ce6-af59a4a2cd5f","isHidden":false,"distance":0.11150205982412713,"fill":"#000000","fill-opacity":0,"stroke":"#555555","stroke-opacity":1},"id":"38229770-b58a-4f35-9ce6-af59a4a2cd5f","bbox":[-91.8078,41.9624,-91.8077,41.9634]},{"type":"Feature","geometry":{"coordinates":[[-91.8081,41.9636],[-91.8081,41.9623]],"type":"LineString"},"properties":{"lineWidth":3,"hideLine":false,"widthScale":"mtrs","stroke-width":2,"name":"LineString 532","id":"77a9f76e-18f3-45ab-b76b-27fd315caea0","isHidden":false,"distance":0.1445536043036509,"fill":"#000000","fill-opacity":0,"stroke":"#555555","stroke-opacity":1},"id":"77a9f76e-18f3-45ab-b76b-27fd315caea0","bbox":[-91.8081,41.9623,-91.8081,41.9636]},{"type":"Feature","geometry":{"coordinates":[[-91.8084,41.9636],[-91.8085,41.9623]],"type":"LineString"},"properties":{"lineWidth":3,"hideLine":false,"widthScale":"mtrs","stroke-width":2,"name":"LineString 531","id":"0a2dcaa1-a521-4560-93b6-0df0ef466bab","isHidden":false,"distance":0.14478987494572435,"fill":"#000000","fill-opacity":0,"stroke":"#555555","stroke-opacity":1},"id":"0a2dcaa1-a521-4560-93b6-0df0ef466bab","bbox":[-91.8085,41.9623,-91.8084,41.9636]},{"type":"Feature","geometry":{"coordinates":[[-91.8088,41.9635],[-91.8089,41.9624]],"type":"LineString"},"properties":{"lineWidth":3,"hideLine":false,"widthScale":"mtrs","stroke-width":2,"name":"LineString 530","id":"89ab3419-796a-4f03-a3ef-dab99c7b2f1c","isHidden":false,"distance":0.12259372687908368,"fill":"#000000","fill-opacity":0,"stroke":"#555555","stroke-opacity":1},"id":"89ab3419-796a-4f03-a3ef-dab99c7b2f1c","bbox":[-91.8089,41.9624,-91.8088,41.9635]},{"type":"Feature","geometry":{"coordinates":[[-91.7918,41.9509],[-91.7918,41.951],[-91.7918,41.9512],[-91.7919,41.9513],[-91.792,41.9514],[-91.7921,41.9515],[-91.7923,41.9516],[-91.7924,41.9516],[-91.7926,41.9516],[-91.7928,41.9517],[-91.7929,41.9516],[-91.7931,41.9516],[-91.7932,41.9516],[-91.7934,41.9515],[-91.7935,41.9514],[-91.7936,41.9513],[-91.7937,41.9512],[-91.7937,41.951],[-91.7937,41.9509],[-91.7937,41.9508],[-91.7936,41.9507],[-91.7935,41.9505],[-91.7934,41.9504],[-91.7933,41.9504],[-91.7931,41.9503],[-91.793,41.9503],[-91.7928,41.9502],[-91.7926,41.9502],[-91.7925,41.9503],[-91.7923,41.9503],[-91.7922,41.9504],[-91.792,41.9505],[-91.7919,41.9506],[-91.7919,41.9507],[-91.7918,41.9508],[-91.7918,41.9509]],"type":"LineString"},"properties":{"lineWidth":3,"hideLine":false,"widthScale":"mtrs","stroke-width":2,"name":"LineString 529","id":"5968345d-5c41-4f9d-84c9-3239a4ae9a0b","isHidden":false,"distance":0.5227674568700689,"fill":"#000000","fill-opacity":0,"stroke":"#555555","stroke-opacity":1},"id":"5968345d-5c41-4f9d-84c9-3239a4ae9a0b","bbox":[-91.7937,41.9502,-91.7918,41.9517]},{"type":"Feature","geometry":{"coordinates":[[-91.7922,41.9515],[-91.7922,41.9504]],"type":"LineString"},"properties":{"lineWidth":3,"hideLine":false,"widthScale":"mtrs","stroke-width":2,"name":"LineString 528","id":"619b10a7-9772-4743-b4be-029e061163ea","isHidden":false,"distance":0.12231458825699618,"fill":"#000000","fill-opacity":0,"stroke":"#555555","stroke-opacity":1},"id":"619b10a7-9772-4743-b4be-029e061163ea","bbox":[-91.7922,41.9504,-91.7922,41.9515]},{"type":"Feature","geometry":{"coordinates":[[-91.7925,41.9516],[-91.7926,41.9503]],"type":"LineString"},"properties":{"lineWidth":3,"hideLine":false,"widthScale":"mtrs","stroke-width":2,"name":"LineString 527","id":"f468526c-00b1-4427-ba44-cff7c88cc7dd","isHidden":false,"distance":0.14478996386720644,"fill":"#000000","fill-opacity":0,"stroke":"#555555","stroke-opacity":1},"id":"f468526c-00b1-4427-ba44-cff7c88cc7dd","bbox":[-91.7926,41.9503,-91.7925,41.9516]},{"type":"Feature","geometry":{"coordinates":[[-91.7929,41.9516],[-91.793,41.9503]],"type":"LineString"},"properties":{"lineWidth":3,"hideLine":false,"widthScale":"mtrs","stroke-width":2,"name":"LineString 526","id":"f086d58e-7627-4dce-abbe-5f6cd96d876e","isHidden":false,"distance":0.14478996386727355,"fill":"#000000","fill-opacity":0,"stroke":"#555555","stroke-opacity":1},"id":"f086d58e-7627-4dce-abbe-5f6cd96d876e","bbox":[-91.793,41.9503,-91.7929,41.9516]},{"type":"Feature","geometry":{"coordinates":[[-91.7933,41.9515],[-91.7933,41.9504]],"type":"LineString"},"properties":{"lineWidth":3,"hideLine":false,"widthScale":"mtrs","stroke-width":2,"name":"LineString 525","id":"e0bc3cd5-71ae-475d-98e0-88570782732e","isHidden":false,"distance":0.12231458825699618,"fill":"#000000","fill-opacity":0,"stroke":"#555555","stroke-opacity":1},"id":"e0bc3cd5-71ae-475d-98e0-88570782732e","bbox":[-91.7933,41.9504,-91.7933,41.9515]},{"type":"Feature","geometry":{"coordinates":[[-91.585,41.8828],[-91.5851,41.8829],[-91.5851,41.883],[-91.5852,41.8832],[-91.5853,41.8833],[-91.5854,41.8834],[-91.5855,41.8834],[-91.5857,41.8835],[-91.5858,41.8835],[-91.586,41.8835],[-91.5862,41.8835],[-91.5863,41.8835],[-91.5865,41.8834],[-91.5866,41.8833],[-91.5867,41.8833],[-91.5868,41.8831],[-91.5869,41.883],[-91.5869,41.8829],[-91.587,41.8828],[-91.5869,41.8826],[-91.5869,41.8825],[-91.5868,41.8824],[-91.5867,41.8823],[-91.5866,41.8822],[-91.5864,41.8822],[-91.5862,41.8821],[-91.5861,41.8821],[-91.5859,41.8821],[-91.5857,41.8821],[-91.5856,41.8822],[-91.5854,41.8822],[-91.5853,41.8823],[-91.5852,41.8824],[-91.5851,41.8825],[-91.5851,41.8827],[-91.585,41.8828]],"type":"LineString"},"properties":{"lineWidth":3,"hideLine":false,"widthScale":"mtrs","stroke-width":2,"name":"LineString 524","id":"1066ce68-af9c-4a3b-8cb4-41f1ff7d7940","isHidden":false,"distance":0.5214372738672927,"fill":"#000000","fill-opacity":0,"stroke":"#555555","stroke-opacity":1},"id":"1066ce68-af9c-4a3b-8cb4-41f1ff7d7940","bbox":[-91.587,41.8821,-91.585,41.8835]},{"type":"Feature","geometry":{"coordinates":[[-91.5854,41.8833],[-91.5855,41.8823]],"type":"LineString"},"properties":{"lineWidth":3,"hideLine":false,"widthScale":"mtrs","stroke-width":2,"name":"LineString 523","id":"297a12a3-9cf8-4945-8049-3120bf196056","isHidden":false,"distance":0.11150283047252624,"fill":"#000000","fill-opacity":0,"stroke":"#555555","stroke-opacity":1},"id":"297a12a3-9cf8-4945-8049-3120bf196056","bbox":[-91.5855,41.8823,-91.5854,41.8833]},{"type":"Feature","geometry":{"coordinates":[[-91.5858,41.8835],[-91.5858,41.8821]],"type":"LineString"},"properties":{"lineWidth":3,"hideLine":false,"widthScale":"mtrs","stroke-width":2,"name":"LineString 522","id":"1080a9aa-b4ad-4967-be7f-dd8309b19465","isHidden":false,"distance":0.1556731123265833,"fill":"#000000","fill-opacity":0,"stroke":"#555555","stroke-opacity":1},"id":"1080a9aa-b4ad-4967-be7f-dd8309b19465","bbox":[-91.5858,41.8821,-91.5858,41.8835]},{"type":"Feature","geometry":{"coordinates":[[-91.5861,41.8835],[-91.5862,41.8822]],"type":"LineString"},"properties":{"lineWidth":3,"hideLine":false,"widthScale":"mtrs","stroke-width":2,"name":"LineString 521","id":"c012c97c-fcc1-4927-bcc1-d34af6781a89","isHidden":false,"distance":0.1447904684198219,"fill":"#000000","fill-opacity":0,"stroke":"#555555","stroke-opacity":1},"id":"c012c97c-fcc1-4927-bcc1-d34af6781a89","bbox":[-91.5862,41.8822,-91.5861,41.8835]},{"type":"Feature","geometry":{"coordinates":[[-91.5865,41.8834],[-91.5866,41.8823]],"type":"LineString"},"properties":{"lineWidth":3,"hideLine":false,"widthScale":"mtrs","stroke-width":2,"name":"LineString 520","id":"cb3b5eda-f9c5-45c8-8345-6e10a0a36a11","isHidden":false,"distance":0.12259442780378034,"fill":"#000000","fill-opacity":0,"stroke":"#555555","stroke-opacity":1},"id":"cb3b5eda-f9c5-45c8-8345-6e10a0a36a11","bbox":[-91.5866,41.8823,-91.5865,41.8834]},{"type":"Feature","geometry":{"coordinates":[[-91.6074,41.8831],[-91.6074,41.8832],[-91.6074,41.8833],[-91.6075,41.8834],[-91.6076,41.8835],[-91.6077,41.8836],[-91.6078,41.8837],[-91.608,41.8838],[-91.6081,41.8838],[-91.6083,41.8838],[-91.6085,41.8838],[-91.6087,41.8838],[-91.6088,41.8837],[-91.6089,41.8836],[-91.6091,41.8835],[-91.6092,41.8834],[-91.6092,41.8833],[-91.6093,41.8832],[-91.6093,41.8831],[-91.6092,41.8829],[-91.6092,41.8828],[-91.6091,41.8827],[-91.609,41.8826],[-91.6089,41.8825],[-91.6087,41.8825],[-91.6086,41.8824],[-91.6084,41.8824],[-91.6082,41.8824],[-91.608,41.8824],[-91.6079,41.8825],[-91.6077,41.8825],[-91.6076,41.8826],[-91.6075,41.8827],[-91.6074,41.8828],[-91.6074,41.8829],[-91.6074,41.8831]],"type":"LineString"},"properties":{"lineWidth":3,"hideLine":false,"widthScale":"mtrs","stroke-width":2,"name":"LineString 519","id":"7bf5a835-7a73-4bb9-bb33-700d98e86553","isHidden":false,"distance":0.5151159659309268,"fill":"#000000","fill-opacity":0,"stroke":"#555555","stroke-opacity":1},"id":"7bf5a835-7a73-4bb9-bb33-700d98e86553","bbox":[-91.6093,41.8824,-91.6074,41.8838]},{"type":"Feature","geometry":{"coordinates":[[-91.6077,41.8836],[-91.6078,41.8826]],"type":"LineString"},"properties":{"lineWidth":3,"hideLine":false,"widthScale":"mtrs","stroke-width":2,"name":"LineString 518","id":"8b20c7df-ba19-4be6-80f1-10922ddaa0fa","isHidden":false,"distance":0.11150282758752282,"fill":"#000000","fill-opacity":0,"stroke":"#555555","stroke-opacity":1},"id":"8b20c7df-ba19-4be6-80f1-10922ddaa0fa","bbox":[-91.6078,41.8826,-91.6077,41.8836]},{"type":"Feature","geometry":{"coordinates":[[-91.6081,41.8838],[-91.6082,41.8824]],"type":"LineString"},"properties":{"lineWidth":3,"hideLine":false,"widthScale":"mtrs","stroke-width":2,"name":"LineString 517","id":"1793d8c0-288a-46fd-b8bb-d3efc49cf014","isHidden":false,"distance":0.15589308064644258,"fill":"#000000","fill-opacity":0,"stroke":"#555555","stroke-opacity":1},"id":"1793d8c0-288a-46fd-b8bb-d3efc49cf014","bbox":[-91.6082,41.8824,-91.6081,41.8838]},{"type":"Feature","geometry":{"coordinates":[[-91.6085,41.8838],[-91.6085,41.8824]],"type":"LineString"},"properties":{"lineWidth":3,"hideLine":false,"widthScale":"mtrs","stroke-width":2,"name":"LineString 516","id":"cc2c19a2-3233-4ace-bc42-6fa4a36a9801","isHidden":false,"distance":0.15567311232737338,"fill":"#000000","fill-opacity":0,"stroke":"#555555","stroke-opacity":1},"id":"cc2c19a2-3233-4ace-bc42-6fa4a36a9801","bbox":[-91.6085,41.8824,-91.6085,41.8838]},{"type":"Feature","geometry":{"coordinates":[[-91.6088,41.8836],[-91.6089,41.8826]],"type":"LineString"},"properties":{"lineWidth":3,"hideLine":false,"widthScale":"mtrs","stroke-width":2,"name":"LineString 515","id":"599ba9ef-16bc-411e-9ae4-a520d1a3eb6d","isHidden":false,"distance":0.11150282758752282,"fill":"#000000","fill-opacity":0,"stroke":"#555555","stroke-opacity":1},"id":"599ba9ef-16bc-411e-9ae4-a520d1a3eb6d","bbox":[-91.6089,41.8826,-91.6088,41.8836]},{"type":"Feature","geometry":{"coordinates":[[-91.6297,41.8834],[-91.6297,41.8835],[-91.6297,41.8836],[-91.6298,41.8837],[-91.6299,41.8838],[-91.63,41.8839],[-91.6301,41.884],[-91.6303,41.8841],[-91.6305,41.8841],[-91.6306,41.8841],[-91.6308,41.8841],[-91.631,41.884],[-91.6311,41.884],[-91.6313,41.8839],[-91.6314,41.8838],[-91.6315,41.8837],[-91.6315,41.8836],[-91.6316,41.8835],[-91.6316,41.8833],[-91.6315,41.8832],[-91.6315,41.8831],[-91.6314,41.883],[-91.6313,41.8829],[-91.6312,41.8828],[-91.631,41.8827],[-91.6309,41.8827],[-91.6307,41.8827],[-91.6305,41.8827],[-91.6304,41.8827],[-91.6302,41.8827],[-91.63,41.8828],[-91.6299,41.8829],[-91.6298,41.883],[-91.6297,41.8831],[-91.6297,41.8832],[-91.6297,41.8834]],"type":"LineString"},"properties":{"lineWidth":3,"hideLine":false,"widthScale":"mtrs","stroke-width":2,"name":"LineString 514","id":"02317294-ede6-4ce1-bec2-b1f5552bc346","isHidden":false,"distance":0.5097764954492762,"fill":"#000000","fill-opacity":0,"stroke":"#555555","stroke-opacity":1},"id":"02317294-ede6-4ce1-bec2-b1f5552bc346","bbox":[-91.6316,41.8827,-91.6297,41.8841]},{"type":"Feature","geometry":{"coordinates":[[-91.63,41.8839],[-91.6301,41.8828]],"type":"LineString"},"properties":{"lineWidth":3,"hideLine":false,"widthScale":"mtrs","stroke-width":2,"name":"LineString 513","id":"810491ac-9a41-492e-a0f9-d60e941405c4","isHidden":false,"distance":0.122594423428353,"fill":"#000000","fill-opacity":0,"stroke":"#555555","stroke-opacity":1},"id":"810491ac-9a41-492e-a0f9-d60e941405c4","bbox":[-91.6301,41.8828,-91.63,41.8839]},{"type":"Feature","geometry":{"coordinates":[[-91.6304,41.884],[-91.6305,41.8827]],"type":"LineString"},"properties":{"lineWidth":3,"hideLine":false,"widthScale":"mtrs","stroke-width":2,"name":"LineString 512","id":"44bc6c52-9f2f-4ec3-b1d7-be1aebb2a45b","isHidden":false,"distance":0.1447904647158048,"fill":"#000000","fill-opacity":0,"stroke":"#555555","stroke-opacity":1},"id":"44bc6c52-9f2f-4ec3-b1d7-be1aebb2a45b","bbox":[-91.6305,41.8827,-91.6304,41.884]},{"type":"Feature","geometry":{"coordinates":[[-91.6308,41.884],[-91.6308,41.8827]],"type":"LineString"},"properties":{"lineWidth":3,"hideLine":false,"widthScale":"mtrs","stroke-width":2,"name":"LineString 511","id":"70073168-2635-49ee-92bd-e80a93df5f52","isHidden":false,"distance":0.1445536043036509,"fill":"#000000","fill-opacity":0,"stroke":"#555555","stroke-opacity":1},"id":"70073168-2635-49ee-92bd-e80a93df5f52","bbox":[-91.6308,41.8827,-91.6308,41.884]},{"type":"Feature","geometry":{"coordinates":[[-91.6311,41.8839],[-91.6312,41.8829]],"type":"LineString"},"properties":{"lineWidth":3,"hideLine":false,"widthScale":"mtrs","stroke-width":2,"name":"LineString 510","id":"da32c605-6c98-4126-99f2-baa2b28e8f06","isHidden":false,"distance":0.11150282470085289,"fill":"#000000","fill-opacity":0,"stroke":"#555555","stroke-opacity":1},"id":"da32c605-6c98-4126-99f2-baa2b28e8f06","bbox":[-91.6312,41.8829,-91.6311,41.8839]},{"type":"Feature","geometry":{"coordinates":[[-91.652,41.8836],[-91.652,41.8838],[-91.652,41.8839],[-91.6521,41.884],[-91.6522,41.8841],[-91.6523,41.8842],[-91.6524,41.8843],[-91.6526,41.8843],[-91.6528,41.8844],[-91.6529,41.8844],[-91.6531,41.8844],[-91.6533,41.8843],[-91.6534,41.8843],[-91.6536,41.8842],[-91.6537,41.8841],[-91.6538,41.884],[-91.6538,41.8839],[-91.6539,41.8838],[-91.6539,41.8836],[-91.6539,41.8835],[-91.6538,41.8834],[-91.6537,41.8833],[-91.6536,41.8832],[-91.6535,41.8831],[-91.6533,41.883],[-91.6532,41.883],[-91.653,41.8829],[-91.6528,41.883],[-91.6527,41.883],[-91.6525,41.883],[-91.6524,41.8831],[-91.6522,41.8832],[-91.6521,41.8833],[-91.652,41.8834],[-91.652,41.8835],[-91.652,41.8836]],"type":"LineString"},"properties":{"lineWidth":3,"hideLine":false,"widthScale":"mtrs","stroke-width":2,"name":"LineString 509","id":"1d921e45-0b06-4332-8763-4eeacdf6cc5e","isHidden":false,"distance":0.5165500204847917,"fill":"#000000","fill-opacity":0,"stroke":"#555555","stroke-opacity":1},"id":"1d921e45-0b06-4332-8763-4eeacdf6cc5e","bbox":[-91.6539,41.8829,-91.652,41.8844]},{"type":"Feature","geometry":{"coordinates":[[-91.6523,41.8842],[-91.6524,41.8831]],"type":"LineString"},"properties":{"lineWidth":3,"hideLine":false,"widthScale":"mtrs","stroke-width":2,"name":"LineString 508","id":"6b409177-838e-46c9-8c7d-69f5bc1bfb40","isHidden":false,"distance":0.12259442080435377,"fill":"#000000","fill-opacity":0,"stroke":"#555555","stroke-opacity":1},"id":"6b409177-838e-46c9-8c7d-69f5bc1bfb40","bbox":[-91.6524,41.8831,-91.6523,41.8842]},{"type":"Feature","geometry":{"coordinates":[[-91.6527,41.8843],[-91.6528,41.883]],"type":"LineString"},"properties":{"lineWidth":3,"hideLine":false,"widthScale":"mtrs","stroke-width":2,"name":"LineString 507","id":"c2413562-3a45-4546-9431-d2de134b5681","isHidden":false,"distance":0.1447904624933911,"fill":"#000000","fill-opacity":0,"stroke":"#555555","stroke-opacity":1},"id":"c2413562-3a45-4546-9431-d2de134b5681","bbox":[-91.6528,41.883,-91.6527,41.8843]},{"type":"Feature","geometry":{"coordinates":[[-91.6531,41.8843],[-91.6531,41.883]],"type":"LineString"},"properties":{"lineWidth":3,"hideLine":false,"widthScale":"mtrs","stroke-width":2,"name":"LineString 506","id":"91407778-7737-44b9-9a67-ce1abe30bb28","isHidden":false,"distance":0.1445536043036509,"fill":"#000000","fill-opacity":0,"stroke":"#555555","stroke-opacity":1},"id":"91407778-7737-44b9-9a67-ce1abe30bb28","bbox":[-91.6531,41.883,-91.6531,41.8843]},{"type":"Feature","geometry":{"coordinates":[[-91.6535,41.8842],[-91.6535,41.8831]],"type":"LineString"},"properties":{"lineWidth":3,"hideLine":false,"widthScale":"mtrs","stroke-width":2,"name":"LineString 505","id":"0f2d0e17-3a46-4f98-9994-e992f1c0e734","isHidden":false,"distance":0.12231458825699618,"fill":"#000000","fill-opacity":0,"stroke":"#555555","stroke-opacity":1},"id":"0f2d0e17-3a46-4f98-9994-e992f1c0e734","bbox":[-91.6535,41.8831,-91.6535,41.8842]},{"type":"Feature","geometry":{"coordinates":[[-91.6743,41.8839],[-91.6743,41.884],[-91.6743,41.8842],[-91.6744,41.8843],[-91.6745,41.8844],[-91.6746,41.8845],[-91.6748,41.8846],[-91.6749,41.8846],[-91.6751,41.8846],[-91.6752,41.8846],[-91.6754,41.8846],[-91.6756,41.8846],[-91.6757,41.8845],[-91.6759,41.8845],[-91.676,41.8844],[-91.6761,41.8843],[-91.6761,41.8841],[-91.6762,41.884],[-91.6762,41.8839],[-91.6762,41.8838],[-91.6761,41.8836],[-91.676,41.8835],[-91.6759,41.8834],[-91.6758,41.8834],[-91.6756,41.8833],[-91.6755,41.8832],[-91.6753,41.8832],[-91.6751,41.8832],[-91.675,41.8832],[-91.6748,41.8833],[-91.6747,41.8834],[-91.6745,41.8834],[-91.6744,41.8835],[-91.6744,41.8837],[-91.6743,41.8838],[-91.6743,41.8839]],"type":"LineString"},"properties":{"lineWidth":3,"hideLine":false,"widthScale":"mtrs","stroke-width":2,"name":"LineString 504","id":"ea9662e3-772d-4184-8561-e7a397a7de06","isHidden":false,"distance":0.5239861148944147,"fill":"#000000","fill-opacity":0,"stroke":"#555555","stroke-opacity":1},"id":"ea9662e3-772d-4184-8561-e7a397a7de06","bbox":[-91.6762,41.8832,-91.6743,41.8846]},{"type":"Feature","geometry":{"coordinates":[[-91.6747,41.8845],[-91.6747,41.8834]],"type":"LineString"},"properties":{"lineWidth":3,"hideLine":false,"widthScale":"mtrs","stroke-width":2,"name":"LineString 503","id":"235cb0ce-c8d1-45dd-a440-d87c9e7b6918","isHidden":false,"distance":0.12231458825699618,"fill":"#000000","fill-opacity":0,"stroke":"#555555","stroke-opacity":1},"id":"235cb0ce-c8d1-45dd-a440-d87c9e7b6918","bbox":[-91.6747,41.8834,-91.6747,41.8845]},{"type":"Feature","geometry":{"coordinates":[[-91.675,41.8846],[-91.6751,41.8833]],"type":"LineString"},"properties":{"lineWidth":3,"hideLine":false,"widthScale":"mtrs","stroke-width":2,"name":"LineString 502","id":"e0eebbd4-a22c-4eb7-91a3-470d6a4c1949","isHidden":false,"distance":0.1447904602709748,"fill":"#000000","fill-opacity":0,"stroke":"#555555","stroke-opacity":1},"id":"e0eebbd4-a22c-4eb7-91a3-470d6a4c1949","bbox":[-91.6751,41.8833,-91.675,41.8846]},{"type":"Feature","geometry":{"coordinates":[[-91.6754,41.8846],[-91.6754,41.8833]],"type":"LineString"},"properties":{"lineWidth":3,"hideLine":false,"widthScale":"mtrs","stroke-width":2,"name":"LineString 501","id":"cb9e8e31-0853-44a9-9092-a0c2dd97cebd","isHidden":false,"distance":0.1445536043036509,"fill":"#000000","fill-opacity":0,"stroke":"#555555","stroke-opacity":1},"id":"cb9e8e31-0853-44a9-9092-a0c2dd97cebd","bbox":[-91.6754,41.8833,-91.6754,41.8846]},{"type":"Feature","geometry":{"coordinates":[[-91.6758,41.8845],[-91.6758,41.8834]],"type":"LineString"},"properties":{"lineWidth":3,"hideLine":false,"widthScale":"mtrs","stroke-width":2,"name":"LineString 500","id":"84e2e40e-0ad9-4e23-9621-3d87e823ccf2","isHidden":false,"distance":0.12231458825699618,"fill":"#000000","fill-opacity":0,"stroke":"#555555","stroke-opacity":1},"id":"84e2e40e-0ad9-4e23-9621-3d87e823ccf2","bbox":[-91.6758,41.8834,-91.6758,41.8845]},{"type":"Feature","geometry":{"coordinates":[[-91.6363,41.8309],[-91.6363,41.831],[-91.6363,41.8311],[-91.6364,41.8312],[-91.6365,41.8313],[-91.6366,41.8314],[-91.6368,41.8315],[-91.6369,41.8316],[-91.6371,41.8316],[-91.6373,41.8316],[-91.6374,41.8316],[-91.6376,41.8316],[-91.6377,41.8315],[-91.6379,41.8314],[-91.638,41.8313],[-91.6381,41.8312],[-91.6382,41.8311],[-91.6382,41.831],[-91.6382,41.8308],[-91.6382,41.8307],[-91.6381,41.8306],[-91.638,41.8305],[-91.6379,41.8304],[-91.6378,41.8303],[-91.6376,41.8302],[-91.6375,41.8302],[-91.6373,41.8302],[-91.6371,41.8302],[-91.637,41.8302],[-91.6368,41.8302],[-91.6367,41.8303],[-91.6365,41.8304],[-91.6364,41.8305],[-91.6364,41.8306],[-91.6363,41.8307],[-91.6363,41.8309]],"type":"LineString"},"properties":{"lineWidth":3,"hideLine":false,"widthScale":"mtrs","stroke-width":2,"name":"LineString 499","id":"be67735a-d980-4243-8a95-ff1613be8dca","isHidden":false,"distance":0.5121814544931512,"fill":"#000000","fill-opacity":0,"stroke":"#555555","stroke-opacity":1},"id":"be67735a-d980-4243-8a95-ff1613be8dca","bbox":[-91.6382,41.8302,-91.6363,41.8316]},{"type":"Feature","geometry":{"coordinates":[[-91.6367,41.8314],[-91.6367,41.8303]],"type":"LineString"},"properties":{"lineWidth":3,"hideLine":false,"widthScale":"mtrs","stroke-width":2,"name":"LineString 498","id":"4a0b015f-892c-4747-9bc1-4c1ddb294433","isHidden":false,"distance":0.12231458825699618,"fill":"#000000","fill-opacity":0,"stroke":"#555555","stroke-opacity":1},"id":"4a0b015f-892c-4747-9bc1-4c1ddb294433","bbox":[-91.6367,41.8303,-91.6367,41.8314]},{"type":"Feature","geometry":{"coordinates":[[-91.637,41.8315],[-91.6371,41.8302]],"type":"LineString"},"properties":{"lineWidth":3,"hideLine":false,"widthScale":"mtrs","stroke-width":2,"name":"LineString 497","id":"73786df7-0b60-46ff-becc-cc2a56b048f6","isHidden":false,"distance":0.14479085359831265,"fill":"#000000","fill-opacity":0,"stroke":"#555555","stroke-opacity":1},"id":"73786df7-0b60-46ff-becc-cc2a56b048f6","bbox":[-91.6371,41.8302,-91.637,41.8315]},{"type":"Feature","geometry":{"coordinates":[[-91.6374,41.8315],[-91.6375,41.8302]],"type":"LineString"},"properties":{"lineWidth":3,"hideLine":false,"widthScale":"mtrs","stroke-width":2,"name":"LineString 496","id":"2166fbb5-6262-47a3-b273-eba64db0447a","isHidden":false,"distance":0.14479085359831265,"fill":"#000000","fill-opacity":0,"stroke":"#555555","stroke-opacity":1},"id":"2166fbb5-6262-47a3-b273-eba64db0447a","bbox":[-91.6375,41.8302,-91.6374,41.8315]},{"type":"Feature","geometry":{"coordinates":[[-91.6378,41.8314],[-91.6378,41.8304]],"type":"LineString"},"properties":{"lineWidth":3,"hideLine":false,"widthScale":"mtrs","stroke-width":2,"name":"LineString 495","id":"d93d6edb-e0bc-475d-8123-73240cf47887","isHidden":false,"distance":0.11119508023406385,"fill":"#000000","fill-opacity":0,"stroke":"#555555","stroke-opacity":1},"id":"d93d6edb-e0bc-475d-8123-73240cf47887","bbox":[-91.6378,41.8304,-91.6378,41.8314]},{"type":"Feature","geometry":{"coordinates":[[-91.6518,41.8429],[-91.6518,41.843],[-91.6518,41.8431],[-91.6519,41.8432],[-91.652,41.8433],[-91.6521,41.8434],[-91.6523,41.8435],[-91.6524,41.8435],[-91.6526,41.8436],[-91.6527,41.8436],[-91.6529,41.8436],[-91.6531,41.8435],[-91.6532,41.8435],[-91.6534,41.8434],[-91.6535,41.8433],[-91.6536,41.8432],[-91.6536,41.8431],[-91.6537,41.843],[-91.6537,41.8428],[-91.6537,41.8427],[-91.6536,41.8426],[-91.6535,41.8425],[-91.6534,41.8424],[-91.6533,41.8423],[-91.6531,41.8422],[-91.653,41.8422],[-91.6528,41.8422],[-91.6526,41.8422],[-91.6525,41.8422],[-91.6523,41.8422],[-91.6522,41.8423],[-91.652,41.8424],[-91.6519,41.8425],[-91.6519,41.8426],[-91.6518,41.8427],[-91.6518,41.8429]],"type":"LineString"},"properties":{"lineWidth":3,"hideLine":false,"widthScale":"mtrs","stroke-width":2,"name":"LineString 494","id":"2248f83c-f743-4587-a665-5c6cfaa31bae","isHidden":false,"distance":0.5077407616618651,"fill":"#000000","fill-opacity":0,"stroke":"#555555","stroke-opacity":1},"id":"2248f83c-f743-4587-a665-5c6cfaa31bae","bbox":[-91.6537,41.8422,-91.6518,41.8436]},{"type":"Feature","geometry":{"coordinates":[[-91.6522,41.8434],[-91.6522,41.8423]],"type":"LineString"},"properties":{"lineWidth":3,"hideLine":false,"widthScale":"mtrs","stroke-width":2,"name":"LineString 493","id":"1cfe0ee7-b937-4d09-9563-6155da81aef2","isHidden":false,"distance":0.12231458825699618,"fill":"#000000","fill-opacity":0,"stroke":"#555555","stroke-opacity":1},"id":"1cfe0ee7-b937-4d09-9563-6155da81aef2","bbox":[-91.6522,41.8423,-91.6522,41.8434]},{"type":"Feature","geometry":{"coordinates":[[-91.6525,41.8435],[-91.6526,41.8422]],"type":"LineString"},"properties":{"lineWidth":3,"hideLine":false,"widthScale":"mtrs","stroke-width":2,"name":"LineString 492","id":"c0b0bd90-4b46-4458-a228-7eb980ecd4b6","isHidden":false,"distance":0.1447907647179056,"fill":"#000000","fill-opacity":0,"stroke":"#555555","stroke-opacity":1},"id":"c0b0bd90-4b46-4458-a228-7eb980ecd4b6","bbox":[-91.6526,41.8422,-91.6525,41.8435]},{"type":"Feature","geometry":{"coordinates":[[-91.6529,41.8435],[-91.6529,41.8422]],"type":"LineString"},"properties":{"lineWidth":3,"hideLine":false,"widthScale":"mtrs","stroke-width":2,"name":"LineString 491","id":"3a9be9c3-83ad-4fab-aaa9-3782d1c22a19","isHidden":false,"distance":0.1445536043036509,"fill":"#000000","fill-opacity":0,"stroke":"#555555","stroke-opacity":1},"id":"3a9be9c3-83ad-4fab-aaa9-3782d1c22a19","bbox":[-91.6529,41.8422,-91.6529,41.8435]},{"type":"Feature","geometry":{"coordinates":[[-91.6533,41.8434],[-91.6533,41.8424]],"type":"LineString"},"properties":{"lineWidth":3,"hideLine":false,"widthScale":"mtrs","stroke-width":2,"name":"LineString 490","id":"c2914ad7-4621-460c-8649-a4c6abf9a0de","isHidden":false,"distance":0.11119508023406385,"fill":"#000000","fill-opacity":0,"stroke":"#555555","stroke-opacity":1},"id":"c2914ad7-4621-460c-8649-a4c6abf9a0de","bbox":[-91.6533,41.8424,-91.6533,41.8434]},{"type":"Feature","geometry":{"coordinates":[[-91.6673,41.8548],[-91.6673,41.855],[-91.6673,41.8551],[-91.6674,41.8552],[-91.6675,41.8553],[-91.6676,41.8554],[-91.6677,41.8555],[-91.6679,41.8555],[-91.6681,41.8556],[-91.6682,41.8556],[-91.6684,41.8556],[-91.6686,41.8555],[-91.6687,41.8555],[-91.6689,41.8554],[-91.669,41.8553],[-91.6691,41.8552],[-91.6691,41.8551],[-91.6692,41.855],[-91.6692,41.8548],[-91.6692,41.8547],[-91.6691,41.8546],[-91.669,41.8545],[-91.6689,41.8544],[-91.6688,41.8543],[-91.6686,41.8542],[-91.6685,41.8542],[-91.6683,41.8542],[-91.6681,41.8542],[-91.668,41.8542],[-91.6678,41.8542],[-91.6677,41.8543],[-91.6675,41.8544],[-91.6674,41.8545],[-91.6673,41.8546],[-91.6673,41.8547],[-91.6673,41.8548]],"type":"LineString"},"properties":{"lineWidth":3,"hideLine":false,"widthScale":"mtrs","stroke-width":2,"name":"LineString 489","id":"94fd5bca-bcd7-4e93-86a9-ba85d7037fd8","isHidden":false,"distance":0.5098897138508741,"fill":"#000000","fill-opacity":0,"stroke":"#555555","stroke-opacity":1},"id":"94fd5bca-bcd7-4e93-86a9-ba85d7037fd8","bbox":[-91.6692,41.8542,-91.6673,41.8556]},{"type":"Feature","geometry":{"coordinates":[[-91.6677,41.8554],[-91.6677,41.8543]],"type":"LineString"},"properties":{"lineWidth":3,"hideLine":false,"widthScale":"mtrs","stroke-width":2,"name":"LineString 488","id":"10526767-5125-4332-b741-c1332c20a2d0","isHidden":false,"distance":0.12231458825699618,"fill":"#000000","fill-opacity":0,"stroke":"#555555","stroke-opacity":1},"id":"10526767-5125-4332-b741-c1332c20a2d0","bbox":[-91.6677,41.8543,-91.6677,41.8554]},{"type":"Feature","geometry":{"coordinates":[[-91.668,41.8555],[-91.6681,41.8542]],"type":"LineString"},"properties":{"lineWidth":3,"hideLine":false,"widthScale":"mtrs","stroke-width":2,"name":"LineString 487","id":"5bfe03bd-89f3-4597-a61f-35ca4806d25e","isHidden":false,"distance":0.14479067583325694,"fill":"#000000","fill-opacity":0,"stroke":"#555555","stroke-opacity":1},"id":"5bfe03bd-89f3-4597-a61f-35ca4806d25e","bbox":[-91.6681,41.8542,-91.668,41.8555]},{"type":"Feature","geometry":{"coordinates":[[-91.6684,41.8555],[-91.6684,41.8542]],"type":"LineString"},"properties":{"lineWidth":3,"hideLine":false,"widthScale":"mtrs","stroke-width":2,"name":"LineString 486","id":"ca960e0a-9144-478a-9043-e58f5840153b","isHidden":false,"distance":0.1445536043036509,"fill":"#000000","fill-opacity":0,"stroke":"#555555","stroke-opacity":1},"id":"ca960e0a-9144-478a-9043-e58f5840153b","bbox":[-91.6684,41.8542,-91.6684,41.8555]},{"type":"Feature","geometry":{"coordinates":[[-91.6688,41.8554],[-91.6688,41.8544]],"type":"LineString"},"properties":{"lineWidth":3,"hideLine":false,"widthScale":"mtrs","stroke-width":2,"name":"LineString 485","id":"073756bf-525d-4b8b-96ec-39e7a0a4e8ab","isHidden":false,"distance":0.11119508023406385,"fill":"#000000","fill-opacity":0,"stroke":"#555555","stroke-opacity":1},"id":"073756bf-525d-4b8b-96ec-39e7a0a4e8ab","bbox":[-91.6688,41.8544,-91.6688,41.8554]},{"type":"Feature","geometry":{"coordinates":[[-91.6828,41.8668],[-91.6828,41.867],[-91.6828,41.8671],[-91.6829,41.8672],[-91.683,41.8673],[-91.6831,41.8674],[-91.6832,41.8675],[-91.6834,41.8675],[-91.6836,41.8676],[-91.6837,41.8676],[-91.6839,41.8676],[-91.6841,41.8675],[-91.6842,41.8675],[-91.6844,41.8674],[-91.6845,41.8673],[-91.6846,41.8672],[-91.6846,41.8671],[-91.6847,41.8669],[-91.6847,41.8668],[-91.6847,41.8667],[-91.6846,41.8666],[-91.6845,41.8665],[-91.6844,41.8664],[-91.6843,41.8663],[-91.6841,41.8662],[-91.684,41.8662],[-91.6838,41.8661],[-91.6836,41.8661],[-91.6835,41.8662],[-91.6833,41.8662],[-91.6832,41.8663],[-91.683,41.8664],[-91.6829,41.8665],[-91.6829,41.8666],[-91.6828,41.8667],[-91.6828,41.8668]],"type":"LineString"},"properties":{"lineWidth":3,"hideLine":false,"widthScale":"mtrs","stroke-width":2,"name":"LineString 484","id":"cf25106a-ab70-46b7-be70-bbe6f932eb8d","isHidden":false,"distance":0.5175591245759337,"fill":"#000000","fill-opacity":0,"stroke":"#555555","stroke-opacity":1},"id":"cf25106a-ab70-46b7-be70-bbe6f932eb8d","bbox":[-91.6847,41.8661,-91.6828,41.8676]},{"type":"Feature","geometry":{"coordinates":[[-91.6832,41.8674],[-91.6832,41.8663]],"type":"LineString"},"properties":{"lineWidth":3,"hideLine":false,"widthScale":"mtrs","stroke-width":2,"name":"LineString 483","id":"6f000e12-6efa-4ec9-8b29-fe466b8b51ef","isHidden":false,"distance":0.12231458825699618,"fill":"#000000","fill-opacity":0,"stroke":"#555555","stroke-opacity":1},"id":"6f000e12-6efa-4ec9-8b29-fe466b8b51ef","bbox":[-91.6832,41.8663,-91.6832,41.8674]},{"type":"Feature","geometry":{"coordinates":[[-91.6835,41.8675],[-91.6836,41.8662]],"type":"LineString"},"properties":{"lineWidth":3,"hideLine":false,"widthScale":"mtrs","stroke-width":2,"name":"LineString 482","id":"d2b75597-1a95-4c6b-a234-edf37306a8aa","isHidden":false,"distance":0.1447905869445842,"fill":"#000000","fill-opacity":0,"stroke":"#555555","stroke-opacity":1},"id":"d2b75597-1a95-4c6b-a234-edf37306a8aa","bbox":[-91.6836,41.8662,-91.6835,41.8675]},{"type":"Feature","geometry":{"coordinates":[[-91.6839,41.8675],[-91.6839,41.8662]],"type":"LineString"},"properties":{"lineWidth":3,"hideLine":false,"widthScale":"mtrs","stroke-width":2,"name":"LineString 481","id":"29a608e6-1c04-4e5b-8e2a-1f74d7e1cb8a","isHidden":false,"distance":0.1445536043036509,"fill":"#000000","fill-opacity":0,"stroke":"#555555","stroke-opacity":1},"id":"29a608e6-1c04-4e5b-8e2a-1f74d7e1cb8a","bbox":[-91.6839,41.8662,-91.6839,41.8675]},{"type":"Feature","geometry":{"coordinates":[[-91.6843,41.8674],[-91.6843,41.8663]],"type":"LineString"},"properties":{"lineWidth":3,"hideLine":false,"widthScale":"mtrs","stroke-width":2,"name":"LineString 480","id":"0da28bfb-a158-45a3-bf0e-b690371df857","isHidden":false,"distance":0.12231458825699618,"fill":"#000000","fill-opacity":0,"stroke":"#555555","stroke-opacity":1},"id":"0da28bfb-a158-45a3-bf0e-b690371df857","bbox":[-91.6843,41.8663,-91.6843,41.8674]},{"type":"Feature","geometry":{"coordinates":[[-91.7505,41.8848],[-91.7505,41.885],[-91.7505,41.8851],[-91.7506,41.8852],[-91.7507,41.8853],[-91.7508,41.8854],[-91.751,41.8855],[-91.7511,41.8855],[-91.7513,41.8856],[-91.7514,41.8856],[-91.7516,41.8856],[-91.7518,41.8855],[-91.7519,41.8855],[-91.7521,41.8854],[-91.7522,41.8853],[-91.7523,41.8852],[-91.7523,41.8851],[-91.7524,41.8849],[-91.7524,41.8848],[-91.7524,41.8847],[-91.7523,41.8846],[-91.7522,41.8845],[-91.7521,41.8844],[-91.752,41.8843],[-91.7518,41.8842],[-91.7517,41.8842],[-91.7515,41.8841],[-91.7513,41.8842],[-91.7512,41.8842],[-91.751,41.8842],[-91.7509,41.8843],[-91.7507,41.8844],[-91.7506,41.8845],[-91.7506,41.8846],[-91.7505,41.8847],[-91.7505,41.8848]],"type":"LineString"},"properties":{"lineWidth":3,"hideLine":false,"widthScale":"mtrs","stroke-width":2,"name":"LineString 479","id":"47b4f2ad-d72b-4ad8-85ec-08f26608f137","isHidden":false,"distance":0.5130960465998569,"fill":"#000000","fill-opacity":0,"stroke":"#555555","stroke-opacity":1},"id":"47b4f2ad-d72b-4ad8-85ec-08f26608f137","bbox":[-91.7524,41.8841,-91.7505,41.8856]},{"type":"Feature","geometry":{"coordinates":[[-91.7509,41.8854],[-91.7509,41.8843]],"type":"LineString"},"properties":{"lineWidth":3,"hideLine":false,"widthScale":"mtrs","stroke-width":2,"name":"LineString 478","id":"8e1b12f1-dfeb-4ed8-9d43-1afb4ca9652f","isHidden":false,"distance":0.12231458825620609,"fill":"#000000","fill-opacity":0,"stroke":"#555555","stroke-opacity":1},"id":"8e1b12f1-dfeb-4ed8-9d43-1afb4ca9652f","bbox":[-91.7509,41.8843,-91.7509,41.8854]},{"type":"Feature","geometry":{"coordinates":[[-91.7512,41.8855],[-91.7513,41.8842]],"type":"LineString"},"properties":{"lineWidth":3,"hideLine":false,"widthScale":"mtrs","stroke-width":2,"name":"LineString 477","id":"f1da2baf-1373-40e0-89d5-0bf2617315cc","isHidden":false,"distance":0.14479045360371054,"fill":"#000000","fill-opacity":0,"stroke":"#555555","stroke-opacity":1},"id":"f1da2baf-1373-40e0-89d5-0bf2617315cc","bbox":[-91.7513,41.8842,-91.7512,41.8855]},{"type":"Feature","geometry":{"coordinates":[[-91.7516,41.8855],[-91.7517,41.8842]],"type":"LineString"},"properties":{"lineWidth":3,"hideLine":false,"widthScale":"mtrs","stroke-width":2,"name":"LineString 476","id":"5e5bb3fb-a9b5-4d91-92a3-9904d4e9c8c9","isHidden":false,"distance":0.14479045360371054,"fill":"#000000","fill-opacity":0,"stroke":"#555555","stroke-opacity":1},"id":"5e5bb3fb-a9b5-4d91-92a3-9904d4e9c8c9","bbox":[-91.7517,41.8842,-91.7516,41.8855]},{"type":"Feature","geometry":{"coordinates":[[-91.752,41.8854],[-91.752,41.8843]],"type":"LineString"},"properties":{"lineWidth":3,"hideLine":false,"widthScale":"mtrs","stroke-width":2,"name":"LineString 475","id":"fb08f2be-9586-4147-a44a-a0d47eda1e87","isHidden":false,"distance":0.12231458825620609,"fill":"#000000","fill-opacity":0,"stroke":"#555555","stroke-opacity":1},"id":"fb08f2be-9586-4147-a44a-a0d47eda1e87","bbox":[-91.752,41.8843,-91.752,41.8854]},{"type":"Feature","geometry":{"coordinates":[[-91.7296,41.903],[-91.7296,41.9031],[-91.7297,41.9033],[-91.7298,41.9034],[-91.7299,41.9035],[-91.73,41.9036],[-91.7301,41.9037],[-91.7303,41.9037],[-91.7304,41.9037],[-91.7306,41.9038],[-91.7308,41.9037],[-91.7309,41.9037],[-91.7311,41.9037],[-91.7312,41.9036],[-91.7313,41.9035],[-91.7314,41.9034],[-91.7315,41.9033],[-91.7315,41.9031],[-91.7315,41.903],[-91.7315,41.9029],[-91.7315,41.9028],[-91.7314,41.9026],[-91.7313,41.9025],[-91.7311,41.9025],[-91.731,41.9024],[-91.7308,41.9024],[-91.7307,41.9023],[-91.7305,41.9023],[-91.7303,41.9024],[-91.7302,41.9024],[-91.73,41.9025],[-91.7299,41.9026],[-91.7298,41.9027],[-91.7297,41.9028],[-91.7297,41.9029],[-91.7296,41.903]],"type":"LineString"},"properties":{"lineWidth":3,"hideLine":false,"widthScale":"mtrs","stroke-width":2,"name":"LineString 474","id":"bf93aeb4-691d-48d0-880a-1537741f53ec","isHidden":false,"distance":0.5205624693847907,"fill":"#000000","fill-opacity":0,"stroke":"#555555","stroke-opacity":1},"id":"bf93aeb4-691d-48d0-880a-1537741f53ec","bbox":[-91.7315,41.9023,-91.7296,41.9038]},{"type":"Feature","geometry":{"coordinates":[[-91.73,41.9036],[-91.7301,41.9025]],"type":"LineString"},"properties":{"lineWidth":3,"hideLine":false,"widthScale":"mtrs","stroke-width":2,"name":"LineString 473","id":"8b6ea17c-c93a-45f6-9ffd-dd427c0c7afe","isHidden":false,"distance":0.12259425106074637,"fill":"#000000","fill-opacity":0,"stroke":"#555555","stroke-opacity":1},"id":"8b6ea17c-c93a-45f6-9ffd-dd427c0c7afe","bbox":[-91.7301,41.9025,-91.73,41.9036]},{"type":"Feature","geometry":{"coordinates":[[-91.7304,41.9037],[-91.7304,41.9024]],"type":"LineString"},"properties":{"lineWidth":3,"hideLine":false,"widthScale":"mtrs","stroke-width":2,"name":"LineString 472","id":"2fc96286-9351-4883-b295-f4eae0c8a92f","isHidden":false,"distance":0.1445536043036509,"fill":"#000000","fill-opacity":0,"stroke":"#555555","stroke-opacity":1},"id":"2fc96286-9351-4883-b295-f4eae0c8a92f","bbox":[-91.7304,41.9024,-91.7304,41.9037]},{"type":"Feature","geometry":{"coordinates":[[-91.7307,41.9037],[-91.7308,41.9024]],"type":"LineString"},"properties":{"lineWidth":3,"hideLine":false,"widthScale":"mtrs","stroke-width":2,"name":"LineString 471","id":"d010cda0-e5f5-4cd6-bb25-616d8a6813ce","isHidden":false,"distance":0.1447903187718474,"fill":"#000000","fill-opacity":0,"stroke":"#555555","stroke-opacity":1},"id":"d010cda0-e5f5-4cd6-bb25-616d8a6813ce","bbox":[-91.7308,41.9024,-91.7307,41.9037]},{"type":"Feature","geometry":{"coordinates":[[-91.7311,41.9036],[-91.7312,41.9025]],"type":"LineString"},"properties":{"lineWidth":3,"hideLine":false,"widthScale":"mtrs","stroke-width":2,"name":"LineString 470","id":"5f85b19d-a85b-41a4-88f9-25ea3d11358f","isHidden":false,"distance":0.12259425106082576,"fill":"#000000","fill-opacity":0,"stroke":"#555555","stroke-opacity":1},"id":"5f85b19d-a85b-41a4-88f9-25ea3d11358f","bbox":[-91.7312,41.9025,-91.7311,41.9036]},{"type":"Feature","geometry":{"coordinates":[[-91.7452,41.915],[-91.7452,41.9151],[-91.7452,41.9153],[-91.7453,41.9154],[-91.7454,41.9155],[-91.7455,41.9156],[-91.7456,41.9156],[-91.7458,41.9157],[-91.746,41.9157],[-91.7461,41.9157],[-91.7463,41.9157],[-91.7465,41.9157],[-91.7466,41.9156],[-91.7468,41.9156],[-91.7469,41.9155],[-91.747,41.9154],[-91.747,41.9152],[-91.7471,41.9151],[-91.7471,41.915],[-91.7471,41.9149],[-91.747,41.9147],[-91.7469,41.9146],[-91.7468,41.9145],[-91.7467,41.9144],[-91.7465,41.9144],[-91.7464,41.9143],[-91.7462,41.9143],[-91.746,41.9143],[-91.7459,41.9143],[-91.7457,41.9144],[-91.7456,41.9145],[-91.7454,41.9145],[-91.7453,41.9146],[-91.7452,41.9148],[-91.7452,41.9149],[-91.7452,41.915]],"type":"LineString"},"properties":{"lineWidth":3,"hideLine":false,"widthScale":"mtrs","stroke-width":2,"name":"LineString 469","id":"8c6f79fd-e7b5-4c0b-8452-e91bddbb734b","isHidden":false,"distance":0.5248065998853688,"fill":"#000000","fill-opacity":0,"stroke":"#555555","stroke-opacity":1},"id":"8c6f79fd-e7b5-4c0b-8452-e91bddbb734b","bbox":[-91.7471,41.9143,-91.7452,41.9157]},{"type":"Feature","geometry":{"coordinates":[[-91.7455,41.9155],[-91.7456,41.9145]],"type":"LineString"},"properties":{"lineWidth":3,"hideLine":false,"widthScale":"mtrs","stroke-width":2,"name":"LineString 468","id":"b6937149-f454-46eb-b499-02d93138b685","isHidden":false,"distance":0.11150252070313771,"fill":"#000000","fill-opacity":0,"stroke":"#555555","stroke-opacity":1},"id":"b6937149-f454-46eb-b499-02d93138b685","bbox":[-91.7456,41.9145,-91.7455,41.9155]},{"type":"Feature","geometry":{"coordinates":[[-91.7459,41.9157],[-91.746,41.9144]],"type":"LineString"},"properties":{"lineWidth":3,"hideLine":false,"widthScale":"mtrs","stroke-width":2,"name":"LineString 467","id":"13558aa4-9048-4625-8d66-6f8972d59486","isHidden":false,"distance":0.144790229866493,"fill":"#000000","fill-opacity":0,"stroke":"#555555","stroke-opacity":1},"id":"13558aa4-9048-4625-8d66-6f8972d59486","bbox":[-91.746,41.9144,-91.7459,41.9157]},{"type":"Feature","geometry":{"coordinates":[[-91.7463,41.9157],[-91.7463,41.9144]],"type":"LineString"},"properties":{"lineWidth":3,"hideLine":false,"widthScale":"mtrs","stroke-width":2,"name":"LineString 466","id":"d7a8378f-9772-4247-b22c-144e24726576","isHidden":false,"distance":0.1445536043036509,"fill":"#000000","fill-opacity":0,"stroke":"#555555","stroke-opacity":1},"id":"d7a8378f-9772-4247-b22c-144e24726576","bbox":[-91.7463,41.9144,-91.7463,41.9157]},{"type":"Feature","geometry":{"coordinates":[[-91.7466,41.9156],[-91.7467,41.9145]],"type":"LineString"},"properties":{"lineWidth":3,"hideLine":false,"widthScale":"mtrs","stroke-width":2,"name":"LineString 465","id":"4f77b793-f952-46ab-8c25-dde07fec690e","isHidden":false,"distance":0.12259414605973731,"fill":"#000000","fill-opacity":0,"stroke":"#555555","stroke-opacity":1},"id":"4f77b793-f952-46ab-8c25-dde07fec690e","bbox":[-91.7467,41.9145,-91.7466,41.9156]},{"type":"Feature","geometry":{"coordinates":[[-91.7607,41.927],[-91.7607,41.9271],[-91.7608,41.9272],[-91.7608,41.9273],[-91.7609,41.9275],[-91.761,41.9275],[-91.7612,41.9276],[-91.7613,41.9277],[-91.7615,41.9277],[-91.7617,41.9277],[-91.7618,41.9277],[-91.762,41.9277],[-91.7622,41.9276],[-91.7623,41.9275],[-91.7624,41.9274],[-91.7625,41.9273],[-91.7626,41.9272],[-91.7626,41.9271],[-91.7626,41.927],[-91.7626,41.9268],[-91.7625,41.9267],[-91.7624,41.9266],[-91.7623,41.9265],[-91.7622,41.9264],[-91.7621,41.9264],[-91.7619,41.9263],[-91.7617,41.9263],[-91.7616,41.9263],[-91.7614,41.9263],[-91.7612,41.9264],[-91.7611,41.9264],[-91.761,41.9265],[-91.7609,41.9266],[-91.7608,41.9267],[-91.7607,41.9268],[-91.7607,41.927]],"type":"LineString"},"properties":{"lineWidth":3,"hideLine":false,"widthScale":"mtrs","stroke-width":2,"name":"LineString 464","id":"e67daf00-af7f-4709-9059-6857f76ccd31","isHidden":false,"distance":0.5105493620031343,"fill":"#000000","fill-opacity":0,"stroke":"#555555","stroke-opacity":1},"id":"e67daf00-af7f-4709-9059-6857f76ccd31","bbox":[-91.7626,41.9263,-91.7607,41.9277]},{"type":"Feature","geometry":{"coordinates":[[-91.7611,41.9275],[-91.7611,41.9265]],"type":"LineString"},"properties":{"lineWidth":3,"hideLine":false,"widthScale":"mtrs","stroke-width":2,"name":"LineString 463","id":"59ac4458-b15f-4a83-a894-21ce4bb06646","isHidden":false,"distance":0.11119508023406385,"fill":"#000000","fill-opacity":0,"stroke":"#555555","stroke-opacity":1},"id":"59ac4458-b15f-4a83-a894-21ce4bb06646","bbox":[-91.7611,41.9265,-91.7611,41.9275]},{"type":"Feature","geometry":{"coordinates":[[-91.7614,41.9277],[-91.7615,41.9263]],"type":"LineString"},"properties":{"lineWidth":3,"hideLine":false,"widthScale":"mtrs","stroke-width":2,"name":"LineString 462","id":"91220ba8-23e0-4999-a422-59a64953d968","isHidden":false,"distance":0.15589277856974543,"fill":"#000000","fill-opacity":0,"stroke":"#555555","stroke-opacity":1},"id":"91220ba8-23e0-4999-a422-59a64953d968","bbox":[-91.7615,41.9263,-91.7614,41.9277]},{"type":"Feature","geometry":{"coordinates":[[-91.7618,41.9277],[-91.7619,41.9263]],"type":"LineString"},"properties":{"lineWidth":3,"hideLine":false,"widthScale":"mtrs","stroke-width":2,"name":"LineString 461","id":"753f2d2f-d552-4571-8ac8-21988e066ade","isHidden":false,"distance":0.15589277856974543,"fill":"#000000","fill-opacity":0,"stroke":"#555555","stroke-opacity":1},"id":"753f2d2f-d552-4571-8ac8-21988e066ade","bbox":[-91.7619,41.9263,-91.7618,41.9277]},{"type":"Feature","geometry":{"coordinates":[[-91.7622,41.9275],[-91.7622,41.9265]],"type":"LineString"},"properties":{"lineWidth":3,"hideLine":false,"widthScale":"mtrs","stroke-width":2,"name":"LineString 460","id":"b6458c49-871f-4dd7-8adc-9aae20a06bfb","isHidden":false,"distance":0.11119508023406385,"fill":"#000000","fill-opacity":0,"stroke":"#555555","stroke-opacity":1},"id":"b6458c49-871f-4dd7-8adc-9aae20a06bfb","bbox":[-91.7622,41.9265,-91.7622,41.9275]},{"type":"Feature","geometry":{"coordinates":[[-91.7762,41.9389],[-91.7763,41.9391],[-91.7763,41.9392],[-91.7764,41.9393],[-91.7765,41.9394],[-91.7766,41.9395],[-91.7767,41.9396],[-91.7769,41.9396],[-91.777,41.9397],[-91.7772,41.9397],[-91.7774,41.9397],[-91.7775,41.9396],[-91.7777,41.9396],[-91.7778,41.9395],[-91.7779,41.9394],[-91.778,41.9393],[-91.7781,41.9392],[-91.7781,41.9391],[-91.7781,41.9389],[-91.7781,41.9388],[-91.7781,41.9387],[-91.778,41.9386],[-91.7779,41.9385],[-91.7777,41.9384],[-91.7776,41.9383],[-91.7774,41.9383],[-91.7773,41.9383],[-91.7771,41.9383],[-91.7769,41.9383],[-91.7768,41.9383],[-91.7766,41.9384],[-91.7765,41.9385],[-91.7764,41.9386],[-91.7763,41.9387],[-91.7763,41.9388],[-91.7762,41.9389]],"type":"LineString"},"properties":{"lineWidth":3,"hideLine":false,"widthScale":"mtrs","stroke-width":2,"name":"LineString 459","id":"34b7fc2b-110d-41ea-b67f-338424eb5268","isHidden":false,"distance":0.50936479067641,"fill":"#000000","fill-opacity":0,"stroke":"#555555","stroke-opacity":1},"id":"34b7fc2b-110d-41ea-b67f-338424eb5268","bbox":[-91.7781,41.9383,-91.7762,41.9397]},{"type":"Feature","geometry":{"coordinates":[[-91.7766,41.9395],[-91.7767,41.9384]],"type":"LineString"},"properties":{"lineWidth":3,"hideLine":false,"widthScale":"mtrs","stroke-width":2,"name":"LineString 458","id":"5e1802b7-b2ee-4d65-b473-a85ff16a7084","isHidden":false,"distance":0.12259393691658414,"fill":"#000000","fill-opacity":0,"stroke":"#555555","stroke-opacity":1},"id":"5e1802b7-b2ee-4d65-b473-a85ff16a7084","bbox":[-91.7767,41.9384,-91.7766,41.9395]},{"type":"Feature","geometry":{"coordinates":[[-91.777,41.9396],[-91.777,41.9383]],"type":"LineString"},"properties":{"lineWidth":3,"hideLine":false,"widthScale":"mtrs","stroke-width":2,"name":"LineString 457","id":"2e55a023-1462-402f-a3c4-2ee9e63d1871","isHidden":false,"distance":0.1445536043036509,"fill":"#000000","fill-opacity":0,"stroke":"#555555","stroke-opacity":1},"id":"2e55a023-1462-402f-a3c4-2ee9e63d1871","bbox":[-91.777,41.9383,-91.777,41.9396]},{"type":"Feature","geometry":{"coordinates":[[-91.7773,41.9396],[-91.7774,41.9383]],"type":"LineString"},"properties":{"lineWidth":3,"hideLine":false,"widthScale":"mtrs","stroke-width":2,"name":"LineString 456","id":"aac3ee4e-bbe3-482f-8b90-e7d316c776fd","isHidden":false,"distance":0.14479005278472185,"fill":"#000000","fill-opacity":0,"stroke":"#555555","stroke-opacity":1},"id":"aac3ee4e-bbe3-482f-8b90-e7d316c776fd","bbox":[-91.7774,41.9383,-91.7773,41.9396]},{"type":"Feature","geometry":{"coordinates":[[-91.7777,41.9395],[-91.7778,41.9385]],"type":"LineString"},"properties":{"lineWidth":3,"hideLine":false,"widthScale":"mtrs","stroke-width":2,"name":"LineString 455","id":"fdc0bf09-5d6f-46f8-8f4a-82cc77ca4927","isHidden":false,"distance":0.11150228979355596,"fill":"#000000","fill-opacity":0,"stroke":"#555555","stroke-opacity":1},"id":"fdc0bf09-5d6f-46f8-8f4a-82cc77ca4927","bbox":[-91.7778,41.9385,-91.7777,41.9395]},{"type":"Feature","geometry":{"coordinates":[[-91.9959,41.8874],[-91.9959,41.8876],[-91.996,41.8877],[-91.996,41.8878],[-91.9961,41.8879],[-91.9962,41.888],[-91.9964,41.8881],[-91.9965,41.8881],[-91.9967,41.8882],[-91.9969,41.8882],[-91.997,41.8882],[-91.9972,41.8881],[-91.9974,41.8881],[-91.9975,41.888],[-91.9976,41.8879],[-91.9977,41.8878],[-91.9978,41.8877],[-91.9978,41.8876],[-91.9978,41.8874],[-91.9978,41.8873],[-91.9977,41.8872],[-91.9976,41.8871],[-91.9975,41.887],[-91.9974,41.8869],[-91.9973,41.8868],[-91.9971,41.8868],[-91.9969,41.8868],[-91.9968,41.8868],[-91.9966,41.8868],[-91.9964,41.8868],[-91.9963,41.8869],[-91.9962,41.887],[-91.9961,41.8871],[-91.996,41.8872],[-91.9959,41.8873],[-91.9959,41.8874]],"type":"LineString"},"properties":{"lineWidth":3,"hideLine":false,"widthScale":"mtrs","stroke-width":2,"name":"LineString 454","id":"24937ab0-04a8-46df-97f4-fe16207302b4","isHidden":false,"distance":0.5086190762312011,"fill":"#000000","fill-opacity":0,"stroke":"#555555","stroke-opacity":1},"id":"24937ab0-04a8-46df-97f4-fe16207302b4","bbox":[-91.9978,41.8868,-91.9959,41.8882]},{"type":"Feature","geometry":{"coordinates":[[-91.9963,41.888],[-91.9963,41.8869]],"type":"LineString"},"properties":{"lineWidth":3,"hideLine":false,"widthScale":"mtrs","stroke-width":2,"name":"LineString 453","id":"2b3a9849-95a4-43da-964b-09f319e6d1cf","isHidden":false,"distance":0.12231458825699618,"fill":"#000000","fill-opacity":0,"stroke":"#555555","stroke-opacity":1},"id":"2b3a9849-95a4-43da-964b-09f319e6d1cf","bbox":[-91.9963,41.8869,-91.9963,41.888]},{"type":"Feature","geometry":{"coordinates":[[-91.9966,41.8881],[-91.9967,41.8868]],"type":"LineString"},"properties":{"lineWidth":3,"hideLine":false,"widthScale":"mtrs","stroke-width":2,"name":"LineString 452","id":"76998ed3-b4fc-49a9-ab2a-c18d0e131fb7","isHidden":false,"distance":0.14479043434259478,"fill":"#000000","fill-opacity":0,"stroke":"#555555","stroke-opacity":1},"id":"76998ed3-b4fc-49a9-ab2a-c18d0e131fb7","bbox":[-91.9967,41.8868,-91.9966,41.8881]},{"type":"Feature","geometry":{"coordinates":[[-91.997,41.8881],[-91.9971,41.8868]],"type":"LineString"},"properties":{"lineWidth":3,"hideLine":false,"widthScale":"mtrs","stroke-width":2,"name":"LineString 451","id":"138ff58b-521a-424c-b90d-ffe66359ef59","isHidden":false,"distance":0.14479043434259478,"fill":"#000000","fill-opacity":0,"stroke":"#555555","stroke-opacity":1},"id":"138ff58b-521a-424c-b90d-ffe66359ef59","bbox":[-91.9971,41.8868,-91.997,41.8881]},{"type":"Feature","geometry":{"coordinates":[[-91.9974,41.888],[-91.9974,41.8869]],"type":"LineString"},"properties":{"lineWidth":3,"hideLine":false,"widthScale":"mtrs","stroke-width":2,"name":"LineString 450","id":"2edbc408-58b5-4af2-a3dc-12da34cad4a9","isHidden":false,"distance":0.12231458825699618,"fill":"#000000","fill-opacity":0,"stroke":"#555555","stroke-opacity":1},"id":"2edbc408-58b5-4af2-a3dc-12da34cad4a9","bbox":[-91.9974,41.8869,-91.9974,41.888]},{"type":"Feature","geometry":{"coordinates":[[-92.0182,41.8877],[-92.0182,41.8878],[-92.0183,41.8879],[-92.0183,41.888],[-92.0184,41.8881],[-92.0186,41.8882],[-92.0187,41.8883],[-92.0188,41.8883],[-92.019,41.8884],[-92.0192,41.8884],[-92.0194,41.8884],[-92.0195,41.8883],[-92.0197,41.8883],[-92.0198,41.8882],[-92.0199,41.8881],[-92.02,41.888],[-92.0201,41.8879],[-92.0201,41.8878],[-92.0201,41.8876],[-92.0201,41.8875],[-92.02,41.8874],[-92.02,41.8873],[-92.0199,41.8872],[-92.0197,41.8871],[-92.0196,41.887],[-92.0194,41.887],[-92.0192,41.887],[-92.0191,41.887],[-92.0189,41.887],[-92.0187,41.887],[-92.0186,41.8871],[-92.0185,41.8872],[-92.0184,41.8873],[-92.0183,41.8874],[-92.0182,41.8875],[-92.0182,41.8877]],"type":"LineString"},"properties":{"lineWidth":3,"hideLine":false,"widthScale":"mtrs","stroke-width":2,"name":"LineString 449","id":"014188bc-ede1-4422-87ba-4d776d9a91ef","isHidden":false,"distance":0.5141533593642533,"fill":"#000000","fill-opacity":0,"stroke":"#555555","stroke-opacity":1},"id":"014188bc-ede1-4422-87ba-4d776d9a91ef","bbox":[-92.0201,41.887,-92.0182,41.8884]},{"type":"Feature","geometry":{"coordinates":[[-92.0186,41.8882],[-92.0186,41.8871]],"type":"LineString"},"properties":{"lineWidth":3,"hideLine":false,"widthScale":"mtrs","stroke-width":2,"name":"LineString 448","id":"5f6401f0-be80-4a3e-9081-4f17a36f0f41","isHidden":false,"distance":0.12231458825699618,"fill":"#000000","fill-opacity":0,"stroke":"#555555","stroke-opacity":1},"id":"5f6401f0-be80-4a3e-9081-4f17a36f0f41","bbox":[-92.0186,41.8871,-92.0186,41.8882]},{"type":"Feature","geometry":{"coordinates":[[-92.019,41.8883],[-92.019,41.887]],"type":"LineString"},"properties":{"lineWidth":3,"hideLine":false,"widthScale":"mtrs","stroke-width":2,"name":"LineString 447","id":"433ba092-8588-471c-97d4-454038e36651","isHidden":false,"distance":0.1445536043036509,"fill":"#000000","fill-opacity":0,"stroke":"#555555","stroke-opacity":1},"id":"433ba092-8588-471c-97d4-454038e36651","bbox":[-92.019,41.887,-92.019,41.8883]},{"type":"Feature","geometry":{"coordinates":[[-92.0193,41.8883],[-92.0194,41.887]],"type":"LineString"},"properties":{"lineWidth":3,"hideLine":false,"widthScale":"mtrs","stroke-width":2,"name":"LineString 446","id":"456e2d5c-3bc1-4aec-ad43-0e185865aa2b","isHidden":false,"distance":0.14479043286096246,"fill":"#000000","fill-opacity":0,"stroke":"#555555","stroke-opacity":1},"id":"456e2d5c-3bc1-4aec-ad43-0e185865aa2b","bbox":[-92.0194,41.887,-92.0193,41.8883]},{"type":"Feature","geometry":{"coordinates":[[-92.0197,41.8882],[-92.0197,41.8872]],"type":"LineString"},"properties":{"lineWidth":3,"hideLine":false,"widthScale":"mtrs","stroke-width":2,"name":"LineString 445","id":"ba368073-c4fd-4c71-820d-ef92ee646126","isHidden":false,"distance":0.11119508023327375,"fill":"#000000","fill-opacity":0,"stroke":"#555555","stroke-opacity":1},"id":"ba368073-c4fd-4c71-820d-ef92ee646126","bbox":[-92.0197,41.8872,-92.0197,41.8882]},{"type":"Feature","geometry":{"coordinates":[[-92.0405,41.8879],[-92.0405,41.888],[-92.0406,41.8881],[-92.0406,41.8882],[-92.0407,41.8883],[-92.0409,41.8884],[-92.041,41.8885],[-92.0412,41.8886],[-92.0413,41.8886],[-92.0415,41.8886],[-92.0417,41.8886],[-92.0418,41.8885],[-92.042,41.8885],[-92.0421,41.8884],[-92.0422,41.8883],[-92.0423,41.8882],[-92.0424,41.8881],[-92.0424,41.888],[-92.0424,41.8878],[-92.0424,41.8877],[-92.0424,41.8876],[-92.0423,41.8875],[-92.0422,41.8874],[-92.042,41.8873],[-92.0419,41.8872],[-92.0417,41.8872],[-92.0416,41.8872],[-92.0414,41.8872],[-92.0412,41.8872],[-92.0411,41.8872],[-92.0409,41.8873],[-92.0408,41.8874],[-92.0407,41.8875],[-92.0406,41.8876],[-92.0406,41.8877],[-92.0405,41.8879]],"type":"LineString"},"properties":{"lineWidth":3,"hideLine":false,"widthScale":"mtrs","stroke-width":2,"name":"LineString 444","id":"e4f081a0-0a3b-4fe1-a117-d37eb28b0585","isHidden":false,"distance":0.5107033053325873,"fill":"#000000","fill-opacity":0,"stroke":"#555555","stroke-opacity":1},"id":"e4f081a0-0a3b-4fe1-a117-d37eb28b0585","bbox":[-92.0424,41.8872,-92.0405,41.8886]},{"type":"Feature","geometry":{"coordinates":[[-92.0409,41.8884],[-92.041,41.8873]],"type":"LineString"},"properties":{"lineWidth":3,"hideLine":false,"widthScale":"mtrs","stroke-width":2,"name":"LineString 443","id":"8c108a06-a46c-41da-9052-552c56552a96","isHidden":false,"distance":0.12259438405621922,"fill":"#000000","fill-opacity":0,"stroke":"#555555","stroke-opacity":1},"id":"8c108a06-a46c-41da-9052-552c56552a96","bbox":[-92.041,41.8873,-92.0409,41.8884]},{"type":"Feature","geometry":{"coordinates":[[-92.0413,41.8885],[-92.0413,41.8872]],"type":"LineString"},"properties":{"lineWidth":3,"hideLine":false,"widthScale":"mtrs","stroke-width":2,"name":"LineString 442","id":"88ed3f69-d847-4b40-a0d6-e295219ea362","isHidden":false,"distance":0.1445536043036509,"fill":"#000000","fill-opacity":0,"stroke":"#555555","stroke-opacity":1},"id":"88ed3f69-d847-4b40-a0d6-e295219ea362","bbox":[-92.0413,41.8872,-92.0413,41.8885]},{"type":"Feature","geometry":{"coordinates":[[-92.0416,41.8885],[-92.0417,41.8872]],"type":"LineString"},"properties":{"lineWidth":3,"hideLine":false,"widthScale":"mtrs","stroke-width":2,"name":"LineString 441","id":"9f05b988-73a9-46b1-9af9-1f685fb79165","isHidden":false,"distance":0.14479043137932904,"fill":"#000000","fill-opacity":0,"stroke":"#555555","stroke-opacity":1},"id":"9f05b988-73a9-46b1-9af9-1f685fb79165","bbox":[-92.0417,41.8872,-92.0416,41.8885]},{"type":"Feature","geometry":{"coordinates":[[-92.042,41.8884],[-92.0421,41.8874]],"type":"LineString"},"properties":{"lineWidth":3,"hideLine":false,"widthScale":"mtrs","stroke-width":2,"name":"LineString 440","id":"e291cff3-d366-48c7-acaf-c706e29ea14d","isHidden":false,"distance":0.11150278141221752,"fill":"#000000","fill-opacity":0,"stroke":"#555555","stroke-opacity":1},"id":"e291cff3-d366-48c7-acaf-c706e29ea14d","bbox":[-92.0421,41.8874,-92.042,41.8884]},{"type":"Feature","geometry":{"coordinates":[[-92.0628,41.8881],[-92.0629,41.8882],[-92.0629,41.8883],[-92.063,41.8884],[-92.0631,41.8885],[-92.0632,41.8886],[-92.0633,41.8887],[-92.0635,41.8888],[-92.0636,41.8888],[-92.0638,41.8888],[-92.064,41.8888],[-92.0641,41.8887],[-92.0643,41.8887],[-92.0644,41.8886],[-92.0646,41.8885],[-92.0646,41.8884],[-92.0647,41.8883],[-92.0647,41.8882],[-92.0647,41.888],[-92.0647,41.8879],[-92.0647,41.8878],[-92.0646,41.8877],[-92.0645,41.8876],[-92.0643,41.8875],[-92.0642,41.8874],[-92.064,41.8874],[-92.0639,41.8874],[-92.0637,41.8874],[-92.0635,41.8874],[-92.0634,41.8874],[-92.0632,41.8875],[-92.0631,41.8876],[-92.063,41.8877],[-92.0629,41.8878],[-92.0629,41.8879],[-92.0628,41.8881]],"type":"LineString"},"properties":{"lineWidth":3,"hideLine":false,"widthScale":"mtrs","stroke-width":2,"name":"LineString 439","id":"3358b91b-947b-414f-8715-ac107b8a91b8","isHidden":false,"distance":0.5107025342736307,"fill":"#000000","fill-opacity":0,"stroke":"#555555","stroke-opacity":1},"id":"3358b91b-947b-414f-8715-ac107b8a91b8","bbox":[-92.0647,41.8874,-92.0628,41.8888]},{"type":"Feature","geometry":{"coordinates":[[-92.0632,41.8886],[-92.0633,41.8875]],"type":"LineString"},"properties":{"lineWidth":3,"hideLine":false,"widthScale":"mtrs","stroke-width":2,"name":"LineString 438","id":"c13be703-6917-4325-8808-4c3ed89c2c30","isHidden":false,"distance":0.12259438230633066,"fill":"#000000","fill-opacity":0,"stroke":"#555555","stroke-opacity":1},"id":"c13be703-6917-4325-8808-4c3ed89c2c30","bbox":[-92.0633,41.8875,-92.0632,41.8886]},{"type":"Feature","geometry":{"coordinates":[[-92.0636,41.8887],[-92.0636,41.8874]],"type":"LineString"},"properties":{"lineWidth":3,"hideLine":false,"widthScale":"mtrs","stroke-width":2,"name":"LineString 437","id":"65f1cf09-faa2-4b12-8c20-d86c51de314a","isHidden":false,"distance":0.1445536043036509,"fill":"#000000","fill-opacity":0,"stroke":"#555555","stroke-opacity":1},"id":"65f1cf09-faa2-4b12-8c20-d86c51de314a","bbox":[-92.0636,41.8874,-92.0636,41.8887]},{"type":"Feature","geometry":{"coordinates":[[-92.064,41.8887],[-92.064,41.8874]],"type":"LineString"},"properties":{"lineWidth":3,"hideLine":false,"widthScale":"mtrs","stroke-width":2,"name":"LineString 436","id":"7318b4a7-95ec-417e-b64c-02d55679656e","isHidden":false,"distance":0.1445536043036509,"fill":"#000000","fill-opacity":0,"stroke":"#555555","stroke-opacity":1},"id":"7318b4a7-95ec-417e-b64c-02d55679656e","bbox":[-92.064,41.8874,-92.064,41.8887]},{"type":"Feature","geometry":{"coordinates":[[-92.0643,41.8886],[-92.0644,41.8876]],"type":"LineString"},"properties":{"lineWidth":3,"hideLine":false,"widthScale":"mtrs","stroke-width":2,"name":"LineString 435","id":"45a84360-6d15-460f-aa75-585780056804","isHidden":false,"distance":0.11150277948826055,"fill":"#000000","fill-opacity":0,"stroke":"#555555","stroke-opacity":1},"id":"45a84360-6d15-460f-aa75-585780056804","bbox":[-92.0644,41.8876,-92.0643,41.8886]},{"type":"Feature","geometry":{"coordinates":[[-92.1075,41.8885],[-92.1075,41.8886],[-92.1075,41.8887],[-92.1076,41.8888],[-92.1077,41.8889],[-92.1078,41.889],[-92.1079,41.8891],[-92.1081,41.8891],[-92.1083,41.8892],[-92.1084,41.8892],[-92.1086,41.8892],[-92.1088,41.8891],[-92.1089,41.8891],[-92.1091,41.889],[-92.1092,41.8889],[-92.1093,41.8888],[-92.1093,41.8887],[-92.1094,41.8886],[-92.1094,41.8884],[-92.1093,41.8883],[-92.1093,41.8882],[-92.1092,41.8881],[-92.1091,41.888],[-92.109,41.8879],[-92.1088,41.8878],[-92.1087,41.8878],[-92.1085,41.8878],[-92.1083,41.8878],[-92.1082,41.8878],[-92.108,41.8878],[-92.1078,41.8879],[-92.1077,41.888],[-92.1076,41.8881],[-92.1075,41.8882],[-92.1075,41.8883],[-92.1075,41.8885]],"type":"LineString"},"properties":{"lineWidth":3,"hideLine":false,"widthScale":"mtrs","stroke-width":2,"name":"LineString 434","id":"49e11533-3f5a-409b-b555-6939a3f61091","isHidden":false,"distance":0.5097562595413643,"fill":"#000000","fill-opacity":0,"stroke":"#555555","stroke-opacity":1},"id":"49e11533-3f5a-409b-b555-6939a3f61091","bbox":[-92.1094,41.8878,-92.1075,41.8892]},{"type":"Feature","geometry":{"coordinates":[[-92.1078,41.889],[-92.1079,41.8879]],"type":"LineString"},"properties":{"lineWidth":3,"hideLine":false,"widthScale":"mtrs","stroke-width":2,"name":"LineString 433","id":"b422a899-1cd3-4f0d-a3eb-6a4e7cb876db","isHidden":false,"distance":0.12259437880733769,"fill":"#000000","fill-opacity":0,"stroke":"#555555","stroke-opacity":1},"id":"b422a899-1cd3-4f0d-a3eb-6a4e7cb876db","bbox":[-92.1079,41.8879,-92.1078,41.889]},{"type":"Feature","geometry":{"coordinates":[[-92.1082,41.8891],[-92.1083,41.8878]],"type":"LineString"},"properties":{"lineWidth":3,"hideLine":false,"widthScale":"mtrs","stroke-width":2,"name":"LineString 432","id":"b4516bac-02de-4dc8-99ca-4745770ecbca","isHidden":false,"distance":0.14479042693442185,"fill":"#000000","fill-opacity":0,"stroke":"#555555","stroke-opacity":1},"id":"b4516bac-02de-4dc8-99ca-4745770ecbca","bbox":[-92.1083,41.8878,-92.1082,41.8891]},{"type":"Feature","geometry":{"coordinates":[[-92.1086,41.8891],[-92.1086,41.8878]],"type":"LineString"},"properties":{"lineWidth":3,"hideLine":false,"widthScale":"mtrs","stroke-width":2,"name":"LineString 431","id":"be1f9f4e-caa3-42c0-a682-f277b63c42e7","isHidden":false,"distance":0.1445536043036509,"fill":"#000000","fill-opacity":0,"stroke":"#555555","stroke-opacity":1},"id":"be1f9f4e-caa3-42c0-a682-f277b63c42e7","bbox":[-92.1086,41.8878,-92.1086,41.8891]},{"type":"Feature","geometry":{"coordinates":[[-92.1089,41.889],[-92.109,41.888]],"type":"LineString"},"properties":{"lineWidth":3,"hideLine":false,"widthScale":"mtrs","stroke-width":2,"name":"LineString 430","id":"3cde8a32-4a18-41d9-8500-793e49d3d8df","isHidden":false,"distance":0.11150277564104273,"fill":"#000000","fill-opacity":0,"stroke":"#555555","stroke-opacity":1},"id":"3cde8a32-4a18-41d9-8500-793e49d3d8df","bbox":[-92.109,41.888,-92.1089,41.889]},{"type":"Feature","geometry":{"coordinates":[[-92.1521,41.8888],[-92.1521,41.889],[-92.1521,41.8891],[-92.1522,41.8892],[-92.1523,41.8893],[-92.1524,41.8894],[-92.1526,41.8895],[-92.1527,41.8895],[-92.1529,41.8896],[-92.1531,41.8896],[-92.1532,41.8896],[-92.1534,41.8895],[-92.1535,41.8895],[-92.1537,41.8894],[-92.1538,41.8893],[-92.1539,41.8892],[-92.154,41.8891],[-92.154,41.8889],[-92.154,41.8888],[-92.154,41.8887],[-92.1539,41.8886],[-92.1538,41.8884],[-92.1537,41.8883],[-92.1536,41.8883],[-92.1534,41.8882],[-92.1533,41.8882],[-92.1531,41.8881],[-92.1529,41.8881],[-92.1528,41.8882],[-92.1526,41.8882],[-92.1525,41.8883],[-92.1523,41.8884],[-92.1522,41.8885],[-92.1522,41.8886],[-92.1521,41.8887],[-92.1521,41.8888]],"type":"LineString"},"properties":{"lineWidth":3,"hideLine":false,"widthScale":"mtrs","stroke-width":2,"name":"LineString 429","id":"04571a07-45dd-478b-89e5-2982332d8613","isHidden":false,"distance":0.5208125458423577,"fill":"#000000","fill-opacity":0,"stroke":"#555555","stroke-opacity":1},"id":"04571a07-45dd-478b-89e5-2982332d8613","bbox":[-92.154,41.8881,-92.1521,41.8896]},{"type":"Feature","geometry":{"coordinates":[[-92.1525,41.8894],[-92.1525,41.8883]],"type":"LineString"},"properties":{"lineWidth":3,"hideLine":false,"widthScale":"mtrs","stroke-width":2,"name":"LineString 428","id":"34ef9444-d457-4754-ade3-c3458df0a056","isHidden":false,"distance":0.12231458825699618,"fill":"#000000","fill-opacity":0,"stroke":"#555555","stroke-opacity":1},"id":"34ef9444-d457-4754-ade3-c3458df0a056","bbox":[-92.1525,41.8883,-92.1525,41.8894]},{"type":"Feature","geometry":{"coordinates":[[-92.1528,41.8895],[-92.1529,41.8882]],"type":"LineString"},"properties":{"lineWidth":3,"hideLine":false,"widthScale":"mtrs","stroke-width":2,"name":"LineString 427","id":"fd4484bd-e884-4e27-ab1b-7a14301cd456","isHidden":false,"distance":0.14479042397114467,"fill":"#000000","fill-opacity":0,"stroke":"#555555","stroke-opacity":1},"id":"fd4484bd-e884-4e27-ab1b-7a14301cd456","bbox":[-92.1529,41.8882,-92.1528,41.8895]},{"type":"Feature","geometry":{"coordinates":[[-92.1532,41.8895],[-92.1533,41.8882]],"type":"LineString"},"properties":{"lineWidth":3,"hideLine":false,"widthScale":"mtrs","stroke-width":2,"name":"LineString 426","id":"4ca901ac-9559-456b-be03-852791f822e3","isHidden":false,"distance":0.14479042397114467,"fill":"#000000","fill-opacity":0,"stroke":"#555555","stroke-opacity":1},"id":"4ca901ac-9559-456b-be03-852791f822e3","bbox":[-92.1533,41.8882,-92.1532,41.8895]},{"type":"Feature","geometry":{"coordinates":[[-92.1536,41.8894],[-92.1536,41.8883]],"type":"LineString"},"properties":{"lineWidth":3,"hideLine":false,"widthScale":"mtrs","stroke-width":2,"name":"LineString 425","id":"1d2ca211-3284-4bf5-b1f8-610b123bfe4c","isHidden":false,"distance":0.12231458825699618,"fill":"#000000","fill-opacity":0,"stroke":"#555555","stroke-opacity":1},"id":"1d2ca211-3284-4bf5-b1f8-610b123bfe4c","bbox":[-92.1536,41.8883,-92.1536,41.8894]},{"type":"Feature","geometry":{"coordinates":[[-92.1967,41.8892],[-92.1967,41.8893],[-92.1968,41.8894],[-92.1968,41.8896],[-92.1969,41.8897],[-92.1971,41.8898],[-92.1972,41.8898],[-92.1974,41.8899],[-92.1975,41.8899],[-92.1977,41.8899],[-92.1979,41.8899],[-92.198,41.8899],[-92.1982,41.8898],[-92.1983,41.8897],[-92.1984,41.8896],[-92.1985,41.8895],[-92.1986,41.8894],[-92.1986,41.8893],[-92.1986,41.8892],[-92.1986,41.889],[-92.1985,41.8889],[-92.1985,41.8888],[-92.1984,41.8887],[-92.1982,41.8886],[-92.1981,41.8886],[-92.1979,41.8885],[-92.1977,41.8885],[-92.1976,41.8885],[-92.1974,41.8885],[-92.1972,41.8886],[-92.1971,41.8886],[-92.197,41.8887],[-92.1969,41.8888],[-92.1968,41.8889],[-92.1967,41.8891],[-92.1967,41.8892]],"type":"LineString"},"properties":{"lineWidth":3,"hideLine":false,"widthScale":"mtrs","stroke-width":2,"name":"LineString 424","id":"f5272224-3cb2-42ad-9196-7f126402e10f","isHidden":false,"distance":0.5118390518006241,"fill":"#000000","fill-opacity":0,"stroke":"#555555","stroke-opacity":1},"id":"f5272224-3cb2-42ad-9196-7f126402e10f","bbox":[-92.1986,41.8885,-92.1967,41.8899]},{"type":"Feature","geometry":{"coordinates":[[-92.1971,41.8897],[-92.1971,41.8887]],"type":"LineString"},"properties":{"lineWidth":3,"hideLine":false,"widthScale":"mtrs","stroke-width":2,"name":"LineString 423","id":"960fd7d3-617f-4046-ac3e-24fe426c044f","isHidden":false,"distance":0.11119508023327375,"fill":"#000000","fill-opacity":0,"stroke":"#555555","stroke-opacity":1},"id":"960fd7d3-617f-4046-ac3e-24fe426c044f","bbox":[-92.1971,41.8887,-92.1971,41.8897]},{"type":"Feature","geometry":{"coordinates":[[-92.1975,41.8899],[-92.1975,41.8885]],"type":"LineString"},"properties":{"lineWidth":3,"hideLine":false,"widthScale":"mtrs","stroke-width":2,"name":"LineString 422","id":"a1609a6f-7f9b-49c0-9053-29cacecd8809","isHidden":false,"distance":0.1556731123265833,"fill":"#000000","fill-opacity":0,"stroke":"#555555","stroke-opacity":1},"id":"a1609a6f-7f9b-49c0-9053-29cacecd8809","bbox":[-92.1975,41.8885,-92.1975,41.8899]},{"type":"Feature","geometry":{"coordinates":[[-92.1978,41.8899],[-92.1979,41.8886]],"type":"LineString"},"properties":{"lineWidth":3,"hideLine":false,"widthScale":"mtrs","stroke-width":2,"name":"LineString 421","id":"88a796d3-aae6-406d-865f-10f723f68592","isHidden":false,"distance":0.1447904210078629,"fill":"#000000","fill-opacity":0,"stroke":"#555555","stroke-opacity":1},"id":"88a796d3-aae6-406d-865f-10f723f68592","bbox":[-92.1979,41.8886,-92.1978,41.8899]},{"type":"Feature","geometry":{"coordinates":[[-92.1982,41.8898],[-92.1982,41.8887]],"type":"LineString"},"properties":{"lineWidth":3,"hideLine":false,"widthScale":"mtrs","stroke-width":2,"name":"LineString 420","id":"dac91e60-055c-4f35-b5c7-9303d0cdc541","isHidden":false,"distance":0.12231458825699618,"fill":"#000000","fill-opacity":0,"stroke":"#555555","stroke-opacity":1},"id":"dac91e60-055c-4f35-b5c7-9303d0cdc541","bbox":[-92.1982,41.8887,-92.1982,41.8898]},{"type":"Feature","geometry":{"coordinates":[[-92.2413,41.8895],[-92.2414,41.8897],[-92.2414,41.8898],[-92.2415,41.8899],[-92.2416,41.89],[-92.2417,41.8901],[-92.2418,41.8902],[-92.242,41.8902],[-92.2421,41.8903],[-92.2423,41.8903],[-92.2425,41.8902],[-92.2426,41.8902],[-92.2428,41.8902],[-92.2429,41.8901],[-92.2431,41.89],[-92.2431,41.8899],[-92.2432,41.8898],[-92.2432,41.8896],[-92.2433,41.8895],[-92.2432,41.8894],[-92.2432,41.8893],[-92.2431,41.8891],[-92.243,41.889],[-92.2428,41.889],[-92.2427,41.8889],[-92.2425,41.8889],[-92.2424,41.8888],[-92.2422,41.8888],[-92.242,41.8889],[-92.2419,41.8889],[-92.2417,41.889],[-92.2416,41.8891],[-92.2415,41.8892],[-92.2414,41.8893],[-92.2414,41.8894],[-92.2413,41.8895]],"type":"LineString"},"properties":{"lineWidth":3,"hideLine":false,"widthScale":"mtrs","stroke-width":2,"name":"LineString 419","id":"d75906a3-2404-4c2e-afd1-45354973193e","isHidden":false,"distance":0.5316342425328572,"fill":"#000000","fill-opacity":0,"stroke":"#555555","stroke-opacity":1},"id":"d75906a3-2404-4c2e-afd1-45354973193e","bbox":[-92.2433,41.8888,-92.2413,41.8903]},{"type":"Feature","geometry":{"coordinates":[[-92.2417,41.8901],[-92.2418,41.889]],"type":"LineString"},"properties":{"lineWidth":3,"hideLine":false,"widthScale":"mtrs","stroke-width":2,"name":"LineString 418","id":"cd6fdee7-989a-4120-ad55-a0c741ad00f1","isHidden":false,"distance":0.1225943691821231,"fill":"#000000","fill-opacity":0,"stroke":"#555555","stroke-opacity":1},"id":"cd6fdee7-989a-4120-ad55-a0c741ad00f1","bbox":[-92.2418,41.889,-92.2417,41.8901]},{"type":"Feature","geometry":{"coordinates":[[-92.2421,41.8902],[-92.2421,41.8889]],"type":"LineString"},"properties":{"lineWidth":3,"hideLine":false,"widthScale":"mtrs","stroke-width":2,"name":"LineString 417","id":"baa96be7-6a81-4c6a-b678-37815ba9e5c2","isHidden":false,"distance":0.1445536043036509,"fill":"#000000","fill-opacity":0,"stroke":"#555555","stroke-opacity":1},"id":"baa96be7-6a81-4c6a-b678-37815ba9e5c2","bbox":[-92.2421,41.8889,-92.2421,41.8902]},{"type":"Feature","geometry":{"coordinates":[[-92.2425,41.8902],[-92.2425,41.8889]],"type":"LineString"},"properties":{"lineWidth":3,"hideLine":false,"widthScale":"mtrs","stroke-width":2,"name":"LineString 416","id":"361e1b75-3f3f-4d13-9338-7a450da86bed","isHidden":false,"distance":0.1445536043036509,"fill":"#000000","fill-opacity":0,"stroke":"#555555","stroke-opacity":1},"id":"361e1b75-3f3f-4d13-9338-7a450da86bed","bbox":[-92.2425,41.8889,-92.2425,41.8902]},{"type":"Feature","geometry":{"coordinates":[[-92.2428,41.8901],[-92.2429,41.889]],"type":"LineString"},"properties":{"lineWidth":3,"hideLine":false,"widthScale":"mtrs","stroke-width":2,"name":"LineString 415","id":"ecc5aacc-449f-4f06-8039-d5a6844ab2f4","isHidden":false,"distance":0.1225943691821231,"fill":"#000000","fill-opacity":0,"stroke":"#555555","stroke-opacity":1},"id":"ecc5aacc-449f-4f06-8039-d5a6844ab2f4","bbox":[-92.2429,41.889,-92.2428,41.8901]},{"type":"Feature","geometry":{"coordinates":[[-92.286,41.8898],[-92.286,41.89],[-92.286,41.8901],[-92.2861,41.8902],[-92.2862,41.8903],[-92.2863,41.8904],[-92.2864,41.8905],[-92.2866,41.8905],[-92.2868,41.8906],[-92.2869,41.8906],[-92.2871,41.8906],[-92.2873,41.8905],[-92.2874,41.8905],[-92.2876,41.8904],[-92.2877,41.8903],[-92.2878,41.8902],[-92.2878,41.8901],[-92.2879,41.89],[-92.2879,41.8898],[-92.2879,41.8897],[-92.2878,41.8896],[-92.2877,41.8895],[-92.2876,41.8894],[-92.2875,41.8893],[-92.2873,41.8892],[-92.2872,41.8892],[-92.287,41.8892],[-92.2868,41.8892],[-92.2867,41.8892],[-92.2865,41.8892],[-92.2864,41.8893],[-92.2862,41.8894],[-92.2861,41.8895],[-92.286,41.8896],[-92.286,41.8897],[-92.286,41.8898]],"type":"LineString"},"properties":{"lineWidth":3,"hideLine":false,"widthScale":"mtrs","stroke-width":2,"name":"LineString 414","id":"cc3195d3-1042-4589-9cc6-120adba4486d","isHidden":false,"distance":0.5097506911553575,"fill":"#000000","fill-opacity":0,"stroke":"#555555","stroke-opacity":1},"id":"cc3195d3-1042-4589-9cc6-120adba4486d","bbox":[-92.2879,41.8892,-92.286,41.8906]},{"type":"Feature","geometry":{"coordinates":[[-92.2864,41.8904],[-92.2864,41.8893]],"type":"LineString"},"properties":{"lineWidth":3,"hideLine":false,"widthScale":"mtrs","stroke-width":2,"name":"LineString 413","id":"c4623271-7020-45ee-8cc7-eaa741efbf1a","isHidden":false,"distance":0.12231458825699618,"fill":"#000000","fill-opacity":0,"stroke":"#555555","stroke-opacity":1},"id":"c4623271-7020-45ee-8cc7-eaa741efbf1a","bbox":[-92.2864,41.8893,-92.2864,41.8904]},{"type":"Feature","geometry":{"coordinates":[[-92.2867,41.8905],[-92.2868,41.8892]],"type":"LineString"},"properties":{"lineWidth":3,"hideLine":false,"widthScale":"mtrs","stroke-width":2,"name":"LineString 412","id":"b24af9cd-3a0d-41a1-a4e6-fa17cb8cdf45","isHidden":false,"distance":0.14479041656293173,"fill":"#000000","fill-opacity":0,"stroke":"#555555","stroke-opacity":1},"id":"b24af9cd-3a0d-41a1-a4e6-fa17cb8cdf45","bbox":[-92.2868,41.8892,-92.2867,41.8905]},{"type":"Feature","geometry":{"coordinates":[[-92.2871,41.8905],[-92.2871,41.8892]],"type":"LineString"},"properties":{"lineWidth":3,"hideLine":false,"widthScale":"mtrs","stroke-width":2,"name":"LineString 411","id":"df2371e8-c32e-48eb-860f-8f94835da564","isHidden":false,"distance":0.1445536043036509,"fill":"#000000","fill-opacity":0,"stroke":"#555555","stroke-opacity":1},"id":"df2371e8-c32e-48eb-860f-8f94835da564","bbox":[-92.2871,41.8892,-92.2871,41.8905]},{"type":"Feature","geometry":{"coordinates":[[-92.2875,41.8904],[-92.2875,41.8893]],"type":"LineString"},"properties":{"lineWidth":3,"hideLine":false,"widthScale":"mtrs","stroke-width":2,"name":"LineString 410","id":"a0750af9-a0b3-42ec-8a0c-f2b9e8c73df3","isHidden":false,"distance":0.12231458825699618,"fill":"#000000","fill-opacity":0,"stroke":"#555555","stroke-opacity":1},"id":"a0750af9-a0b3-42ec-8a0c-f2b9e8c73df3","bbox":[-92.2875,41.8893,-92.2875,41.8904]},{"type":"Feature","geometry":{"coordinates":[[-91.7728,41.8851],[-91.7728,41.8852],[-91.7728,41.8853],[-91.7729,41.8855],[-91.773,41.8856],[-91.7731,41.8857],[-91.7733,41.8857],[-91.7734,41.8858],[-91.7736,41.8858],[-91.7738,41.8858],[-91.7739,41.8858],[-91.7741,41.8858],[-91.7742,41.8857],[-91.7744,41.8857],[-91.7745,41.8856],[-91.7746,41.8855],[-91.7747,41.8853],[-91.7747,41.8852],[-91.7747,41.8851],[-91.7747,41.885],[-91.7746,41.8848],[-91.7745,41.8847],[-91.7744,41.8846],[-91.7743,41.8845],[-91.7742,41.8845],[-91.774,41.8844],[-91.7738,41.8844],[-91.7737,41.8844],[-91.7735,41.8844],[-91.7733,41.8845],[-91.7732,41.8845],[-91.7731,41.8846],[-91.7729,41.8847],[-91.7729,41.8848],[-91.7728,41.885],[-91.7728,41.8851]],"type":"LineString"},"properties":{"lineWidth":3,"hideLine":false,"widthScale":"mtrs","stroke-width":2,"name":"LineString 409","id":"b45fbf5a-5f6f-4d46-9b9a-fcf822026958","isHidden":false,"distance":0.5202242433814793,"fill":"#000000","fill-opacity":0,"stroke":"#555555","stroke-opacity":1},"id":"b45fbf5a-5f6f-4d46-9b9a-fcf822026958","bbox":[-91.7747,41.8844,-91.7728,41.8858]},{"type":"Feature","geometry":{"coordinates":[[-91.7732,41.8856],[-91.7732,41.8846]],"type":"LineString"},"properties":{"lineWidth":3,"hideLine":false,"widthScale":"mtrs","stroke-width":2,"name":"LineString 408","id":"0e070d3e-3c79-4246-8496-40a144402f91","isHidden":false,"distance":0.11119508023327375,"fill":"#000000","fill-opacity":0,"stroke":"#555555","stroke-opacity":1},"id":"0e070d3e-3c79-4246-8496-40a144402f91","bbox":[-91.7732,41.8846,-91.7732,41.8856]},{"type":"Feature","geometry":{"coordinates":[[-91.7735,41.8858],[-91.7736,41.8845]],"type":"LineString"},"properties":{"lineWidth":3,"hideLine":false,"widthScale":"mtrs","stroke-width":2,"name":"LineString 407","id":"14c6441a-955a-4cb4-995b-9c0355338505","isHidden":false,"distance":0.14479045138128396,"fill":"#000000","fill-opacity":0,"stroke":"#555555","stroke-opacity":1},"id":"14c6441a-955a-4cb4-995b-9c0355338505","bbox":[-91.7736,41.8845,-91.7735,41.8858]},{"type":"Feature","geometry":{"coordinates":[[-91.7739,41.8858],[-91.774,41.8845]],"type":"LineString"},"properties":{"lineWidth":3,"hideLine":false,"widthScale":"mtrs","stroke-width":2,"name":"LineString 406","id":"7c895e89-4015-49cc-823e-82462afc4f1e","isHidden":false,"distance":0.14479045138128396,"fill":"#000000","fill-opacity":0,"stroke":"#555555","stroke-opacity":1},"id":"7c895e89-4015-49cc-823e-82462afc4f1e","bbox":[-91.774,41.8845,-91.7739,41.8858]},{"type":"Feature","geometry":{"coordinates":[[-91.7743,41.8857],[-91.7743,41.8846]],"type":"LineString"},"properties":{"lineWidth":3,"hideLine":false,"widthScale":"mtrs","stroke-width":2,"name":"LineString 405","id":"fd6adb6b-17bf-4a0e-9d2d-7b1079b18c1b","isHidden":false,"distance":0.12231458825699618,"fill":"#000000","fill-opacity":0,"stroke":"#555555","stroke-opacity":1},"id":"fd6adb6b-17bf-4a0e-9d2d-7b1079b18c1b","bbox":[-91.7743,41.8846,-91.7743,41.8857]},{"type":"Feature","geometry":{"coordinates":[[-91.7951,41.8854],[-91.7951,41.8855],[-91.7952,41.8856],[-91.7952,41.8857],[-91.7953,41.8858],[-91.7954,41.8859],[-91.7956,41.886],[-91.7957,41.886],[-91.7959,41.8861],[-91.7961,41.8861],[-91.7962,41.8861],[-91.7964,41.886],[-91.7966,41.886],[-91.7967,41.8859],[-91.7968,41.8858],[-91.7969,41.8857],[-91.797,41.8856],[-91.797,41.8855],[-91.797,41.8853],[-91.797,41.8852],[-91.7969,41.8851],[-91.7968,41.885],[-91.7967,41.8849],[-91.7966,41.8848],[-91.7965,41.8847],[-91.7963,41.8847],[-91.7961,41.8847],[-91.796,41.8847],[-91.7958,41.8847],[-91.7956,41.8847],[-91.7955,41.8848],[-91.7954,41.8849],[-91.7953,41.885],[-91.7952,41.8851],[-91.7951,41.8852],[-91.7951,41.8854]],"type":"LineString"},"properties":{"lineWidth":3,"hideLine":false,"widthScale":"mtrs","stroke-width":2,"name":"LineString 404","id":"c749c1e7-8904-40e0-8028-b94b949d4bc4","isHidden":false,"distance":0.5086272754249566,"fill":"#000000","fill-opacity":0,"stroke":"#555555","stroke-opacity":1},"id":"c749c1e7-8904-40e0-8028-b94b949d4bc4","bbox":[-91.797,41.8847,-91.7951,41.8861]},{"type":"Feature","geometry":{"coordinates":[[-91.7955,41.8859],[-91.7955,41.8848]],"type":"LineString"},"properties":{"lineWidth":3,"hideLine":false,"widthScale":"mtrs","stroke-width":2,"name":"LineString 403","id":"3a287c74-b757-413d-9c34-1c41052ba314","isHidden":false,"distance":0.12231458825699618,"fill":"#000000","fill-opacity":0,"stroke":"#555555","stroke-opacity":1},"id":"3a287c74-b757-413d-9c34-1c41052ba314","bbox":[-91.7955,41.8848,-91.7955,41.8859]},{"type":"Feature","geometry":{"coordinates":[[-91.7958,41.886],[-91.7959,41.8847]],"type":"LineString"},"properties":{"lineWidth":3,"hideLine":false,"widthScale":"mtrs","stroke-width":2,"name":"LineString 402","id":"60489b5b-d190-49d4-ac59-c509a1fd36a8","isHidden":false,"distance":0.14479044989966486,"fill":"#000000","fill-opacity":0,"stroke":"#555555","stroke-opacity":1},"id":"60489b5b-d190-49d4-ac59-c509a1fd36a8","bbox":[-91.7959,41.8847,-91.7958,41.886]},{"type":"Feature","geometry":{"coordinates":[[-91.7962,41.886],[-91.7963,41.8847]],"type":"LineString"},"properties":{"lineWidth":3,"hideLine":false,"widthScale":"mtrs","stroke-width":2,"name":"LineString 401","id":"8d3bff2f-f0f0-435a-be88-fd6b1b9cdbd3","isHidden":false,"distance":0.14479044989966486,"fill":"#000000","fill-opacity":0,"stroke":"#555555","stroke-opacity":1},"id":"8d3bff2f-f0f0-435a-be88-fd6b1b9cdbd3","bbox":[-91.7963,41.8847,-91.7962,41.886]},{"type":"Feature","geometry":{"coordinates":[[-91.7966,41.8859],[-91.7966,41.8849]],"type":"LineString"},"properties":{"lineWidth":3,"hideLine":false,"widthScale":"mtrs","stroke-width":2,"name":"LineString 400","id":"7710b4aa-b66b-4543-b3b9-c1ad3e5331b3","isHidden":false,"distance":0.11119508023327375,"fill":"#000000","fill-opacity":0,"stroke":"#555555","stroke-opacity":1},"id":"7710b4aa-b66b-4543-b3b9-c1ad3e5331b3","bbox":[-91.7966,41.8849,-91.7966,41.8859]},{"type":"Feature","geometry":{"coordinates":[[-91.8174,41.8856],[-91.8174,41.8857],[-91.8175,41.8859],[-91.8175,41.886],[-91.8176,41.8861],[-91.8177,41.8862],[-91.8179,41.8862],[-91.818,41.8863],[-91.8182,41.8863],[-91.8184,41.8863],[-91.8186,41.8863],[-91.8187,41.8863],[-91.8189,41.8862],[-91.819,41.8862],[-91.8191,41.8861],[-91.8192,41.886],[-91.8193,41.8858],[-91.8193,41.8857],[-91.8193,41.8856],[-91.8193,41.8855],[-91.8192,41.8853],[-91.8192,41.8852],[-91.8191,41.8851],[-91.8189,41.885],[-91.8188,41.885],[-91.8186,41.8849],[-91.8184,41.8849],[-91.8183,41.8849],[-91.8181,41.8849],[-91.8179,41.885],[-91.8178,41.8851],[-91.8177,41.8851],[-91.8176,41.8852],[-91.8175,41.8854],[-91.8174,41.8855],[-91.8174,41.8856]],"type":"LineString"},"properties":{"lineWidth":3,"hideLine":false,"widthScale":"mtrs","stroke-width":2,"name":"LineString 399","id":"6f20097d-413c-460e-90fd-026116d5da70","isHidden":false,"distance":0.5180253163470362,"fill":"#000000","fill-opacity":0,"stroke":"#555555","stroke-opacity":1},"id":"6f20097d-413c-460e-90fd-026116d5da70","bbox":[-91.8193,41.8849,-91.8174,41.8863]},{"type":"Feature","geometry":{"coordinates":[[-91.8178,41.8861],[-91.8178,41.8851]],"type":"LineString"},"properties":{"lineWidth":3,"hideLine":false,"widthScale":"mtrs","stroke-width":2,"name":"LineString 398","id":"21f9e4ea-7b96-4e86-960e-8dec80efa907","isHidden":false,"distance":0.11119508023327375,"fill":"#000000","fill-opacity":0,"stroke":"#555555","stroke-opacity":1},"id":"21f9e4ea-7b96-4e86-960e-8dec80efa907","bbox":[-91.8178,41.8851,-91.8178,41.8861]},{"type":"Feature","geometry":{"coordinates":[[-91.8182,41.8863],[-91.8182,41.885]],"type":"LineString"},"properties":{"lineWidth":3,"hideLine":false,"widthScale":"mtrs","stroke-width":2,"name":"LineString 397","id":"f7f02d75-9e97-4caf-966c-71ae2b2c8776","isHidden":false,"distance":0.1445536043036509,"fill":"#000000","fill-opacity":0,"stroke":"#555555","stroke-opacity":1},"id":"f7f02d75-9e97-4caf-966c-71ae2b2c8776","bbox":[-91.8182,41.885,-91.8182,41.8863]},{"type":"Feature","geometry":{"coordinates":[[-91.8185,41.8863],[-91.8186,41.885]],"type":"LineString"},"properties":{"lineWidth":3,"hideLine":false,"widthScale":"mtrs","stroke-width":2,"name":"LineString 396","id":"1a01b58c-11ab-4207-9e07-285d45cf5892","isHidden":false,"distance":0.14479044767723398,"fill":"#000000","fill-opacity":0,"stroke":"#555555","stroke-opacity":1},"id":"1a01b58c-11ab-4207-9e07-285d45cf5892","bbox":[-91.8186,41.885,-91.8185,41.8863]},{"type":"Feature","geometry":{"coordinates":[[-91.8189,41.8862],[-91.8189,41.8851]],"type":"LineString"},"properties":{"lineWidth":3,"hideLine":false,"widthScale":"mtrs","stroke-width":2,"name":"LineString 395","id":"650442ce-e24e-4f2e-a2c6-3d593dc20ecb","isHidden":false,"distance":0.12231458825699618,"fill":"#000000","fill-opacity":0,"stroke":"#555555","stroke-opacity":1},"id":"650442ce-e24e-4f2e-a2c6-3d593dc20ecb","bbox":[-91.8189,41.8851,-91.8189,41.8862]},{"type":"Feature","geometry":{"coordinates":[[-91.8397,41.8858],[-91.8397,41.886],[-91.8398,41.8861],[-91.8398,41.8862],[-91.8399,41.8863],[-91.8401,41.8864],[-91.8402,41.8865],[-91.8404,41.8865],[-91.8405,41.8866],[-91.8407,41.8866],[-91.8409,41.8866],[-91.841,41.8865],[-91.8412,41.8865],[-91.8413,41.8864],[-91.8414,41.8863],[-91.8415,41.8862],[-91.8416,41.8861],[-91.8416,41.886],[-91.8416,41.8858],[-91.8416,41.8857],[-91.8416,41.8856],[-91.8415,41.8855],[-91.8414,41.8854],[-91.8412,41.8853],[-91.8411,41.8852],[-91.8409,41.8852],[-91.8408,41.8852],[-91.8406,41.8852],[-91.8404,41.8852],[-91.8403,41.8852],[-91.8401,41.8853],[-91.84,41.8854],[-91.8399,41.8855],[-91.8398,41.8856],[-91.8397,41.8857],[-91.8397,41.8858]],"type":"LineString"},"properties":{"lineWidth":3,"hideLine":false,"widthScale":"mtrs","stroke-width":2,"name":"LineString 394","id":"6e8e3ad9-18b1-4f32-9ce8-a688d020d85b","isHidden":false,"distance":0.5141604996111331,"fill":"#000000","fill-opacity":0,"stroke":"#555555","stroke-opacity":1},"id":"6e8e3ad9-18b1-4f32-9ce8-a688d020d85b","bbox":[-91.8416,41.8852,-91.8397,41.8866]},{"type":"Feature","geometry":{"coordinates":[[-91.8401,41.8864],[-91.8402,41.8853]],"type":"LineString"},"properties":{"lineWidth":3,"hideLine":false,"widthScale":"mtrs","stroke-width":2,"name":"LineString 393","id":"91b4a062-365e-494a-8764-b4ce293f246b","isHidden":false,"distance":0.12259440155573909,"fill":"#000000","fill-opacity":0,"stroke":"#555555","stroke-opacity":1},"id":"91b4a062-365e-494a-8764-b4ce293f246b","bbox":[-91.8402,41.8853,-91.8401,41.8864]},{"type":"Feature","geometry":{"coordinates":[[-91.8405,41.8865],[-91.8405,41.8852]],"type":"LineString"},"properties":{"lineWidth":3,"hideLine":false,"widthScale":"mtrs","stroke-width":2,"name":"LineString 392","id":"9cd9d38e-d24c-4d84-95b1-a39c811f586c","isHidden":false,"distance":0.1445536043036509,"fill":"#000000","fill-opacity":0,"stroke":"#555555","stroke-opacity":1},"id":"9cd9d38e-d24c-4d84-95b1-a39c811f586c","bbox":[-91.8405,41.8852,-91.8405,41.8865]},{"type":"Feature","geometry":{"coordinates":[[-91.8408,41.8865],[-91.8409,41.8852]],"type":"LineString"},"properties":{"lineWidth":3,"hideLine":false,"widthScale":"mtrs","stroke-width":2,"name":"LineString 391","id":"4dff6fdd-1b7a-47b4-aac1-59407174ebe4","isHidden":false,"distance":0.14479044619561196,"fill":"#000000","fill-opacity":0,"stroke":"#555555","stroke-opacity":1},"id":"4dff6fdd-1b7a-47b4-aac1-59407174ebe4","bbox":[-91.8409,41.8852,-91.8408,41.8865]},{"type":"Feature","geometry":{"coordinates":[[-91.8412,41.8864],[-91.8413,41.8854]],"type":"LineString"},"properties":{"lineWidth":3,"hideLine":false,"widthScale":"mtrs","stroke-width":2,"name":"LineString 390","id":"59fb118f-8d02-415d-b11c-fab8c394de76","isHidden":false,"distance":0.11150280065249261,"fill":"#000000","fill-opacity":0,"stroke":"#555555","stroke-opacity":1},"id":"59fb118f-8d02-415d-b11c-fab8c394de76","bbox":[-91.8413,41.8854,-91.8412,41.8864]},{"type":"Feature","geometry":{"coordinates":[[-91.862,41.8861],[-91.862,41.8862],[-91.8621,41.8863],[-91.8622,41.8865],[-91.8623,41.8866],[-91.8624,41.8867],[-91.8625,41.8867],[-91.8627,41.8868],[-91.8628,41.8868],[-91.863,41.8868],[-91.8632,41.8868],[-91.8633,41.8868],[-91.8635,41.8867],[-91.8636,41.8866],[-91.8637,41.8865],[-91.8638,41.8864],[-91.8639,41.8863],[-91.8639,41.8862],[-91.8639,41.8861],[-91.8639,41.8859],[-91.8639,41.8858],[-91.8638,41.8857],[-91.8637,41.8856],[-91.8635,41.8855],[-91.8634,41.8855],[-91.8632,41.8854],[-91.8631,41.8854],[-91.8629,41.8854],[-91.8627,41.8854],[-91.8626,41.8855],[-91.8624,41.8855],[-91.8623,41.8856],[-91.8622,41.8857],[-91.8621,41.8858],[-91.8621,41.886],[-91.862,41.8861]],"type":"LineString"},"properties":{"lineWidth":3,"hideLine":false,"widthScale":"mtrs","stroke-width":2,"name":"LineString 389","id":"e598cd26-4ca8-4dfd-9cd1-d4dd1d256568","isHidden":false,"distance":0.510710317531364,"fill":"#000000","fill-opacity":0,"stroke":"#555555","stroke-opacity":1},"id":"e598cd26-4ca8-4dfd-9cd1-d4dd1d256568","bbox":[-91.8639,41.8854,-91.862,41.8868]},{"type":"Feature","geometry":{"coordinates":[[-91.8624,41.8866],[-91.8625,41.8856]],"type":"LineString"},"properties":{"lineWidth":3,"hideLine":false,"widthScale":"mtrs","stroke-width":2,"name":"LineString 388","id":"1968a2e3-9a28-426c-bfb1-b32b17cdd099","isHidden":false,"distance":0.11150279872855065,"fill":"#000000","fill-opacity":0,"stroke":"#555555","stroke-opacity":1},"id":"1968a2e3-9a28-426c-bfb1-b32b17cdd099","bbox":[-91.8625,41.8856,-91.8624,41.8866]},{"type":"Feature","geometry":{"coordinates":[[-91.8628,41.8868],[-91.8628,41.8854]],"type":"LineString"},"properties":{"lineWidth":3,"hideLine":false,"widthScale":"mtrs","stroke-width":2,"name":"LineString 387","id":"7669505c-5800-46e8-b138-88672497f945","isHidden":false,"distance":0.15567311232737338,"fill":"#000000","fill-opacity":0,"stroke":"#555555","stroke-opacity":1},"id":"7669505c-5800-46e8-b138-88672497f945","bbox":[-91.8628,41.8854,-91.8628,41.8868]},{"type":"Feature","geometry":{"coordinates":[[-91.8631,41.8868],[-91.8632,41.8855]],"type":"LineString"},"properties":{"lineWidth":3,"hideLine":false,"widthScale":"mtrs","stroke-width":2,"name":"LineString 386","id":"89aeb27f-07db-4c42-a201-9cc7113c0c8f","isHidden":false,"distance":0.14479044397317684,"fill":"#000000","fill-opacity":0,"stroke":"#555555","stroke-opacity":1},"id":"89aeb27f-07db-4c42-a201-9cc7113c0c8f","bbox":[-91.8632,41.8855,-91.8631,41.8868]},{"type":"Feature","geometry":{"coordinates":[[-91.8635,41.8867],[-91.8636,41.8856]],"type":"LineString"},"properties":{"lineWidth":3,"hideLine":false,"widthScale":"mtrs","stroke-width":2,"name":"LineString 385","id":"177dd37c-4e06-42c5-98bd-17b63cdf268e","isHidden":false,"distance":0.12259439893100553,"fill":"#000000","fill-opacity":0,"stroke":"#555555","stroke-opacity":1},"id":"177dd37c-4e06-42c5-98bd-17b63cdf268e","bbox":[-91.8636,41.8856,-91.8635,41.8867]},{"type":"Feature","geometry":{"coordinates":[[-91.929,41.8868],[-91.929,41.8869],[-91.929,41.887],[-91.9291,41.8872],[-91.9292,41.8873],[-91.9293,41.8873],[-91.9294,41.8874],[-91.9296,41.8875],[-91.9298,41.8875],[-91.9299,41.8875],[-91.9301,41.8875],[-91.9303,41.8875],[-91.9304,41.8874],[-91.9306,41.8873],[-91.9307,41.8872],[-91.9308,41.8871],[-91.9308,41.887],[-91.9309,41.8869],[-91.9309,41.8868],[-91.9309,41.8866],[-91.9308,41.8865],[-91.9307,41.8864],[-91.9306,41.8863],[-91.9305,41.8862],[-91.9303,41.8862],[-91.9302,41.8861],[-91.93,41.8861],[-91.9298,41.8861],[-91.9297,41.8861],[-91.9295,41.8862],[-91.9294,41.8862],[-91.9292,41.8863],[-91.9291,41.8864],[-91.929,41.8865],[-91.929,41.8867],[-91.929,41.8868]],"type":"LineString"},"properties":{"lineWidth":3,"hideLine":false,"widthScale":"mtrs","stroke-width":2,"name":"LineString 384","id":"a94df20c-02b0-4d62-83f8-ccc8d3653a0b","isHidden":false,"distance":0.5162425852716033,"fill":"#000000","fill-opacity":0,"stroke":"#555555","stroke-opacity":1},"id":"a94df20c-02b0-4d62-83f8-ccc8d3653a0b","bbox":[-91.9309,41.8861,-91.929,41.8875]},{"type":"Feature","geometry":{"coordinates":[[-91.9294,41.8873],[-91.9294,41.8863]],"type":"LineString"},"properties":{"lineWidth":3,"hideLine":false,"widthScale":"mtrs","stroke-width":2,"name":"LineString 383","id":"1b06698a-b111-45f3-9293-14f984f8303a","isHidden":false,"distance":0.11119508023406385,"fill":"#000000","fill-opacity":0,"stroke":"#555555","stroke-opacity":1},"id":"1b06698a-b111-45f3-9293-14f984f8303a","bbox":[-91.9294,41.8863,-91.9294,41.8873]},{"type":"Feature","geometry":{"coordinates":[[-91.9297,41.8875],[-91.9298,41.8861]],"type":"LineString"},"properties":{"lineWidth":3,"hideLine":false,"widthScale":"mtrs","stroke-width":2,"name":"LineString 382","id":"49397788-d3ce-4e40-941b-9f3abcfe1276","isHidden":false,"distance":0.15589305518863913,"fill":"#000000","fill-opacity":0,"stroke":"#555555","stroke-opacity":1},"id":"49397788-d3ce-4e40-941b-9f3abcfe1276","bbox":[-91.9298,41.8861,-91.9297,41.8875]},{"type":"Feature","geometry":{"coordinates":[[-91.9301,41.8875],[-91.9301,41.8862]],"type":"LineString"},"properties":{"lineWidth":3,"hideLine":false,"widthScale":"mtrs","stroke-width":2,"name":"LineString 381","id":"b490979e-4d29-4fd7-8a2f-e192dda859bd","isHidden":false,"distance":0.1445536043036509,"fill":"#000000","fill-opacity":0,"stroke":"#555555","stroke-opacity":1},"id":"b490979e-4d29-4fd7-8a2f-e192dda859bd","bbox":[-91.9301,41.8862,-91.9301,41.8875]},{"type":"Feature","geometry":{"coordinates":[[-91.9305,41.8874],[-91.9305,41.8863]],"type":"LineString"},"properties":{"lineWidth":3,"hideLine":false,"widthScale":"mtrs","stroke-width":2,"name":"LineString 380","id":"236efa21-5de9-491b-9a5e-ad0426e14178","isHidden":false,"distance":0.12231458825699618,"fill":"#000000","fill-opacity":0,"stroke":"#555555","stroke-opacity":1},"id":"236efa21-5de9-491b-9a5e-ad0426e14178","bbox":[-91.9305,41.8863,-91.9305,41.8874]},{"type":"Feature","geometry":{"coordinates":[[-91.9067,41.8866],[-91.9067,41.8867],[-91.9067,41.8868],[-91.9068,41.8869],[-91.9069,41.887],[-91.907,41.8871],[-91.9071,41.8872],[-91.9073,41.8872],[-91.9075,41.8873],[-91.9076,41.8873],[-91.9078,41.8873],[-91.908,41.8872],[-91.9081,41.8872],[-91.9083,41.8871],[-91.9084,41.887],[-91.9085,41.8869],[-91.9085,41.8868],[-91.9086,41.8867],[-91.9086,41.8865],[-91.9085,41.8864],[-91.9085,41.8863],[-91.9084,41.8862],[-91.9083,41.8861],[-91.9082,41.886],[-91.908,41.8859],[-91.9079,41.8859],[-91.9077,41.8859],[-91.9075,41.8859],[-91.9073,41.8859],[-91.9072,41.8859],[-91.907,41.886],[-91.9069,41.8861],[-91.9068,41.8862],[-91.9067,41.8863],[-91.9067,41.8864],[-91.9067,41.8866]],"type":"LineString"},"properties":{"lineWidth":3,"hideLine":false,"widthScale":"mtrs","stroke-width":2,"name":"LineString 379","id":"7fd4c3d4-7c72-4044-b260-ff1816fa1d51","isHidden":false,"distance":0.5097638082501225,"fill":"#000000","fill-opacity":0,"stroke":"#555555","stroke-opacity":1},"id":"7fd4c3d4-7c72-4044-b260-ff1816fa1d51","bbox":[-91.9086,41.8859,-91.9067,41.8873]},{"type":"Feature","geometry":{"coordinates":[[-91.907,41.8871],[-91.9071,41.886]],"type":"LineString"},"properties":{"lineWidth":3,"hideLine":false,"widthScale":"mtrs","stroke-width":2,"name":"LineString 378","id":"4f76cb92-4bcd-40f1-803b-9e7106237a3b","isHidden":false,"distance":0.12259439543046184,"fill":"#000000","fill-opacity":0,"stroke":"#555555","stroke-opacity":1},"id":"4f76cb92-4bcd-40f1-803b-9e7106237a3b","bbox":[-91.9071,41.886,-91.907,41.8871]},{"type":"Feature","geometry":{"coordinates":[[-91.9074,41.8872],[-91.9075,41.8859]],"type":"LineString"},"properties":{"lineWidth":3,"hideLine":false,"widthScale":"mtrs","stroke-width":2,"name":"LineString 377","id":"8a4daafd-c572-4a85-b741-e42498a5dbf8","isHidden":false,"distance":0.14479044100992597,"fill":"#000000","fill-opacity":0,"stroke":"#555555","stroke-opacity":1},"id":"8a4daafd-c572-4a85-b741-e42498a5dbf8","bbox":[-91.9075,41.8859,-91.9074,41.8872]},{"type":"Feature","geometry":{"coordinates":[[-91.9078,41.8872],[-91.9078,41.8859]],"type":"LineString"},"properties":{"lineWidth":3,"hideLine":false,"widthScale":"mtrs","stroke-width":2,"name":"LineString 376","id":"f14f53ab-c9ab-427c-91eb-9f41404de943","isHidden":false,"distance":0.1445536043036509,"fill":"#000000","fill-opacity":0,"stroke":"#555555","stroke-opacity":1},"id":"f14f53ab-c9ab-427c-91eb-9f41404de943","bbox":[-91.9078,41.8859,-91.9078,41.8872]},{"type":"Feature","geometry":{"coordinates":[[-91.9081,41.8871],[-91.9082,41.8861]],"type":"LineString"},"properties":{"lineWidth":3,"hideLine":false,"widthScale":"mtrs","stroke-width":2,"name":"LineString 375","id":"197336bd-a4b2-4853-a539-7f152e3a837d","isHidden":false,"distance":0.1115027939178139,"fill":"#000000","fill-opacity":0,"stroke":"#555555","stroke-opacity":1},"id":"197336bd-a4b2-4853-a539-7f152e3a837d","bbox":[-91.9082,41.8861,-91.9081,41.8871]},{"type":"Feature","geometry":{"coordinates":[[-91.8843,41.8863],[-91.8844,41.8865],[-91.8844,41.8866],[-91.8845,41.8867],[-91.8846,41.8868],[-91.8847,41.8869],[-91.8848,41.887],[-91.885,41.887],[-91.8851,41.887],[-91.8853,41.8871],[-91.8855,41.887],[-91.8856,41.887],[-91.8858,41.887],[-91.8859,41.8869],[-91.8861,41.8868],[-91.8861,41.8867],[-91.8862,41.8866],[-91.8862,41.8864],[-91.8863,41.8863],[-91.8862,41.8862],[-91.8862,41.8861],[-91.8861,41.8859],[-91.886,41.8858],[-91.8859,41.8858],[-91.8857,41.8857],[-91.8855,41.8857],[-91.8854,41.8856],[-91.8852,41.8856],[-91.885,41.8857],[-91.8849,41.8857],[-91.8847,41.8858],[-91.8846,41.8859],[-91.8845,41.886],[-91.8844,41.8861],[-91.8844,41.8862],[-91.8843,41.8863]],"type":"LineString"},"properties":{"lineWidth":3,"hideLine":false,"widthScale":"mtrs","stroke-width":2,"name":"LineString 374","id":"77601d79-c8e0-4bed-aec0-ff1259593360","isHidden":false,"distance":0.5272531781008384,"fill":"#000000","fill-opacity":0,"stroke":"#555555","stroke-opacity":1},"id":"77601d79-c8e0-4bed-aec0-ff1259593360","bbox":[-91.8863,41.8856,-91.8843,41.8871]},{"type":"Feature","geometry":{"coordinates":[[-91.8847,41.8869],[-91.8848,41.8858]],"type":"LineString"},"properties":{"lineWidth":3,"hideLine":false,"widthScale":"mtrs","stroke-width":2,"name":"LineString 373","id":"c234ee3f-d88a-4a7c-b653-2e6499941c86","isHidden":false,"distance":0.12259439718034022,"fill":"#000000","fill-opacity":0,"stroke":"#555555","stroke-opacity":1},"id":"c234ee3f-d88a-4a7c-b653-2e6499941c86","bbox":[-91.8848,41.8858,-91.8847,41.8869]},{"type":"Feature","geometry":{"coordinates":[[-91.8851,41.887],[-91.8851,41.8857]],"type":"LineString"},"properties":{"lineWidth":3,"hideLine":false,"widthScale":"mtrs","stroke-width":2,"name":"LineString 372","id":"a355b34a-db12-4a69-b9cf-9bb26d5c956d","isHidden":false,"distance":0.1445536043036509,"fill":"#000000","fill-opacity":0,"stroke":"#555555","stroke-opacity":1},"id":"a355b34a-db12-4a69-b9cf-9bb26d5c956d","bbox":[-91.8851,41.8857,-91.8851,41.887]},{"type":"Feature","geometry":{"coordinates":[[-91.8855,41.887],[-91.8855,41.8857]],"type":"LineString"},"properties":{"lineWidth":3,"hideLine":false,"widthScale":"mtrs","stroke-width":2,"name":"LineString 371","id":"96724fbc-1f47-4400-8e02-58d2b9957f53","isHidden":false,"distance":0.1445536043036509,"fill":"#000000","fill-opacity":0,"stroke":"#555555","stroke-opacity":1},"id":"96724fbc-1f47-4400-8e02-58d2b9957f53","bbox":[-91.8855,41.8857,-91.8855,41.887]},{"type":"Feature","geometry":{"coordinates":[[-91.8858,41.8869],[-91.8859,41.8858]],"type":"LineString"},"properties":{"lineWidth":3,"hideLine":false,"widthScale":"mtrs","stroke-width":2,"name":"LineString 370","id":"d0222419-cf63-4adb-8645-59b7c72ce037","isHidden":false,"distance":0.12259439718034022,"fill":"#000000","fill-opacity":0,"stroke":"#555555","stroke-opacity":1},"id":"d0222419-cf63-4adb-8645-59b7c72ce037","bbox":[-91.8859,41.8858,-91.8858,41.8869]},{"type":"Feature","geometry":{"coordinates":[[-91.9513,41.887],[-91.9513,41.8871],[-91.9513,41.8873],[-91.9514,41.8874],[-91.9515,41.8875],[-91.9516,41.8876],[-91.9518,41.8876],[-91.9519,41.8877],[-91.9521,41.8877],[-91.9522,41.8877],[-91.9524,41.8877],[-91.9526,41.8877],[-91.9527,41.8876],[-91.9529,41.8876],[-91.953,41.8875],[-91.9531,41.8874],[-91.9531,41.8872],[-91.9532,41.8871],[-91.9532,41.887],[-91.9532,41.8869],[-91.9531,41.8867],[-91.953,41.8866],[-91.9529,41.8865],[-91.9528,41.8864],[-91.9526,41.8864],[-91.9525,41.8863],[-91.9523,41.8863],[-91.9521,41.8863],[-91.952,41.8863],[-91.9518,41.8864],[-91.9517,41.8865],[-91.9515,41.8865],[-91.9514,41.8866],[-91.9514,41.8868],[-91.9513,41.8869],[-91.9513,41.887]],"type":"LineString"},"properties":{"lineWidth":3,"hideLine":false,"widthScale":"mtrs","stroke-width":2,"name":"LineString 369","id":"4c685f7a-e4c7-45b0-9f83-1f12894c259f","isHidden":false,"distance":0.5283675754390432,"fill":"#000000","fill-opacity":0,"stroke":"#555555","stroke-opacity":1},"id":"4c685f7a-e4c7-45b0-9f83-1f12894c259f","bbox":[-91.9532,41.8863,-91.9513,41.8877]},{"type":"Feature","geometry":{"coordinates":[[-91.9517,41.8875],[-91.9517,41.8865]],"type":"LineString"},"properties":{"lineWidth":3,"hideLine":false,"widthScale":"mtrs","stroke-width":2,"name":"LineString 368","id":"7260c6e1-9f02-4775-a6ef-57c561e294ce","isHidden":false,"distance":0.11119508023406385,"fill":"#000000","fill-opacity":0,"stroke":"#555555","stroke-opacity":1},"id":"7260c6e1-9f02-4775-a6ef-57c561e294ce","bbox":[-91.9517,41.8865,-91.9517,41.8875]},{"type":"Feature","geometry":{"coordinates":[[-91.952,41.8877],[-91.9521,41.8864]],"type":"LineString"},"properties":{"lineWidth":3,"hideLine":false,"widthScale":"mtrs","stroke-width":2,"name":"LineString 367","id":"482d9a8c-1157-46f2-abbe-aa8909752f50","isHidden":false,"distance":0.14479043730585595,"fill":"#000000","fill-opacity":0,"stroke":"#555555","stroke-opacity":1},"id":"482d9a8c-1157-46f2-abbe-aa8909752f50","bbox":[-91.9521,41.8864,-91.952,41.8877]},{"type":"Feature","geometry":{"coordinates":[[-91.9524,41.8877],[-91.9524,41.8864]],"type":"LineString"},"properties":{"lineWidth":3,"hideLine":false,"widthScale":"mtrs","stroke-width":2,"name":"LineString 366","id":"cba59a0e-3aa0-482b-bcf1-b1677e7adf6b","isHidden":false,"distance":0.1445536043036509,"fill":"#000000","fill-opacity":0,"stroke":"#555555","stroke-opacity":1},"id":"cba59a0e-3aa0-482b-bcf1-b1677e7adf6b","bbox":[-91.9524,41.8864,-91.9524,41.8877]},{"type":"Feature","geometry":{"coordinates":[[-91.9528,41.8876],[-91.9528,41.8865]],"type":"LineString"},"properties":{"lineWidth":3,"hideLine":false,"widthScale":"mtrs","stroke-width":2,"name":"LineString 365","id":"660caaef-76d0-43b5-9456-4a2b391c9406","isHidden":false,"distance":0.12231458825699618,"fill":"#000000","fill-opacity":0,"stroke":"#555555","stroke-opacity":1},"id":"660caaef-76d0-43b5-9456-4a2b391c9406","bbox":[-91.9528,41.8865,-91.9528,41.8876]},{"type":"Feature","geometry":{"coordinates":[[-92.9002,42.1113],[-92.9004,42.1125],[-92.9008,42.1135],[-92.9015,42.1145],[-92.9024,42.1155],[-92.9035,42.1162],[-92.9048,42.1168],[-92.9062,42.1173],[-92.9077,42.1175],[-92.9092,42.1175],[-92.9107,42.1174],[-92.9121,42.117],[-92.9135,42.1164],[-92.9146,42.1157],[-92.9156,42.1149],[-92.9164,42.1139],[-92.9169,42.1128],[-92.9171,42.1117],[-92.9171,42.1106],[-92.9168,42.1095],[-92.9163,42.1084],[-92.9155,42.1075],[-92.9145,42.1066],[-92.9133,42.1059],[-92.9119,42.1054],[-92.9105,42.1051],[-92.909,42.105],[-92.9074,42.105],[-92.906,42.1053],[-92.9046,42.1057],[-92.9033,42.1064],[-92.9023,42.1072],[-92.9014,42.1081],[-92.9007,42.1091],[-92.9004,42.1102],[-92.9002,42.1113]],"type":"LineString"},"properties":{"lineWidth":3,"hideLine":false,"widthScale":"mtrs","stroke-width":2,"name":"LineString 364","id":"bfa27c32-b947-4e3c-bc4a-37d1325f59e0","isHidden":false,"distance":4.389103994974313,"fill":"#000000","fill-opacity":0,"stroke":"#555555","stroke-opacity":1},"id":"bfa27c32-b947-4e3c-bc4a-37d1325f59e0","bbox":[-92.9171,42.105,-92.9002,42.1175]},{"type":"Feature","geometry":{"coordinates":[[-92.3904,42.5565],[-92.3905,42.5576],[-92.3909,42.5587],[-92.3916,42.5597],[-92.3925,42.5606],[-92.3936,42.5614],[-92.3949,42.562],[-92.3963,42.5624],[-92.3978,42.5627],[-92.3993,42.5627],[-92.4008,42.5626],[-92.4023,42.5622],[-92.4036,42.5617],[-92.4048,42.561],[-92.4058,42.5601],[-92.4066,42.5591],[-92.4071,42.5581],[-92.4074,42.557],[-92.4073,42.5558],[-92.4071,42.5547],[-92.4065,42.5537],[-92.4057,42.5527],[-92.4047,42.5519],[-92.4035,42.5512],[-92.4022,42.5506],[-92.4007,42.5503],[-92.3992,42.5502],[-92.3977,42.5502],[-92.3962,42.5505],[-92.3948,42.5509],[-92.3935,42.5516],[-92.3924,42.5523],[-92.3915,42.5533],[-92.3909,42.5543],[-92.3905,42.5554],[-92.3904,42.5565]],"type":"LineString"},"properties":{"lineWidth":3,"hideLine":false,"widthScale":"mtrs","stroke-width":2,"name":"LineString 363","id":"313a209e-5735-4667-9023-99d7294e6995","isHidden":false,"distance":4.383894881512551,"fill":"#000000","fill-opacity":0,"stroke":"#555555","stroke-opacity":1},"id":"313a209e-5735-4667-9023-99d7294e6995","bbox":[-92.4074,42.5502,-92.3904,42.5627]},{"type":"Feature","geometry":{"coordinates":[[-92.3175,41.0291],[-92.3177,41.0302],[-92.3181,41.0313],[-92.3187,41.0323],[-92.3196,41.0332],[-92.3207,41.034],[-92.322,41.0346],[-92.3233,41.0351],[-92.3248,41.0353],[-92.3263,41.0354],[-92.3278,41.0352],[-92.3292,41.0348],[-92.3305,41.0343],[-92.3316,41.0336],[-92.3326,41.0327],[-92.3334,41.0318],[-92.3339,41.0307],[-92.3341,41.0296],[-92.3341,41.0285],[-92.3338,41.0273],[-92.3333,41.0263],[-92.3325,41.0253],[-92.3315,41.0245],[-92.3304,41.0238],[-92.3291,41.0233],[-92.3276,41.0229],[-92.3262,41.0228],[-92.3247,41.0228],[-92.3232,41.0231],[-92.3219,41.0235],[-92.3206,41.0242],[-92.3195,41.025],[-92.3187,41.0259],[-92.318,41.0269],[-92.3177,41.028],[-92.3175,41.0291]],"type":"LineString"},"properties":{"lineWidth":3,"hideLine":false,"widthScale":"mtrs","stroke-width":2,"name":"LineString 362","id":"c2106cdd-fe7e-4d57-a63d-965744f3bd59","isHidden":false,"distance":4.384624154055104,"fill":"#000000","fill-opacity":0,"stroke":"#555555","stroke-opacity":1},"id":"c2106cdd-fe7e-4d57-a63d-965744f3bd59","bbox":[-92.3341,41.0228,-92.3175,41.0354]},{"type":"Feature","geometry":{"coordinates":[[-90.7005,42.4013],[-90.7007,42.4025],[-90.701,42.4036],[-90.7017,42.4046],[-90.7026,42.4055],[-90.7037,42.4063],[-90.7049,42.4069],[-90.7063,42.4074],[-90.7078,42.4076],[-90.7093,42.4077],[-90.7108,42.4076],[-90.7123,42.4072],[-90.7136,42.4067],[-90.7148,42.406],[-90.7158,42.4052],[-90.7166,42.4042],[-90.7172,42.4032],[-90.7175,42.4021],[-90.7175,42.4009],[-90.7172,42.3998],[-90.7167,42.3988],[-90.716,42.3978],[-90.715,42.3969],[-90.7138,42.3962],[-90.7125,42.3957],[-90.711,42.3953],[-90.7095,42.3951],[-90.708,42.3952],[-90.7065,42.3954],[-90.7051,42.3958],[-90.7038,42.3965],[-90.7027,42.3972],[-90.7018,42.3981],[-90.7011,42.3991],[-90.7007,42.4002],[-90.7005,42.4013]],"type":"LineString"},"properties":{"lineWidth":3,"hideLine":false,"widthScale":"mtrs","stroke-width":2,"name":"LineString 361","id":"50e2a159-274e-4739-881f-6696f715646a","isHidden":false,"distance":4.384665751918935,"fill":"#000000","fill-opacity":0,"stroke":"#555555","stroke-opacity":1},"id":"50e2a159-274e-4739-881f-6696f715646a","bbox":[-90.7175,42.3951,-90.7005,42.4077]},{"type":"Feature","geometry":{"coordinates":[[-90.4749,41.7084],[-90.475,41.7095],[-90.4754,41.7106],[-90.476,41.7117],[-90.4769,41.7126],[-90.4779,41.7134],[-90.4792,41.714],[-90.4806,41.7145],[-90.482,41.7147],[-90.4835,41.7148],[-90.485,41.7147],[-90.4865,41.7143],[-90.4878,41.7138],[-90.489,41.7131],[-90.49,41.7123],[-90.4908,41.7113],[-90.4913,41.7103],[-90.4916,41.7092],[-90.4916,41.708],[-90.4914,41.7069],[-90.4909,41.7058],[-90.4901,41.7049],[-90.4892,41.704],[-90.488,41.7033],[-90.4867,41.7027],[-90.4852,41.7024],[-90.4838,41.7022],[-90.4823,41.7022],[-90.4808,41.7025],[-90.4794,41.7029],[-90.4781,41.7035],[-90.477,41.7043],[-90.4761,41.7052],[-90.4754,41.7062],[-90.475,41.7073],[-90.4749,41.7084]],"type":"LineString"},"properties":{"lineWidth":3,"hideLine":false,"widthScale":"mtrs","stroke-width":2,"name":"LineString 360","id":"2ac54d0b-2b5a-4b4b-9bee-13e0d6315c7a","isHidden":false,"distance":4.390208579057066,"fill":"#000000","fill-opacity":0,"stroke":"#555555","stroke-opacity":1},"id":"2ac54d0b-2b5a-4b4b-9bee-13e0d6315c7a","bbox":[-90.4916,41.7022,-90.4749,41.7148]},{"type":"Feature","geometry":{"coordinates":[[-90.6298,41.3208],[-90.6299,41.3219],[-90.6303,41.323],[-90.6309,41.324],[-90.6318,41.325],[-90.6329,41.3257],[-90.6341,41.3264],[-90.6355,41.3268],[-90.6369,41.3271],[-90.6384,41.3272],[-90.6399,41.327],[-90.6414,41.3267],[-90.6427,41.3262],[-90.6439,41.3255],[-90.6449,41.3246],[-90.6456,41.3237],[-90.6462,41.3226],[-90.6465,41.3215],[-90.6465,41.3204],[-90.6462,41.3193],[-90.6457,41.3182],[-90.645,41.3172],[-90.644,41.3164],[-90.6429,41.3157],[-90.6415,41.3151],[-90.6401,41.3147],[-90.6386,41.3146],[-90.6371,41.3146],[-90.6357,41.3149],[-90.6343,41.3153],[-90.633,41.3159],[-90.6319,41.3167],[-90.631,41.3176],[-90.6304,41.3186],[-90.63,41.3197],[-90.6298,41.3208]],"type":"LineString"},"properties":{"lineWidth":3,"hideLine":false,"widthScale":"mtrs","stroke-width":2,"name":"LineString 359","id":"9aa54666-9446-4d6e-a88f-a88d9d8ff05e","isHidden":false,"distance":4.388786742760577,"fill":"#000000","fill-opacity":0,"stroke":"#555555","stroke-opacity":1},"id":"9aa54666-9446-4d6e-a88f-a88d9d8ff05e","bbox":[-90.6465,41.3146,-90.6298,41.3272]},{"type":"Feature","geometry":{"coordinates":[[-91.1406,41.3662],[-91.1407,41.3674],[-91.1411,41.3685],[-91.1418,41.3696],[-91.1427,41.3705],[-91.1438,41.3713],[-91.1451,41.372],[-91.1465,41.3724],[-91.148,41.3727],[-91.1496,41.3728],[-91.1511,41.3726],[-91.1526,41.3723],[-91.154,41.3717],[-91.1552,41.371],[-91.1562,41.3701],[-91.157,41.3691],[-91.1576,41.368],[-91.1578,41.3669],[-91.1579,41.3657],[-91.1576,41.3646],[-91.1571,41.3635],[-91.1563,41.3625],[-91.1553,41.3616],[-91.154,41.3608],[-91.1527,41.3603],[-91.1512,41.3599],[-91.1497,41.3597],[-91.1481,41.3598],[-91.1466,41.36],[-91.1452,41.3605],[-91.1439,41.3611],[-91.1427,41.3619],[-91.1418,41.3629],[-91.1411,41.3639],[-91.1407,41.365],[-91.1406,41.3662]],"type":"LineString"},"properties":{"lineWidth":3,"hideLine":false,"widthScale":"mtrs","stroke-width":2,"name":"LineString 358","id":"cd6b8c5b-0394-460d-85df-c29fd3fd5ce5","isHidden":false,"distance":4.546782055442312,"fill":"#000000","fill-opacity":0,"stroke":"#555555","stroke-opacity":1},"id":"cd6b8c5b-0394-460d-85df-c29fd3fd5ce5","bbox":[-91.1579,41.3597,-91.1406,41.3728]},{"type":"Feature","geometry":{"coordinates":[[-91.6048,41.5188],[-91.6049,41.52],[-91.6053,41.521],[-91.606,41.5221],[-91.6069,41.523],[-91.6079,41.5238],[-91.6092,41.5244],[-91.6106,41.5248],[-91.612,41.5251],[-91.6135,41.5251],[-91.615,41.525],[-91.6165,41.5246],[-91.6178,41.5241],[-91.619,41.5234],[-91.62,41.5225],[-91.6207,41.5216],[-91.6213,41.5205],[-91.6215,41.5194],[-91.6215,41.5183],[-91.6213,41.5172],[-91.6207,41.5161],[-91.62,41.5151],[-91.619,41.5143],[-91.6178,41.5136],[-91.6165,41.513],[-91.6151,41.5127],[-91.6136,41.5125],[-91.6121,41.5126],[-91.6106,41.5128],[-91.6092,41.5133],[-91.608,41.5139],[-91.6069,41.5147],[-91.606,41.5156],[-91.6053,41.5166],[-91.6049,41.5177],[-91.6048,41.5188]],"type":"LineString"},"properties":{"lineWidth":3,"hideLine":false,"widthScale":"mtrs","stroke-width":2,"name":"LineString 357","id":"4d2b3695-4717-4075-8480-33d7c04462b7","isHidden":false,"distance":4.394201825994191,"fill":"#000000","fill-opacity":0,"stroke":"#555555","stroke-opacity":1},"id":"4d2b3695-4717-4075-8480-33d7c04462b7","bbox":[-91.6215,41.5125,-91.6048,41.5251]},{"type":"Feature","geometry":{"coordinates":[[-91.7784,41.8875],[-91.7785,41.8884],[-91.7789,41.8894],[-91.7794,41.8903],[-91.7802,41.891],[-91.7811,41.8917],[-91.7822,41.8922],[-91.7834,41.8926],[-91.7847,41.8928],[-91.7859,41.8929],[-91.7872,41.8927],[-91.7885,41.8924],[-91.7896,41.892],[-91.7906,41.8914],[-91.7915,41.8907],[-91.7921,41.8898],[-91.7926,41.8889],[-91.7928,41.888],[-91.7928,41.887],[-91.7926,41.886],[-91.7921,41.8851],[-91.7915,41.8843],[-91.7906,41.8836],[-91.7896,41.883],[-91.7884,41.8825],[-91.7872,41.8822],[-91.7859,41.8821],[-91.7846,41.8821],[-91.7834,41.8824],[-91.7822,41.8827],[-91.7811,41.8833],[-91.7802,41.8839],[-91.7794,41.8847],[-91.7789,41.8856],[-91.7785,41.8865],[-91.7784,41.8875]],"type":"LineString"},"properties":{"lineWidth":3,"hideLine":false,"widthScale":"mtrs","stroke-width":2,"name":"LineString 356","id":"ed7a07c0-2a45-438b-a160-3e061b165a63","isHidden":false,"distance":3.760327085725164,"fill":"#000000","fill-opacity":0,"stroke":"#555555","stroke-opacity":1},"id":"ed7a07c0-2a45-438b-a160-3e061b165a63","bbox":[-91.7928,41.8821,-91.7784,41.8929]},{"type":"Feature","geometry":{"coordinates":[[-90.9931,41.6065],[-90.9841,41.5933]],"type":"LineString"},"properties":{"lineWidth":3,"hideLine":false,"widthScale":"mtrs","stroke-width":2,"name":"LineString 355","id":"6dfeb394-ffab-40fd-ab88-07b82f24a076","isHidden":false,"distance":1.6475475279983642,"fill":"#000000","fill-opacity":0,"stroke":"#555555","stroke-opacity":1},"id":"6dfeb394-ffab-40fd-ab88-07b82f24a076","bbox":[-90.9931,41.5933,-90.9841,41.6065]},{"type":"Feature","geometry":{"coordinates":[[-91.0036,41.5942],[-90.9931,41.6065]],"type":"LineString"},"properties":{"lineWidth":3,"hideLine":false,"widthScale":"mtrs","stroke-width":2,"name":"LineString 354","id":"4b250a9d-e78d-43bf-8d9d-92ad0fe934f5","isHidden":false,"distance":1.6226153242142143,"fill":"#000000","fill-opacity":0,"stroke":"#555555","stroke-opacity":1},"id":"4b250a9d-e78d-43bf-8d9d-92ad0fe934f5","bbox":[-91.0036,41.5942,-90.9931,41.6065]},{"type":"Feature","geometry":{"coordinates":[[-91.3416,41.7208],[-91.3325,41.7076]],"type":"LineString"},"properties":{"lineWidth":3,"hideLine":false,"widthScale":"mtrs","stroke-width":2,"name":"LineString 353","id":"8f896431-bb0d-450b-a8ea-5c9c79f435c0","isHidden":false,"distance":1.6507267662635225,"fill":"#000000","fill-opacity":0,"stroke":"#555555","stroke-opacity":1},"id":"8f896431-bb0d-450b-a8ea-5c9c79f435c0","bbox":[-91.3416,41.7076,-91.3325,41.7208]},{"type":"Feature","geometry":{"coordinates":[[-91.352,41.7085],[-91.3416,41.7208]],"type":"LineString"},"properties":{"lineWidth":3,"hideLine":false,"widthScale":"mtrs","stroke-width":2,"name":"LineString 352","id":"afdab079-5e59-4a4a-b055-60159b9dd1dc","isHidden":false,"distance":1.6173374195844912,"fill":"#000000","fill-opacity":0,"stroke":"#555555","stroke-opacity":1},"id":"afdab079-5e59-4a4a-b055-60159b9dd1dc","bbox":[-91.352,41.7085,-91.3416,41.7208]},{"type":"Feature","geometry":{"coordinates":[[-91.3528,41.7247],[-91.3437,41.7115]],"type":"LineString"},"properties":{"lineWidth":3,"hideLine":false,"widthScale":"mtrs","stroke-width":2,"name":"LineString 351","id":"c18b4542-f5fd-41e0-bd64-f21289b1f723","isHidden":false,"distance":1.650705794546708,"fill":"#000000","fill-opacity":0,"stroke":"#555555","stroke-opacity":1},"id":"c18b4542-f5fd-41e0-bd64-f21289b1f723","bbox":[-91.3528,41.7115,-91.3437,41.7247]},{"type":"Feature","geometry":{"coordinates":[[-91.3632,41.7124],[-91.3528,41.7247]],"type":"LineString"},"properties":{"lineWidth":3,"hideLine":false,"widthScale":"mtrs","stroke-width":2,"name":"LineString 350","id":"1a6cc854-3606-401a-bf3d-ae18a8f38356","isHidden":false,"distance":1.6173094623494901,"fill":"#000000","fill-opacity":0,"stroke":"#555555","stroke-opacity":1},"id":"1a6cc854-3606-401a-bf3d-ae18a8f38356","bbox":[-91.3632,41.7124,-91.3528,41.7247]},{"type":"Feature","geometry":{"coordinates":[[-91.838,41.75],[-91.8288,41.7368]],"type":"LineString"},"properties":{"lineWidth":3,"hideLine":false,"widthScale":"mtrs","stroke-width":2,"name":"LineString 349","id":"713c22a5-235f-4cad-972d-de8be3ef64cd","isHidden":false,"distance":1.6543811892572917,"fill":"#000000","fill-opacity":0,"stroke":"#555555","stroke-opacity":1},"id":"713c22a5-235f-4cad-972d-de8be3ef64cd","bbox":[-91.838,41.7368,-91.8288,41.75]},{"type":"Feature","geometry":{"coordinates":[[-91.8483,41.7376],[-91.838,41.75]],"type":"LineString"},"properties":{"lineWidth":3,"hideLine":false,"widthScale":"mtrs","stroke-width":2,"name":"LineString 348","id":"2dcfaf33-8050-4596-9208-677db811ee23","isHidden":false,"distance":1.6221577565175573,"fill":"#000000","fill-opacity":0,"stroke":"#555555","stroke-opacity":1},"id":"2dcfaf33-8050-4596-9208-677db811ee23","bbox":[-91.8483,41.7376,-91.838,41.75]},{"type":"Feature","geometry":{"coordinates":[[-91.6145,41.9245],[-91.6053,41.9113]],"type":"LineString"},"properties":{"lineWidth":3,"hideLine":false,"widthScale":"mtrs","stroke-width":2,"name":"LineString 347","id":"9b622bd3-933c-47f8-a655-ae7a6a1d0841","isHidden":false,"distance":1.6534235191996385,"fill":"#000000","fill-opacity":0,"stroke":"#555555","stroke-opacity":1},"id":"9b622bd3-933c-47f8-a655-ae7a6a1d0841","bbox":[-91.6145,41.9113,-91.6053,41.9245]},{"type":"Feature","geometry":{"coordinates":[[-91.6249,41.9121],[-91.6145,41.9245]],"type":"LineString"},"properties":{"lineWidth":3,"hideLine":false,"widthScale":"mtrs","stroke-width":2,"name":"LineString 346","id":"aa88ced6-49c8-44a1-a7af-14fb98136c8a","isHidden":false,"distance":1.6252988168974345,"fill":"#000000","fill-opacity":0,"stroke":"#555555","stroke-opacity":1},"id":"aa88ced6-49c8-44a1-a7af-14fb98136c8a","bbox":[-91.6249,41.9121,-91.6145,41.9245]},{"type":"Feature","geometry":{"coordinates":[[-91.6549,41.9091],[-91.6457,41.896]],"type":"LineString"},"properties":{"lineWidth":3,"hideLine":false,"widthScale":"mtrs","stroke-width":2,"name":"LineString 345","id":"99f9398f-bbf1-4516-9df7-2bc49c1da9be","isHidden":false,"distance":1.6436452919893247,"fill":"#000000","fill-opacity":0,"stroke":"#555555","stroke-opacity":1},"id":"99f9398f-bbf1-4516-9df7-2bc49c1da9be","bbox":[-91.6549,41.896,-91.6457,41.9091]},{"type":"Feature","geometry":{"coordinates":[[-91.6653,41.8967],[-91.6549,41.9091]],"type":"LineString"},"properties":{"lineWidth":3,"hideLine":false,"widthScale":"mtrs","stroke-width":2,"name":"LineString 344","id":"ff55cfdf-4016-43e3-87bf-b59b5346d838","isHidden":false,"distance":1.6254087498204073,"fill":"#000000","fill-opacity":0,"stroke":"#555555","stroke-opacity":1},"id":"ff55cfdf-4016-43e3-87bf-b59b5346d838","bbox":[-91.6653,41.8967,-91.6549,41.9091]},{"type":"Feature","geometry":{"coordinates":[[-91.6834,41.9529],[-91.6742,41.9398]],"type":"LineString"},"properties":{"lineWidth":3,"hideLine":false,"widthScale":"mtrs","stroke-width":2,"name":"LineString 343","id":"3bdee7dc-0d05-4c08-921a-a27670030ba1","isHidden":false,"distance":1.643403309156244,"fill":"#000000","fill-opacity":0,"stroke":"#555555","stroke-opacity":1},"id":"3bdee7dc-0d05-4c08-921a-a27670030ba1","bbox":[-91.6834,41.9398,-91.6742,41.9529]},{"type":"Feature","geometry":{"coordinates":[[-91.6938,41.9405],[-91.6834,41.9529]],"type":"LineString"},"properties":{"lineWidth":3,"hideLine":false,"widthScale":"mtrs","stroke-width":2,"name":"LineString 342","id":"f9cbccaa-6ae7-423e-9002-0e71a3233d93","isHidden":false,"distance":1.6250960472376,"fill":"#000000","fill-opacity":0,"stroke":"#555555","stroke-opacity":1},"id":"f9cbccaa-6ae7-423e-9002-0e71a3233d93","bbox":[-91.6938,41.9405,-91.6834,41.9529]},{"type":"Feature","geometry":{"coordinates":[[-91.6405,42.0277],[-91.6313,42.0146]],"type":"LineString"},"properties":{"lineWidth":3,"hideLine":false,"widthScale":"mtrs","stroke-width":2,"name":"LineString 341","id":"d729ed27-6d80-49e9-a39e-63299d8eced5","isHidden":false,"distance":1.642989886274944,"fill":"#000000","fill-opacity":0,"stroke":"#555555","stroke-opacity":1},"id":"d729ed27-6d80-49e9-a39e-63299d8eced5","bbox":[-91.6405,42.0146,-91.6313,42.0277]},{"type":"Feature","geometry":{"coordinates":[[-91.6509,42.0154],[-91.6405,42.0277]],"type":"LineString"},"properties":{"lineWidth":3,"hideLine":false,"widthScale":"mtrs","stroke-width":2,"name":"LineString 340","id":"dfe7f906-9b60-4882-8b5e-71e38cefab50","isHidden":false,"distance":1.61513462114823,"fill":"#000000","fill-opacity":0,"stroke":"#555555","stroke-opacity":1},"id":"dfe7f906-9b60-4882-8b5e-71e38cefab50","bbox":[-91.6509,42.0154,-91.6405,42.0277]},{"type":"Feature","geometry":{"coordinates":[[-91.5447,42.0602],[-91.5355,42.0471]],"type":"LineString"},"properties":{"lineWidth":3,"hideLine":false,"widthScale":"mtrs","stroke-width":2,"name":"LineString 339","id":"bc125b2e-fc36-4c51-b6ba-0dcd5ab64332","isHidden":false,"distance":1.6428101896419023,"fill":"#000000","fill-opacity":0,"stroke":"#555555","stroke-opacity":1},"id":"bc125b2e-fc36-4c51-b6ba-0dcd5ab64332","bbox":[-91.5447,42.0471,-91.5355,42.0602]},{"type":"Feature","geometry":{"coordinates":[[-91.5551,42.0479],[-91.5447,42.0602]],"type":"LineString"},"properties":{"lineWidth":3,"hideLine":false,"widthScale":"mtrs","stroke-width":2,"name":"LineString 338","id":"1f6c2334-6053-4ca3-a0b4-513222736ac0","isHidden":false,"distance":1.6149010251423477,"fill":"#000000","fill-opacity":0,"stroke":"#555555","stroke-opacity":1},"id":"1f6c2334-6053-4ca3-a0b4-513222736ac0","bbox":[-91.5551,42.0479,-91.5447,42.0602]},{"type":"Feature","geometry":{"coordinates":[[-91.6467,42.0451],[-91.6375,42.0319]],"type":"LineString"},"properties":{"lineWidth":3,"hideLine":false,"widthScale":"mtrs","stroke-width":2,"name":"LineString 337","id":"52b3cf71-157f-4950-bf9d-eb09edccb078","isHidden":false,"distance":1.652760961717108,"fill":"#000000","fill-opacity":0,"stroke":"#555555","stroke-opacity":1},"id":"52b3cf71-157f-4950-bf9d-eb09edccb078","bbox":[-91.6467,42.0319,-91.6375,42.0451]},{"type":"Feature","geometry":{"coordinates":[[-91.6571,42.0327],[-91.6467,42.0451]],"type":"LineString"},"properties":{"lineWidth":3,"hideLine":false,"widthScale":"mtrs","stroke-width":2,"name":"LineString 336","id":"20806071-289f-43a6-a192-86928bb4dbcc","isHidden":false,"distance":1.624437438065812,"fill":"#000000","fill-opacity":0,"stroke":"#555555","stroke-opacity":1},"id":"20806071-289f-43a6-a192-86928bb4dbcc","bbox":[-91.6571,42.0327,-91.6467,42.0451]},{"type":"Feature","geometry":{"coordinates":[[-91.6952,42.0569],[-91.686,42.0437]],"type":"LineString"},"properties":{"lineWidth":3,"hideLine":false,"widthScale":"mtrs","stroke-width":2,"name":"LineString 335","id":"8dc5c3e5-0d50-43f3-bb6d-ada10987a495","isHidden":false,"distance":1.6526961043638808,"fill":"#000000","fill-opacity":0,"stroke":"#555555","stroke-opacity":1},"id":"8dc5c3e5-0d50-43f3-bb6d-ada10987a495","bbox":[-91.6952,42.0437,-91.686,42.0569]},{"type":"Feature","geometry":{"coordinates":[[-91.7056,42.0445],[-91.6952,42.0569]],"type":"LineString"},"properties":{"lineWidth":3,"hideLine":false,"widthScale":"mtrs","stroke-width":2,"name":"LineString 334","id":"408ffd40-8080-407c-89ee-1914a5899484","isHidden":false,"distance":1.6243531122250243,"fill":"#000000","fill-opacity":0,"stroke":"#555555","stroke-opacity":1},"id":"408ffd40-8080-407c-89ee-1914a5899484","bbox":[-91.7056,42.0445,-91.6952,42.0569]},{"type":"Feature","geometry":{"coordinates":[[-92.0872,42.0902],[-92.0779,42.0771]],"type":"LineString"},"properties":{"lineWidth":3,"hideLine":false,"widthScale":"mtrs","stroke-width":2,"name":"LineString 333","id":"63aedbd3-65ed-475c-aed8-7eb357e4d172","isHidden":false,"distance":1.6464748786342376,"fill":"#000000","fill-opacity":0,"stroke":"#555555","stroke-opacity":1},"id":"63aedbd3-65ed-475c-aed8-7eb357e4d172","bbox":[-92.0872,42.0771,-92.0779,42.0902]},{"type":"Feature","geometry":{"coordinates":[[-92.0975,42.0778],[-92.0872,42.0902]],"type":"LineString"},"properties":{"lineWidth":3,"hideLine":false,"widthScale":"mtrs","stroke-width":2,"name":"LineString 332","id":"44bfa73a-3e8e-4dc3-a541-cf02a437aba8","isHidden":false,"distance":1.61976924869093,"fill":"#000000","fill-opacity":0,"stroke":"#555555","stroke-opacity":1},"id":"44bfa73a-3e8e-4dc3-a541-cf02a437aba8","bbox":[-92.0975,42.0778,-92.0872,42.0902]},{"type":"Feature","geometry":{"coordinates":[[-91.8818,42.2881],[-91.8725,42.275]],"type":"LineString"},"properties":{"lineWidth":3,"hideLine":false,"widthScale":"mtrs","stroke-width":2,"name":"LineString 331","id":"6a9d43a4-f338-4bec-871a-096833a3c8a1","isHidden":false,"distance":1.6453582264612505,"fill":"#000000","fill-opacity":0,"stroke":"#555555","stroke-opacity":1},"id":"6a9d43a4-f338-4bec-871a-096833a3c8a1","bbox":[-91.8818,42.275,-91.8725,42.2881]},{"type":"Feature","geometry":{"coordinates":[[-91.8922,42.2757],[-91.8818,42.2881]],"type":"LineString"},"properties":{"lineWidth":3,"hideLine":false,"widthScale":"mtrs","stroke-width":2,"name":"LineString 330","id":"e2857f60-b7db-41c3-8305-daa9fbddaca6","isHidden":false,"distance":1.6226993065627247,"fill":"#000000","fill-opacity":0,"stroke":"#555555","stroke-opacity":1},"id":"e2857f60-b7db-41c3-8305-daa9fbddaca6","bbox":[-91.8922,42.2757,-91.8818,42.2881]},{"type":"Feature","geometry":{"coordinates":[[-91.8863,42.2952],[-91.8771,42.2821]],"type":"LineString"},"properties":{"lineWidth":3,"hideLine":false,"widthScale":"mtrs","stroke-width":2,"name":"LineString 329","id":"90467f59-4352-4390-b043-4f058b82f995","isHidden":false,"distance":1.6415096470158868,"fill":"#000000","fill-opacity":0,"stroke":"#555555","stroke-opacity":1},"id":"90467f59-4352-4390-b043-4f058b82f995","bbox":[-91.8863,42.2821,-91.8771,42.2952]},{"type":"Feature","geometry":{"coordinates":[[-91.8967,42.2829],[-91.8863,42.2952]],"type":"LineString"},"properties":{"lineWidth":3,"hideLine":false,"widthScale":"mtrs","stroke-width":2,"name":"LineString 328","id":"f5d95b88-6d59-4f4d-a2e0-8bda9aa06572","isHidden":false,"distance":1.6132101436282875,"fill":"#000000","fill-opacity":0,"stroke":"#555555","stroke-opacity":1},"id":"f5d95b88-6d59-4f4d-a2e0-8bda9aa06572","bbox":[-91.8967,42.2829,-91.8863,42.2952]},{"type":"Feature","geometry":{"coordinates":[[-91.8591,42.3163],[-91.8498,42.3032]],"type":"LineString"},"properties":{"lineWidth":3,"hideLine":false,"widthScale":"mtrs","stroke-width":2,"name":"LineString 327","id":"0552a0bf-d507-475a-b7c9-f87d50bc4a51","isHidden":false,"distance":1.6451989850140871,"fill":"#000000","fill-opacity":0,"stroke":"#555555","stroke-opacity":1},"id":"0552a0bf-d507-475a-b7c9-f87d50bc4a51","bbox":[-91.8591,42.3032,-91.8498,42.3163]},{"type":"Feature","geometry":{"coordinates":[[-91.8695,42.304],[-91.8591,42.3163]],"type":"LineString"},"properties":{"lineWidth":3,"hideLine":false,"widthScale":"mtrs","stroke-width":2,"name":"LineString 326","id":"4e9939ec-fb5e-494b-b4a2-377116607c55","isHidden":false,"distance":1.6130581711729441,"fill":"#000000","fill-opacity":0,"stroke":"#555555","stroke-opacity":1},"id":"4e9939ec-fb5e-494b-b4a2-377116607c55","bbox":[-91.8695,42.304,-91.8591,42.3163]},{"type":"Feature","geometry":{"coordinates":[[-91.8435,42.4006],[-91.8342,42.3875]],"type":"LineString"},"properties":{"lineWidth":3,"hideLine":false,"widthScale":"mtrs","stroke-width":2,"name":"LineString 325","id":"4f9511b6-a46f-4f85-ae18-fcf30102041f","isHidden":false,"distance":1.6447227753413158,"fill":"#000000","fill-opacity":0,"stroke":"#555555","stroke-opacity":1},"id":"4f9511b6-a46f-4f85-ae18-fcf30102041f","bbox":[-91.8435,42.3875,-91.8342,42.4006]},{"type":"Feature","geometry":{"coordinates":[[-91.854,42.3882],[-91.8435,42.4006]],"type":"LineString"},"properties":{"lineWidth":3,"hideLine":false,"widthScale":"mtrs","stroke-width":2,"name":"LineString 324","id":"c50ae663-e2d2-4eef-8ac9-0e3322b935bd","isHidden":false,"distance":1.6262327102546676,"fill":"#000000","fill-opacity":0,"stroke":"#555555","stroke-opacity":1},"id":"c50ae663-e2d2-4eef-8ac9-0e3322b935bd","bbox":[-91.854,42.3882,-91.8435,42.4006]},{"type":"Feature","geometry":{"coordinates":[[-92.0092,42.4146],[-91.9999,42.4015]],"type":"LineString"},"properties":{"lineWidth":3,"hideLine":false,"widthScale":"mtrs","stroke-width":2,"name":"LineString 323","id":"13acd89f-17d2-4a03-9a4d-e6333b1fc644","isHidden":false,"distance":1.6446436636696808,"fill":"#000000","fill-opacity":0,"stroke":"#555555","stroke-opacity":1},"id":"13acd89f-17d2-4a03-9a4d-e6333b1fc644","bbox":[-92.0092,42.4015,-91.9999,42.4146]},{"type":"Feature","geometry":{"coordinates":[[-92.0196,42.4023],[-92.0092,42.4146]],"type":"LineString"},"properties":{"lineWidth":3,"hideLine":false,"widthScale":"mtrs","stroke-width":2,"name":"LineString 322","id":"4034941f-a45d-47d0-a8e6-5cd93c5cc3ef","isHidden":false,"distance":1.6123498402945575,"fill":"#000000","fill-opacity":0,"stroke":"#555555","stroke-opacity":1},"id":"4034941f-a45d-47d0-a8e6-5cd93c5cc3ef","bbox":[-92.0196,42.4023,-92.0092,42.4146]},{"type":"Feature","geometry":{"coordinates":[[-92.0863,42.4097],[-92.077,42.3966]],"type":"LineString"},"properties":{"lineWidth":3,"hideLine":false,"widthScale":"mtrs","stroke-width":2,"name":"LineString 321","id":"89ff7316-3494-4d29-a695-00566a587d1e","isHidden":false,"distance":1.644671353587279,"fill":"#000000","fill-opacity":0,"stroke":"#555555","stroke-opacity":1},"id":"89ff7316-3494-4d29-a695-00566a587d1e","bbox":[-92.0863,42.3966,-92.077,42.4097]},{"type":"Feature","geometry":{"coordinates":[[-92.0967,42.3973],[-92.0863,42.4097]],"type":"LineString"},"properties":{"lineWidth":3,"hideLine":false,"widthScale":"mtrs","stroke-width":2,"name":"LineString 320","id":"53164043-ccfd-488b-84f3-fc52317e41d8","isHidden":false,"distance":1.6218282908885406,"fill":"#000000","fill-opacity":0,"stroke":"#555555","stroke-opacity":1},"id":"53164043-ccfd-488b-84f3-fc52317e41d8","bbox":[-92.0967,42.3973,-92.0863,42.4097]},{"type":"Feature","geometry":{"coordinates":[[-91.5188,41.7467],[-91.5198,41.7467],[-91.5209,41.7466],[-91.522,41.7463],[-91.5231,41.746],[-91.5241,41.7456],[-91.5251,41.7451],[-91.5261,41.7446],[-91.5269,41.7439],[-91.5276,41.7432],[-91.5283,41.7424],[-91.5287,41.7416],[-91.5291,41.7408],[-91.5294,41.74],[-91.5295,41.7392]],"type":"LineString"},"properties":{"lineWidth":3,"hideLine":false,"widthScale":"mtrs","stroke-width":2,"name":"LineString 319","id":"8877a2cd-3545-4480-82e1-810877e5115a","isHidden":false,"distance":1.3403501884784577,"fill":"#000000","fill-opacity":0,"stroke":"#555555","stroke-opacity":1},"id":"8877a2cd-3545-4480-82e1-810877e5115a","bbox":[-91.5295,41.7392,-91.5188,41.7467]},{"type":"Feature","geometry":{"coordinates":[[-91.5287,41.7548],[-91.5287,41.754],[-91.5285,41.7532],[-91.5282,41.7523],[-91.5278,41.7515],[-91.5273,41.7507],[-91.5266,41.75],[-91.5258,41.7493],[-91.525,41.7487],[-91.524,41.7481],[-91.523,41.7477],[-91.522,41.7473],[-91.5209,41.747],[-91.5198,41.7468],[-91.5188,41.7467]],"type":"LineString"},"properties":{"lineWidth":3,"hideLine":false,"widthScale":"mtrs","stroke-width":2,"name":"LineString 318","id":"0e9f64d0-48d5-4e8d-bfd1-92560cac0cc7","isHidden":false,"distance":1.338688960457608,"fill":"#000000","fill-opacity":0,"stroke":"#555555","stroke-opacity":1},"id":"0e9f64d0-48d5-4e8d-bfd1-92560cac0cc7","bbox":[-91.5287,41.7467,-91.5188,41.7548]},{"type":"Feature","geometry":{"coordinates":[[-91.5395,41.7473],[-91.5384,41.7473],[-91.5373,41.7475],[-91.5362,41.7477],[-91.5351,41.748],[-91.5341,41.7484],[-91.5331,41.7489],[-91.5322,41.7495],[-91.5313,41.7501],[-91.5306,41.7508],[-91.53,41.7516],[-91.5295,41.7524],[-91.5291,41.7532],[-91.5289,41.754],[-91.5287,41.7548]],"type":"LineString"},"properties":{"lineWidth":3,"hideLine":false,"widthScale":"mtrs","stroke-width":2,"name":"LineString 317","id":"c6bfbf62-df5b-4749-a239-e9ecad5a6e7e","isHidden":false,"distance":1.3436507602631855,"fill":"#000000","fill-opacity":0,"stroke":"#555555","stroke-opacity":1},"id":"c6bfbf62-df5b-4749-a239-e9ecad5a6e7e","bbox":[-91.5395,41.7473,-91.5287,41.7548]},{"type":"Feature","geometry":{"coordinates":[[-91.5395,41.7473],[-91.5384,41.7472],[-91.5373,41.747],[-91.5363,41.7467],[-91.5352,41.7464],[-91.5342,41.7459],[-91.5333,41.7454],[-91.5324,41.7447],[-91.5316,41.744],[-91.531,41.7433],[-91.5304,41.7425],[-91.53,41.7417],[-91.5297,41.7409],[-91.5296,41.74],[-91.5295,41.7392]],"type":"LineString"},"properties":{"lineWidth":3,"hideLine":false,"widthScale":"mtrs","stroke-width":2,"name":"LineString 316","id":"b62339cb-80a7-4de3-b081-a0453b88b785","isHidden":false,"distance":1.346968110301643,"fill":"#000000","fill-opacity":0,"stroke":"#555555","stroke-opacity":1},"id":"b62339cb-80a7-4de3-b081-a0453b88b785","bbox":[-91.5395,41.7392,-91.5295,41.7473]},{"type":"Feature","geometry":{"coordinates":[[-91.529,41.7504],[-91.5296,41.7503],[-91.5302,41.7503],[-91.5309,41.7501],[-91.5315,41.7498],[-91.5322,41.7495],[-91.5327,41.749],[-91.5331,41.7485],[-91.5334,41.748],[-91.5336,41.7474],[-91.5336,41.7469],[-91.5335,41.7463],[-91.5333,41.7459],[-91.5331,41.7454],[-91.5327,41.745],[-91.5323,41.7447],[-91.5318,41.7443],[-91.5312,41.744],[-91.5304,41.7438],[-91.5297,41.7437],[-91.5289,41.7437],[-91.5281,41.7437],[-91.5274,41.7439],[-91.5267,41.7442],[-91.5262,41.7445],[-91.5257,41.7449],[-91.5253,41.7452],[-91.525,41.7456],[-91.5248,41.7461],[-91.5247,41.7466],[-91.5246,41.7472],[-91.5248,41.7477],[-91.525,41.7483],[-91.5254,41.7488],[-91.5258,41.7493],[-91.5264,41.7497],[-91.527,41.75],[-91.5277,41.7502],[-91.5283,41.7503],[-91.529,41.7504]],"type":"LineString"},"properties":{"lineWidth":3,"hideLine":false,"widthScale":"mtrs","stroke-width":2,"name":"LineString 315","id":"ff1c19e3-e9c7-450e-b670-9989954d5dd0","isHidden":false,"distance":2.3450623140132016,"fill":"#000000","fill-opacity":0,"stroke":"#555555","stroke-opacity":1},"id":"ff1c19e3-e9c7-450e-b670-9989954d5dd0","bbox":[-91.5336,41.7437,-91.5246,41.7504]},{"type":"Feature","geometry":{"coordinates":[[-91.431,41.8805],[-91.4321,41.8805],[-91.4332,41.8804],[-91.4343,41.8801],[-91.4354,41.8798],[-91.4365,41.8794],[-91.4375,41.8789],[-91.4384,41.8784],[-91.4392,41.8777],[-91.44,41.877],[-91.4406,41.8763],[-91.4411,41.8755],[-91.4414,41.8747],[-91.4417,41.8739],[-91.4418,41.8731]],"type":"LineString"},"properties":{"lineWidth":3,"hideLine":false,"widthScale":"mtrs","stroke-width":2,"name":"LineString 314","id":"3dd1cece-4b89-44e3-bb30-44ab339d9535","isHidden":false,"distance":1.339749237020643,"fill":"#000000","fill-opacity":0,"stroke":"#555555","stroke-opacity":1},"id":"3dd1cece-4b89-44e3-bb30-44ab339d9535","bbox":[-91.4418,41.8731,-91.431,41.8805]},{"type":"Feature","geometry":{"coordinates":[[-91.441,41.8886],[-91.441,41.8878],[-91.4408,41.887],[-91.4405,41.8862],[-91.4401,41.8853],[-91.4396,41.8845],[-91.4389,41.8838],[-91.4381,41.8831],[-91.4373,41.8825],[-91.4363,41.8819],[-91.4353,41.8815],[-91.4343,41.8811],[-91.4332,41.8808],[-91.4321,41.8806],[-91.431,41.8805]],"type":"LineString"},"properties":{"lineWidth":3,"hideLine":false,"widthScale":"mtrs","stroke-width":2,"name":"LineString 313","id":"28df4fd7-0db9-4f8a-b471-a4cedee3ec22","isHidden":false,"distance":1.345324948766764,"fill":"#000000","fill-opacity":0,"stroke":"#555555","stroke-opacity":1},"id":"28df4fd7-0db9-4f8a-b471-a4cedee3ec22","bbox":[-91.441,41.8805,-91.431,41.8886]},{"type":"Feature","geometry":{"coordinates":[[-91.4518,41.8811],[-91.4508,41.8812],[-91.4497,41.8813],[-91.4486,41.8815],[-91.4475,41.8818],[-91.4464,41.8822],[-91.4454,41.8827],[-91.4445,41.8833],[-91.4436,41.8839],[-91.4429,41.8846],[-91.4423,41.8854],[-91.4418,41.8862],[-91.4414,41.887],[-91.4412,41.8878],[-91.441,41.8886]],"type":"LineString"},"properties":{"lineWidth":3,"hideLine":false,"widthScale":"mtrs","stroke-width":2,"name":"LineString 312","id":"8566bfaa-02ac-4719-82a1-90b3de075db7","isHidden":false,"distance":1.3400196007507459,"fill":"#000000","fill-opacity":0,"stroke":"#555555","stroke-opacity":1},"id":"8566bfaa-02ac-4719-82a1-90b3de075db7","bbox":[-91.4518,41.8811,-91.441,41.8886]},{"type":"Feature","geometry":{"coordinates":[[-91.4518,41.8811],[-91.4508,41.881],[-91.4497,41.8808],[-91.4486,41.8806],[-91.4476,41.8802],[-91.4465,41.8797],[-91.4456,41.8792],[-91.4447,41.8786],[-91.444,41.8779],[-91.4433,41.8771],[-91.4428,41.8763],[-91.4423,41.8755],[-91.4421,41.8747],[-91.4419,41.8739],[-91.4418,41.8731]],"type":"LineString"},"properties":{"lineWidth":3,"hideLine":false,"widthScale":"mtrs","stroke-width":2,"name":"LineString 311","id":"6b6a743f-4582-4a28-971e-8a5c5709dc3f","isHidden":false,"distance":1.3344367798132253,"fill":"#000000","fill-opacity":0,"stroke":"#555555","stroke-opacity":1},"id":"6b6a743f-4582-4a28-971e-8a5c5709dc3f","bbox":[-91.4518,41.8731,-91.4418,41.8811]},{"type":"Feature","geometry":{"coordinates":[[-91.4413,41.8842],[-91.4419,41.8842],[-91.4425,41.8841],[-91.4432,41.8839],[-91.4439,41.8836],[-91.4445,41.8833],[-91.445,41.8829],[-91.4454,41.8824],[-91.4457,41.8818],[-91.4459,41.8812],[-91.4459,41.8807],[-91.4458,41.8802],[-91.4457,41.8797],[-91.4454,41.8793],[-91.4451,41.8789],[-91.4446,41.8785],[-91.4441,41.8781],[-91.4435,41.8778],[-91.4428,41.8776],[-91.442,41.8775],[-91.4412,41.8775],[-91.4404,41.8776],[-91.4397,41.8777],[-91.439,41.878],[-91.4385,41.8783],[-91.438,41.8787],[-91.4376,41.879],[-91.4373,41.8795],[-91.4371,41.8799],[-91.437,41.8804],[-91.437,41.881],[-91.4371,41.8816],[-91.4373,41.8821],[-91.4377,41.8826],[-91.4382,41.8831],[-91.4387,41.8835],[-91.4394,41.8838],[-91.44,41.884],[-91.4406,41.8841],[-91.4413,41.8842]],"type":"LineString"},"properties":{"lineWidth":3,"hideLine":false,"widthScale":"mtrs","stroke-width":2,"name":"LineString 310","id":"62763cf6-e688-46eb-951f-999267955131","isHidden":false,"distance":2.337947211861062,"fill":"#000000","fill-opacity":0,"stroke":"#555555","stroke-opacity":1},"id":"62763cf6-e688-46eb-951f-999267955131","bbox":[-91.4459,41.8775,-91.437,41.8842]},{"type":"Feature","geometry":{"coordinates":[[-91.8746,42.0216],[-91.8757,42.0216],[-91.8768,42.0215],[-91.8779,42.0213],[-91.879,42.0209],[-91.88,42.0205],[-91.881,42.02],[-91.882,42.0195],[-91.8828,42.0188],[-91.8835,42.0181],[-91.8842,42.0173],[-91.8846,42.0165],[-91.885,42.0157],[-91.8853,42.0149],[-91.8854,42.0141]],"type":"LineString"},"properties":{"lineWidth":3,"hideLine":false,"widthScale":"mtrs","stroke-width":2,"name":"LineString 309","id":"60ec0b7d-b4c3-4e73-a8b5-e11fdd26bcbd","isHidden":false,"distance":1.3467477270745043,"fill":"#000000","fill-opacity":0,"stroke":"#555555","stroke-opacity":1},"id":"60ec0b7d-b4c3-4e73-a8b5-e11fdd26bcbd","bbox":[-91.8854,42.0141,-91.8746,42.0216]},{"type":"Feature","geometry":{"coordinates":[[-91.8847,42.0297],[-91.8846,42.0289],[-91.8845,42.0281],[-91.8842,42.0272],[-91.8838,42.0264],[-91.8832,42.0256],[-91.8825,42.0249],[-91.8818,42.0242],[-91.8809,42.0236],[-91.8799,42.023],[-91.8789,42.0226],[-91.8779,42.0222],[-91.8768,42.0219],[-91.8757,42.0217],[-91.8746,42.0216]],"type":"LineString"},"properties":{"lineWidth":3,"hideLine":false,"widthScale":"mtrs","stroke-width":2,"name":"LineString 308","id":"cd1afefb-b658-42e4-ad71-e4ceea15e42b","isHidden":false,"distance":1.3480209534927639,"fill":"#000000","fill-opacity":0,"stroke":"#555555","stroke-opacity":1},"id":"cd1afefb-b658-42e4-ad71-e4ceea15e42b","bbox":[-91.8847,42.0216,-91.8746,42.0297]},{"type":"Feature","geometry":{"coordinates":[[-91.8955,42.0222],[-91.8944,42.0222],[-91.8933,42.0223],[-91.8922,42.0226],[-91.8911,42.0229],[-91.89,42.0233],[-91.889,42.0238],[-91.8881,42.0244],[-91.8873,42.025],[-91.8866,42.0257],[-91.8859,42.0265],[-91.8855,42.0273],[-91.8851,42.0281],[-91.8848,42.0289],[-91.8847,42.0297]],"type":"LineString"},"properties":{"lineWidth":3,"hideLine":false,"widthScale":"mtrs","stroke-width":2,"name":"LineString 307","id":"828ecda5-b203-4f79-820a-bb2313731236","isHidden":false,"distance":1.3450576626804842,"fill":"#000000","fill-opacity":0,"stroke":"#555555","stroke-opacity":1},"id":"828ecda5-b203-4f79-820a-bb2313731236","bbox":[-91.8955,42.0222,-91.8847,42.0297]},{"type":"Feature","geometry":{"coordinates":[[-91.8955,42.0222],[-91.8944,42.0221],[-91.8933,42.0219],[-91.8922,42.0216],[-91.8912,42.0212],[-91.8902,42.0208],[-91.8892,42.0202],[-91.8883,42.0196],[-91.8876,42.0189],[-91.8869,42.0182],[-91.8863,42.0174],[-91.8859,42.0166],[-91.8856,42.0158],[-91.8855,42.0149],[-91.8854,42.0141]],"type":"LineString"},"properties":{"lineWidth":3,"hideLine":false,"widthScale":"mtrs","stroke-width":2,"name":"LineString 306","id":"e4fc4e13-e126-42d4-8b29-3123d1845e23","isHidden":false,"distance":1.348365061873837,"fill":"#000000","fill-opacity":0,"stroke":"#555555","stroke-opacity":1},"id":"e4fc4e13-e126-42d4-8b29-3123d1845e23","bbox":[-91.8955,42.0141,-91.8854,42.0222]},{"type":"Feature","geometry":{"coordinates":[[-91.8849,42.0253],[-91.8855,42.0252],[-91.8862,42.0252],[-91.8868,42.025],[-91.8875,42.0247],[-91.8881,42.0244],[-91.8886,42.0239],[-91.8891,42.0234],[-91.8894,42.0229],[-91.8895,42.0223],[-91.8895,42.0218],[-91.8894,42.0212],[-91.8893,42.0207],[-91.889,42.0203],[-91.8887,42.0199],[-91.8883,42.0196],[-91.8877,42.0192],[-91.8871,42.0189],[-91.8864,42.0187],[-91.8856,42.0186],[-91.8848,42.0186],[-91.884,42.0186],[-91.8833,42.0188],[-91.8826,42.0191],[-91.8821,42.0194],[-91.8816,42.0198],[-91.8812,42.0201],[-91.8809,42.0205],[-91.8807,42.021],[-91.8806,42.0215],[-91.8806,42.0221],[-91.8807,42.0227],[-91.8809,42.0232],[-91.8813,42.0237],[-91.8818,42.0242],[-91.8824,42.0246],[-91.883,42.0249],[-91.8836,42.0251],[-91.8843,42.0252],[-91.8849,42.0253]],"type":"LineString"},"properties":{"lineWidth":3,"hideLine":false,"widthScale":"mtrs","stroke-width":2,"name":"LineString 305","id":"4610e95e-baa4-47b3-943d-907fc8f5f2a6","isHidden":false,"distance":2.342147724410112,"fill":"#000000","fill-opacity":0,"stroke":"#555555","stroke-opacity":1},"id":"4610e95e-baa4-47b3-943d-907fc8f5f2a6","bbox":[-91.8895,42.0186,-91.8806,42.0253]},{"type":"Feature","geometry":{"coordinates":[[-91.9642,41.887],[-91.9652,41.887],[-91.9663,41.8868],[-91.9674,41.8866],[-91.9685,41.8863],[-91.9696,41.8859],[-91.9706,41.8854],[-91.9715,41.8848],[-91.9723,41.8842],[-91.973,41.8834],[-91.9736,41.8827],[-91.9741,41.8819],[-91.9745,41.8811],[-91.9747,41.8803],[-91.9749,41.8795]],"type":"LineString"},"properties":{"lineWidth":3,"hideLine":false,"widthScale":"mtrs","stroke-width":2,"name":"LineString 304","id":"4cdd411c-a281-48a6-9c7c-b5c7e9ebb088","isHidden":false,"distance":1.3348119702927732,"fill":"#000000","fill-opacity":0,"stroke":"#555555","stroke-opacity":1},"id":"4cdd411c-a281-48a6-9c7c-b5c7e9ebb088","bbox":[-91.9749,41.8795,-91.9642,41.887]},{"type":"Feature","geometry":{"coordinates":[[-91.9742,41.895],[-91.9741,41.8942],[-91.974,41.8934],[-91.9737,41.8926],[-91.9733,41.8918],[-91.9727,41.891],[-91.9721,41.8902],[-91.9713,41.8895],[-91.9704,41.8889],[-91.9694,41.8884],[-91.9684,41.8879],[-91.9674,41.8876],[-91.9663,41.8873],[-91.9652,41.8871],[-91.9642,41.887]],"type":"LineString"},"properties":{"lineWidth":3,"hideLine":false,"widthScale":"mtrs","stroke-width":2,"name":"LineString 303","id":"7b4378be-7914-4bd0-bf9b-114926ce7e82","isHidden":false,"distance":1.3348370448335845,"fill":"#000000","fill-opacity":0,"stroke":"#555555","stroke-opacity":1},"id":"7b4378be-7914-4bd0-bf9b-114926ce7e82","bbox":[-91.9742,41.887,-91.9642,41.895]},{"type":"Feature","geometry":{"coordinates":[[-91.9849,41.8875],[-91.9839,41.8875],[-91.9828,41.8877],[-91.9817,41.8879],[-91.9806,41.8882],[-91.9795,41.8886],[-91.9785,41.8891],[-91.9776,41.8897],[-91.9768,41.8903],[-91.9761,41.8911],[-91.9754,41.8918],[-91.975,41.8926],[-91.9746,41.8934],[-91.9743,41.8942],[-91.9742,41.895]],"type":"LineString"},"properties":{"lineWidth":3,"hideLine":false,"widthScale":"mtrs","stroke-width":2,"name":"LineString 302","id":"6b8e630e-f199-4455-be98-c7413bb1c4a0","isHidden":false,"distance":1.3370192628489432,"fill":"#000000","fill-opacity":0,"stroke":"#555555","stroke-opacity":1},"id":"6b8e630e-f199-4455-be98-c7413bb1c4a0","bbox":[-91.9849,41.8875,-91.9742,41.895]},{"type":"Feature","geometry":{"coordinates":[[-91.9849,41.8875],[-91.9839,41.8874],[-91.9828,41.8872],[-91.9817,41.8869],[-91.9807,41.8866],[-91.9796,41.8861],[-91.9787,41.8856],[-91.9778,41.885],[-91.977,41.8843],[-91.9764,41.8835],[-91.9758,41.8827],[-91.9754,41.8819],[-91.9751,41.8811],[-91.9749,41.8803],[-91.9749,41.8795]],"type":"LineString"},"properties":{"lineWidth":3,"hideLine":false,"widthScale":"mtrs","stroke-width":2,"name":"LineString 301","id":"4d888a5b-612a-469b-a8c9-a649dbead088","isHidden":false,"distance":1.3358324444947431,"fill":"#000000","fill-opacity":0,"stroke":"#555555","stroke-opacity":1},"id":"4d888a5b-612a-469b-a8c9-a649dbead088","bbox":[-91.9849,41.8795,-91.9749,41.8875]},{"type":"Feature","geometry":{"coordinates":[[-91.9744,41.8906],[-91.975,41.8906],[-91.9757,41.8905],[-91.9763,41.8903],[-91.977,41.8901],[-91.9776,41.8897],[-91.9781,41.8893],[-91.9786,41.8888],[-91.9788,41.8882],[-91.979,41.8876],[-91.979,41.8871],[-91.9789,41.8866],[-91.9788,41.8861],[-91.9785,41.8857],[-91.9782,41.8853],[-91.9777,41.8849],[-91.9772,41.8846],[-91.9766,41.8843],[-91.9759,41.884],[-91.9751,41.8839],[-91.9743,41.8839],[-91.9735,41.884],[-91.9728,41.8842],[-91.9721,41.8844],[-91.9716,41.8847],[-91.9711,41.8851],[-91.9707,41.8855],[-91.9704,41.8859],[-91.9702,41.8864],[-91.9701,41.8869],[-91.9701,41.8874],[-91.9702,41.888],[-91.9704,41.8886],[-91.9708,41.8891],[-91.9713,41.8896],[-91.9719,41.8899],[-91.9725,41.8902],[-91.9731,41.8904],[-91.9738,41.8906],[-91.9744,41.8906]],"type":"LineString"},"properties":{"lineWidth":3,"hideLine":false,"widthScale":"mtrs","stroke-width":2,"name":"LineString 300","id":"6cb1fd45-394f-460d-a568-a79ae90d6d0a","isHidden":false,"distance":2.3404897873241266,"fill":"#000000","fill-opacity":0,"stroke":"#555555","stroke-opacity":1},"id":"6cb1fd45-394f-460d-a568-a79ae90d6d0a","bbox":[-91.979,41.8839,-91.9701,41.8906]},{"type":"Feature","geometry":{"coordinates":[[-92.8379,40.6719],[-92.8379,40.6721],[-92.8381,40.672],[-92.8381,40.6722],[-92.8383,40.6722],[-92.8383,40.6724]],"type":"LineString"},"properties":{"lineWidth":3,"hideLine":false,"widthScale":"mtrs","stroke-width":2,"name":"LineString 299","id":"abeb2655-1bd2-4ca9-9bdc-8c8b03f62aa6","isHidden":false,"distance":0.10378689362632551,"fill":"#000000","fill-opacity":0,"stroke":"#555555","stroke-opacity":1},"id":"abeb2655-1bd2-4ca9-9bdc-8c8b03f62aa6","bbox":[-92.8383,40.6719,-92.8379,40.6724]},{"type":"Feature","geometry":{"coordinates":[[-92.8399,40.671],[-92.8397,40.671],[-92.8397,40.6708],[-92.8397,40.6707],[-92.8395,40.6707],[-92.8393,40.6707],[-92.8393,40.6705]],"type":"LineString"},"properties":{"lineWidth":3,"hideLine":false,"widthScale":"mtrs","stroke-width":2,"name":"LineString 298","id":"b5d7cbc3-de85-462b-90ad-fbf4c8bcefe2","isHidden":false,"distance":0.10620019082360828,"fill":"#000000","fill-opacity":0,"stroke":"#555555","stroke-opacity":1},"id":"b5d7cbc3-de85-462b-90ad-fbf4c8bcefe2","bbox":[-92.8399,40.6705,-92.8393,40.671]},{"type":"Feature","geometry":{"coordinates":[[-92.8399,40.6719],[-92.8397,40.6719],[-92.8397,40.672],[-92.8397,40.6722],[-92.8395,40.6722],[-92.8393,40.6722],[-92.8393,40.6724]],"type":"LineString"},"properties":{"lineWidth":3,"hideLine":false,"widthScale":"mtrs","stroke-width":2,"name":"LineString 297","id":"5ba05b90-cf31-446a-a21e-2d70e4d3ac77","isHidden":false,"distance":0.10619920427393105,"fill":"#000000","fill-opacity":0,"stroke":"#555555","stroke-opacity":1},"id":"5ba05b90-cf31-446a-a21e-2d70e4d3ac77","bbox":[-92.8399,40.6719,-92.8393,40.6724]},{"type":"Feature","geometry":{"coordinates":[[-92.8379,40.671],[-92.8379,40.6708],[-92.8381,40.6708],[-92.8381,40.6707],[-92.8383,40.6707],[-92.8383,40.6705]],"type":"LineString"},"properties":{"lineWidth":3,"hideLine":false,"widthScale":"mtrs","stroke-width":2,"name":"LineString 296","id":"b0344427-933d-4962-af87-bcf95a5d54c7","isHidden":false,"distance":0.089332665883572,"fill":"#000000","fill-opacity":0,"stroke":"#555555","stroke-opacity":1},"id":"b0344427-933d-4962-af87-bcf95a5d54c7","bbox":[-92.8383,40.6705,-92.8379,40.671]},{"type":"Feature","geometry":{"coordinates":[[-92.8379,40.671],[-92.8379,40.6719]],"type":"LineString"},"properties":{"lineWidth":3,"hideLine":false,"widthScale":"mtrs","stroke-width":2,"name":"LineString 295","id":"617f912f-cbe7-4de3-8f54-3624033afd38","isHidden":false,"distance":0.10007557221034143,"fill":"#000000","fill-opacity":0,"stroke":"#555555","stroke-opacity":1},"id":"617f912f-cbe7-4de3-8f54-3624033afd38","bbox":[-92.8379,40.671,-92.8379,40.6719]},{"type":"Feature","geometry":{"coordinates":[[-92.8383,40.6724],[-92.8393,40.6724]],"type":"LineString"},"properties":{"lineWidth":3,"hideLine":false,"widthScale":"mtrs","stroke-width":2,"name":"LineString 294","id":"dc7abd92-2822-4e47-93c2-0482d5b94b8a","isHidden":false,"distance":0.08433572747803841,"fill":"#000000","fill-opacity":0,"stroke":"#555555","stroke-opacity":1},"id":"dc7abd92-2822-4e47-93c2-0482d5b94b8a","bbox":[-92.8393,40.6724,-92.8383,40.6724]},{"type":"Feature","geometry":{"coordinates":[[-92.8399,40.6719],[-92.8399,40.671]],"type":"LineString"},"properties":{"lineWidth":3,"hideLine":false,"widthScale":"mtrs","stroke-width":2,"name":"LineString 293","id":"ff50a60c-bfef-498d-83ee-e166d27a8798","isHidden":false,"distance":0.10007557221034143,"fill":"#000000","fill-opacity":0,"stroke":"#555555","stroke-opacity":1},"id":"ff50a60c-bfef-498d-83ee-e166d27a8798","bbox":[-92.8399,40.671,-92.8399,40.6719]},{"type":"Feature","geometry":{"coordinates":[[-92.8393,40.6705],[-92.8383,40.6705]],"type":"LineString"},"properties":{"lineWidth":3,"hideLine":false,"widthScale":"mtrs","stroke-width":2,"name":"LineString 292","id":"9eda8c69-58b7-4c41-94d9-478578d1f246","isHidden":false,"distance":0.08433813061186754,"fill":"#000000","fill-opacity":0,"stroke":"#555555","stroke-opacity":1},"id":"9eda8c69-58b7-4c41-94d9-478578d1f246","bbox":[-92.8393,40.6705,-92.8383,40.6705]},{"type":"Feature","geometry":{"coordinates":[[-93.2269,40.6669],[-93.2269,40.6671],[-93.2271,40.6671],[-93.2271,40.6673],[-93.2273,40.6673],[-93.2273,40.6675]],"type":"LineString"},"properties":{"lineWidth":3,"hideLine":false,"widthScale":"mtrs","stroke-width":2,"name":"LineString 291","id":"ae768b57-37e0-4fc2-9676-e55b707d9750","isHidden":false,"distance":0.1004539698425101,"fill":"#000000","fill-opacity":0,"stroke":"#555555","stroke-opacity":1},"id":"ae768b57-37e0-4fc2-9676-e55b707d9750","bbox":[-93.2273,40.6669,-93.2269,40.6675]},{"type":"Feature","geometry":{"coordinates":[[-93.2289,40.6661],[-93.2287,40.6661],[-93.2287,40.6659],[-93.2287,40.6657],[-93.2285,40.6657],[-93.2283,40.6657],[-93.2283,40.6655]],"type":"LineString"},"properties":{"lineWidth":3,"hideLine":false,"widthScale":"mtrs","stroke-width":2,"name":"LineString 290","id":"03a85f91-cbf0-4221-bcdb-eb5339dcf5e3","isHidden":false,"distance":0.11732346773102464,"fill":"#000000","fill-opacity":0,"stroke":"#555555","stroke-opacity":1},"id":"03a85f91-cbf0-4221-bcdb-eb5339dcf5e3","bbox":[-93.2289,40.6655,-93.2283,40.6661]},{"type":"Feature","geometry":{"coordinates":[[-93.2289,40.6669],[-93.2287,40.6669],[-93.2287,40.6671],[-93.2287,40.6673],[-93.2285,40.6673],[-93.2283,40.6673],[-93.2283,40.6674]],"type":"LineString"},"properties":{"lineWidth":3,"hideLine":false,"widthScale":"mtrs","stroke-width":2,"name":"LineString 289","id":"116aebc6-e84b-4b8f-96e1-102c0af10502","isHidden":false,"distance":0.10620294796400764,"fill":"#000000","fill-opacity":0,"stroke":"#555555","stroke-opacity":1},"id":"116aebc6-e84b-4b8f-96e1-102c0af10502","bbox":[-93.2289,40.6669,-93.2283,40.6674]},{"type":"Feature","geometry":{"coordinates":[[-93.2269,40.6661],[-93.2269,40.6659],[-93.2271,40.6659],[-93.2271,40.6657],[-93.2273,40.6657],[-93.2273,40.6656]],"type":"LineString"},"properties":{"lineWidth":3,"hideLine":false,"widthScale":"mtrs","stroke-width":2,"name":"LineString 288","id":"fbda99f5-9863-409c-8dd4-8bc406916e09","isHidden":false,"distance":0.089335170040437,"fill":"#000000","fill-opacity":0,"stroke":"#555555","stroke-opacity":1},"id":"fbda99f5-9863-409c-8dd4-8bc406916e09","bbox":[-93.2273,40.6656,-93.2269,40.6661]},{"type":"Feature","geometry":{"coordinates":[[-93.2269,40.6661],[-93.2269,40.6669]],"type":"LineString"},"properties":{"lineWidth":3,"hideLine":false,"widthScale":"mtrs","stroke-width":2,"name":"LineString 287","id":"c989500d-0ab5-4c90-9f80-3c69adabdf55","isHidden":false,"distance":0.088956064186619,"fill":"#000000","fill-opacity":0,"stroke":"#555555","stroke-opacity":1},"id":"c989500d-0ab5-4c90-9f80-3c69adabdf55","bbox":[-93.2269,40.6661,-93.2269,40.6669]},{"type":"Feature","geometry":{"coordinates":[[-93.2273,40.6675],[-93.2283,40.6674]],"type":"LineString"},"properties":{"lineWidth":3,"hideLine":false,"widthScale":"mtrs","stroke-width":2,"name":"LineString 286","id":"bd30625c-ded0-47eb-b2a8-a6e312f9756b","isHidden":false,"distance":0.08507181914228436,"fill":"#000000","fill-opacity":0,"stroke":"#555555","stroke-opacity":1},"id":"bd30625c-ded0-47eb-b2a8-a6e312f9756b","bbox":[-93.2283,40.6674,-93.2273,40.6675]},{"type":"Feature","geometry":{"coordinates":[[-93.2289,40.6669],[-93.2289,40.6661]],"type":"LineString"},"properties":{"lineWidth":3,"hideLine":false,"widthScale":"mtrs","stroke-width":2,"name":"LineString 285","id":"45dd2754-86cb-47ba-b626-4e76bb76edaa","isHidden":false,"distance":0.088956064186619,"fill":"#000000","fill-opacity":0,"stroke":"#555555","stroke-opacity":1},"id":"45dd2754-86cb-47ba-b626-4e76bb76edaa","bbox":[-93.2289,40.6661,-93.2289,40.6669]},{"type":"Feature","geometry":{"coordinates":[[-93.2283,40.6655],[-93.2273,40.6656]],"type":"LineString"},"properties":{"lineWidth":3,"hideLine":false,"widthScale":"mtrs","stroke-width":2,"name":"LineString 284","id":"30e0f736-72da-4c3d-8cfa-f49ab5d95388","isHidden":false,"distance":0.08507420142065508,"fill":"#000000","fill-opacity":0,"stroke":"#555555","stroke-opacity":1},"id":"30e0f736-72da-4c3d-8cfa-f49ab5d95388","bbox":[-93.2283,40.6655,-93.2273,40.6656]},{"type":"Feature","geometry":{"coordinates":[[-91.775,42.0991],[-91.775,42.0993],[-91.7751,42.0996],[-91.7753,42.0999],[-91.7756,42.1001],[-91.7759,42.1003],[-91.7763,42.1004],[-91.7768,42.1005],[-91.7772,42.1005],[-91.7775,42.1004],[-91.7778,42.1003],[-91.7781,42.1001],[-91.7784,42.0999],[-91.7786,42.0996],[-91.7787,42.0993],[-91.7787,42.099],[-91.7786,42.0987],[-91.7784,42.0984],[-91.7782,42.0982],[-91.7779,42.098],[-91.7776,42.0979],[-91.7773,42.0978],[-91.7769,42.0977],[-91.7765,42.0978],[-91.7761,42.0979],[-91.7757,42.098],[-91.7754,42.0983],[-91.7752,42.0985],[-91.7751,42.0988],[-91.775,42.0991]],"type":"LineString"},"properties":{"lineWidth":3,"hideLine":false,"widthScale":"mtrs","stroke-width":2,"name":"LineString 283","id":"e1ace507-6af1-4cab-9868-fe428e92dc52","isHidden":false,"distance":0.960752662577961,"fill":"#000000","fill-opacity":0,"stroke":"#555555","stroke-opacity":1},"id":"e1ace507-6af1-4cab-9868-fe428e92dc52","bbox":[-91.7787,42.0977,-91.775,42.1005]},{"type":"Feature","geometry":{"coordinates":[[-91.7717,42.092],[-91.7712,42.0922],[-91.7707,42.0924],[-91.7702,42.0927],[-91.7698,42.093],[-91.7693,42.0933],[-91.7689,42.0936],[-91.7685,42.0939],[-91.7681,42.0943],[-91.7678,42.0946],[-91.7675,42.095],[-91.7672,42.0954],[-91.7669,42.0958],[-91.7667,42.0962],[-91.7665,42.0967],[-91.7663,42.0971],[-91.7662,42.0975],[-91.7661,42.0979],[-91.766,42.0984],[-91.766,42.0988]],"type":"LineString"},"properties":{"lineWidth":3,"hideLine":false,"widthScale":"mtrs","stroke-width":2,"name":"LineString 282","id":"6112105c-78e8-438d-bc96-416d44480dad","isHidden":false,"distance":0.934295406956414,"fill":"#000000","fill-opacity":0,"stroke":"#555555","stroke-opacity":1},"id":"6112105c-78e8-438d-bc96-416d44480dad","bbox":[-91.7717,42.092,-91.766,42.0988]},{"type":"Feature","geometry":{"coordinates":[[-91.7711,42.106],[-91.7716,42.1062],[-91.7721,42.1064],[-91.7726,42.1066],[-91.7732,42.1067],[-91.7738,42.1069],[-91.7744,42.107],[-91.775,42.1071],[-91.7756,42.1072],[-91.7762,42.1072],[-91.7768,42.1072],[-91.7774,42.1072],[-91.778,42.1072],[-91.7786,42.1071],[-91.7792,42.107],[-91.7798,42.1069],[-91.7804,42.1068],[-91.7809,42.1066],[-91.7815,42.1065],[-91.782,42.1063]],"type":"LineString"},"properties":{"lineWidth":3,"hideLine":false,"widthScale":"mtrs","stroke-width":2,"name":"LineString 281","id":"4e75f311-0aba-432a-aeb6-0a6907734c78","isHidden":false,"distance":0.9431321540377676,"fill":"#000000","fill-opacity":0,"stroke":"#555555","stroke-opacity":1},"id":"4e75f311-0aba-432a-aeb6-0a6907734c78","bbox":[-91.782,42.106,-91.7711,42.1072]},{"type":"Feature","geometry":{"coordinates":[[-91.7877,42.0994],[-91.7877,42.099],[-91.7877,42.0985],[-91.7876,42.0981],[-91.7875,42.0977],[-91.7874,42.0972],[-91.7873,42.0968],[-91.7871,42.0964],[-91.7869,42.0959],[-91.7866,42.0955],[-91.7863,42.0951],[-91.786,42.0947],[-91.7856,42.0944],[-91.7853,42.094],[-91.7849,42.0937],[-91.7845,42.0933],[-91.784,42.093],[-91.7836,42.0928],[-91.7831,42.0925],[-91.7826,42.0923]],"type":"LineString"},"properties":{"lineWidth":3,"hideLine":false,"widthScale":"mtrs","stroke-width":2,"name":"LineString 280","id":"5c43a4fb-7f3f-49df-853a-c3c32791747e","isHidden":false,"distance":0.9430538914448261,"fill":"#000000","fill-opacity":0,"stroke":"#555555","stroke-opacity":1},"id":"5c43a4fb-7f3f-49df-853a-c3c32791747e","bbox":[-91.7877,42.0923,-91.7826,42.0994]},{"type":"Feature","geometry":{"coordinates":[[-91.775,42.099],[-91.766,42.0988]],"type":"LineString"},"properties":{"lineWidth":3,"hideLine":false,"widthScale":"mtrs","stroke-width":2,"name":"LineString 279","id":"64cf68f6-fd2f-4dd0-b37b-782c5695d6e2","isHidden":false,"distance":0.7428823985600691,"fill":"#000000","fill-opacity":0,"stroke":"#555555","stroke-opacity":1},"id":"64cf68f6-fd2f-4dd0-b37b-782c5695d6e2","bbox":[-91.775,42.0988,-91.766,42.099]},{"type":"Feature","geometry":{"coordinates":[[-91.7876,42.0994],[-91.7787,42.0991]],"type":"LineString"},"properties":{"lineWidth":3,"hideLine":false,"widthScale":"mtrs","stroke-width":2,"name":"LineString 278","id":"7232fdc4-437a-4a00-941a-e0b8931f3342","isHidden":false,"distance":0.7350521838899211,"fill":"#000000","fill-opacity":0,"stroke":"#555555","stroke-opacity":1},"id":"7232fdc4-437a-4a00-941a-e0b8931f3342","bbox":[-91.7876,42.0991,-91.7787,42.0994]},{"type":"Feature","geometry":{"coordinates":[[-91.7759,42.0979],[-91.7717,42.092]],"type":"LineString"},"properties":{"lineWidth":3,"hideLine":false,"widthScale":"mtrs","stroke-width":2,"name":"LineString 277","id":"84e66866-365e-4e72-8154-71c7cecb413a","isHidden":false,"distance":0.7419542310768178,"fill":"#000000","fill-opacity":0,"stroke":"#555555","stroke-opacity":1},"id":"84e66866-365e-4e72-8154-71c7cecb413a","bbox":[-91.7759,42.092,-91.7717,42.0979]},{"type":"Feature","geometry":{"coordinates":[[-91.782,42.1063],[-91.7776,42.1003]],"type":"LineString"},"properties":{"lineWidth":3,"hideLine":false,"widthScale":"mtrs","stroke-width":2,"name":"LineString 276","id":"a80a5e6c-d353-4a1a-b493-31598654972e","isHidden":false,"distance":0.7595292713748075,"fill":"#000000","fill-opacity":0,"stroke":"#555555","stroke-opacity":1},"id":"a80a5e6c-d353-4a1a-b493-31598654972e","bbox":[-91.782,42.1003,-91.7776,42.1063]},{"type":"Feature","geometry":{"coordinates":[[-91.7779,42.0979],[-91.7826,42.0923]],"type":"LineString"},"properties":{"lineWidth":3,"hideLine":false,"widthScale":"mtrs","stroke-width":2,"name":"LineString 275","id":"b3fa30ff-bf16-4436-8070-5295a8a188a6","isHidden":false,"distance":0.7335761698350428,"fill":"#000000","fill-opacity":0,"stroke":"#555555","stroke-opacity":1},"id":"b3fa30ff-bf16-4436-8070-5295a8a188a6","bbox":[-91.7826,42.0923,-91.7779,42.0979]},{"type":"Feature","geometry":{"coordinates":[[-91.7711,42.106],[-91.7759,42.1003]],"type":"LineString"},"properties":{"lineWidth":3,"hideLine":false,"widthScale":"mtrs","stroke-width":2,"name":"LineString 274","id":"b7b4b604-248d-417c-aa51-bdc3dff1e3e3","isHidden":false,"distance":0.7473509630593435,"fill":"#000000","fill-opacity":0,"stroke":"#555555","stroke-opacity":1},"id":"b7b4b604-248d-417c-aa51-bdc3dff1e3e3","bbox":[-91.7759,42.1003,-91.7711,42.106]},{"type":"Feature","geometry":{"coordinates":[[-91.5364,41.7185],[-91.5359,41.7293]],"type":"LineString"},"properties":{"lineWidth":3,"hideLine":false,"widthScale":"mtrs","stroke-width":2,"name":"LineString 273","id":"38ddbba5-ad83-4f2c-b1e0-72bda9ef4873","isHidden":false,"distance":1.201623570299608,"fill":"#000000","fill-opacity":0,"stroke":"#555555","stroke-opacity":1},"id":"38ddbba5-ad83-4f2c-b1e0-72bda9ef4873","bbox":[-91.5364,41.7185,-91.5359,41.7293]},{"type":"Feature","geometry":{"coordinates":[[-91.522,41.718],[-91.5364,41.7185]],"type":"LineString"},"properties":{"lineWidth":3,"hideLine":false,"widthScale":"mtrs","stroke-width":2,"name":"LineString 272","id":"96960616-b5bf-4053-b9a8-c27026e3ab28","isHidden":false,"distance":1.1964769926350525,"fill":"#000000","fill-opacity":0,"stroke":"#555555","stroke-opacity":1},"id":"96960616-b5bf-4053-b9a8-c27026e3ab28","bbox":[-91.5364,41.718,-91.522,41.7185]},{"type":"Feature","geometry":{"coordinates":[[-91.5214,41.729],[-91.522,41.718]],"type":"LineString"},"properties":{"lineWidth":3,"hideLine":false,"widthScale":"mtrs","stroke-width":2,"name":"LineString 271","id":"483a3b38-7d4b-454d-ad9e-53bd6d243f1d","isHidden":false,"distance":1.2241590667534676,"fill":"#000000","fill-opacity":0,"stroke":"#555555","stroke-opacity":1},"id":"483a3b38-7d4b-454d-ad9e-53bd6d243f1d","bbox":[-91.522,41.718,-91.5214,41.729]},{"type":"Feature","geometry":{"coordinates":[[-91.5359,41.7293],[-91.5214,41.729]],"type":"LineString"},"properties":{"lineWidth":3,"hideLine":false,"widthScale":"mtrs","stroke-width":2,"name":"LineString 270","id":"dc5fc18e-d54c-4556-b027-23ff7f63fa09","isHidden":false,"distance":1.2037426109995868,"fill":"#000000","fill-opacity":0,"stroke":"#555555","stroke-opacity":1},"id":"dc5fc18e-d54c-4556-b027-23ff7f63fa09","bbox":[-91.5359,41.729,-91.5214,41.7293]},{"type":"Feature","geometry":{"coordinates":[[-92.0772,41.7925],[-92.0768,41.8033]],"type":"LineString"},"properties":{"lineWidth":3,"hideLine":false,"widthScale":"mtrs","stroke-width":2,"name":"LineString 269","id":"040625f3-7e21-4876-b60b-fc3f0af44bac","isHidden":false,"distance":1.201364549589324,"fill":"#000000","fill-opacity":0,"stroke":"#555555","stroke-opacity":1},"id":"040625f3-7e21-4876-b60b-fc3f0af44bac","bbox":[-92.0772,41.7925,-92.0768,41.8033]},{"type":"Feature","geometry":{"coordinates":[[-92.0628,41.7921],[-92.0772,41.7925]],"type":"LineString"},"properties":{"lineWidth":3,"hideLine":false,"widthScale":"mtrs","stroke-width":2,"name":"LineString 268","id":"813ae068-8d6c-469d-9bca-be00612d87fc","isHidden":false,"distance":1.1946346916640134,"fill":"#000000","fill-opacity":0,"stroke":"#555555","stroke-opacity":1},"id":"813ae068-8d6c-469d-9bca-be00612d87fc","bbox":[-92.0772,41.7921,-92.0628,41.7925]},{"type":"Feature","geometry":{"coordinates":[[-92.0624,41.803],[-92.0628,41.7921]],"type":"LineString"},"properties":{"lineWidth":3,"hideLine":false,"widthScale":"mtrs","stroke-width":2,"name":"LineString 267","id":"e3c82774-89ac-4b91-8641-8f34f32c0b1b","isHidden":false,"distance":1.2124798652150504,"fill":"#000000","fill-opacity":0,"stroke":"#555555","stroke-opacity":1},"id":"e3c82774-89ac-4b91-8641-8f34f32c0b1b","bbox":[-92.0628,41.7921,-92.0624,41.803]},{"type":"Feature","geometry":{"coordinates":[[-92.0768,41.8033],[-92.0624,41.803]],"type":"LineString"},"properties":{"lineWidth":3,"hideLine":false,"widthScale":"mtrs","stroke-width":2,"name":"LineString 266","id":"5f20ec5e-e5f5-4b3f-95c8-8a8ff0ed37aa","isHidden":false,"distance":1.1940703734486962,"fill":"#000000","fill-opacity":0,"stroke":"#555555","stroke-opacity":1},"id":"5f20ec5e-e5f5-4b3f-95c8-8a8ff0ed37aa","bbox":[-92.0768,41.803,-92.0624,41.8033]},{"type":"Feature","geometry":{"coordinates":[[-91.973,41.9893],[-91.9725,42.0001]],"type":"LineString"},"properties":{"lineWidth":3,"hideLine":false,"widthScale":"mtrs","stroke-width":2,"name":"LineString 265","id":"cd1a8329-72dc-4179-ae43-c522def819f3","isHidden":false,"distance":1.2016175277101122,"fill":"#000000","fill-opacity":0,"stroke":"#555555","stroke-opacity":1},"id":"cd1a8329-72dc-4179-ae43-c522def819f3","bbox":[-91.973,41.9893,-91.9725,42.0001]},{"type":"Feature","geometry":{"coordinates":[[-91.9585,41.9889],[-91.973,41.9893]],"type":"LineString"},"properties":{"lineWidth":3,"hideLine":false,"widthScale":"mtrs","stroke-width":2,"name":"LineString 264","id":"74a358ed-4e95-47d1-940b-9b8a60afcd5e","isHidden":false,"distance":1.1992240299726837,"fill":"#000000","fill-opacity":0,"stroke":"#555555","stroke-opacity":1},"id":"74a358ed-4e95-47d1-940b-9b8a60afcd5e","bbox":[-91.973,41.9889,-91.9585,41.9893]},{"type":"Feature","geometry":{"coordinates":[[-91.958,41.9998],[-91.9585,41.9889]],"type":"LineString"},"properties":{"lineWidth":3,"hideLine":false,"widthScale":"mtrs","stroke-width":2,"name":"LineString 263","id":"bb8bf693-07e3-4812-ad53-0fe25b36283c","isHidden":false,"distance":1.2127305274508635,"fill":"#000000","fill-opacity":0,"stroke":"#555555","stroke-opacity":1},"id":"bb8bf693-07e3-4812-ad53-0fe25b36283c","bbox":[-91.9585,41.9889,-91.958,41.9998]},{"type":"Feature","geometry":{"coordinates":[[-91.9725,42.0001],[-91.958,41.9998]],"type":"LineString"},"properties":{"lineWidth":3,"hideLine":false,"widthScale":"mtrs","stroke-width":2,"name":"LineString 262","id":"6c199763-88c5-4959-b5e2-08f8a3ed6b74","isHidden":false,"distance":1.1986589148473403,"fill":"#000000","fill-opacity":0,"stroke":"#555555","stroke-opacity":1},"id":"6c199763-88c5-4959-b5e2-08f8a3ed6b74","bbox":[-91.9725,41.9998,-91.958,42.0001]},{"type":"Feature","geometry":{"coordinates":[[-90.4771,41.5468],[-90.4682,41.5336]],"type":"LineString"},"properties":{"lineWidth":3,"hideLine":false,"widthScale":"mtrs","stroke-width":2,"name":"LineString 261","id":"9af66e71-df1d-4c23-8076-a4af54108656","isHidden":false,"distance":1.6440953837781684,"fill":"#000000","fill-opacity":0,"stroke":"#555555","stroke-opacity":1},"id":"9af66e71-df1d-4c23-8076-a4af54108656","bbox":[-90.4771,41.5336,-90.4682,41.5468]},{"type":"Feature","geometry":{"coordinates":[[-90.4876,41.5346],[-90.4771,41.5468]],"type":"LineString"},"properties":{"lineWidth":3,"hideLine":false,"widthScale":"mtrs","stroke-width":2,"name":"LineString 260","id":"da5cf44d-00d9-4bda-99bc-b4f84e056344","isHidden":false,"distance":1.6136904493488646,"fill":"#000000","fill-opacity":0,"stroke":"#555555","stroke-opacity":1},"id":"da5cf44d-00d9-4bda-99bc-b4f84e056344","bbox":[-90.4876,41.5346,-90.4771,41.5468]},{"type":"Feature","geometry":{"coordinates":[[-91.9544,41.1941],[-91.9453,41.181]],"type":"LineString"},"properties":{"lineWidth":3,"hideLine":false,"widthScale":"mtrs","stroke-width":2,"name":"LineString 259","id":"b16fd182-0fe2-4bb1-8441-4caa04d61785","isHidden":false,"distance":1.6436908912744421,"fill":"#000000","fill-opacity":0,"stroke":"#555555","stroke-opacity":1},"id":"b16fd182-0fe2-4bb1-8441-4caa04d61785","bbox":[-91.9544,41.181,-91.9453,41.1941]},{"type":"Feature","geometry":{"coordinates":[[-91.9646,41.1817],[-91.9544,41.1941]],"type":"LineString"},"properties":{"lineWidth":3,"hideLine":false,"widthScale":"mtrs","stroke-width":2,"name":"LineString 258","id":"fd61fd09-8a2a-43e9-b81f-0f3f3c87b2c6","isHidden":false,"distance":1.6216259661965278,"fill":"#000000","fill-opacity":0,"stroke":"#555555","stroke-opacity":1},"id":"fd61fd09-8a2a-43e9-b81f-0f3f3c87b2c6","bbox":[-91.9646,41.1817,-91.9544,41.1941]},{"type":"Feature","geometry":{"coordinates":[[-91.8807,42.6824],[-91.8714,42.6692]],"type":"LineString"},"properties":{"lineWidth":3,"hideLine":false,"widthScale":"mtrs","stroke-width":2,"name":"LineString 257","id":"60403a91-15d9-4c75-a1e4-dd61dabcab4d","isHidden":false,"distance":1.6529948623988566,"fill":"#000000","fill-opacity":0,"stroke":"#555555","stroke-opacity":1},"id":"60403a91-15d9-4c75-a1e4-dd61dabcab4d","bbox":[-91.8807,42.6692,-91.8714,42.6824]},{"type":"Feature","geometry":{"coordinates":[[-91.8912,42.67],[-91.8807,42.6824]],"type":"LineString"},"properties":{"lineWidth":3,"hideLine":false,"widthScale":"mtrs","stroke-width":2,"name":"LineString 256","id":"54b45704-6042-41a6-9032-4e3c6a011f43","isHidden":false,"distance":1.6241776769369705,"fill":"#000000","fill-opacity":0,"stroke":"#555555","stroke-opacity":1},"id":"54b45704-6042-41a6-9032-4e3c6a011f43","bbox":[-91.8912,42.67,-91.8807,42.6824]},{"type":"Feature","geometry":{"coordinates":[[-91.7122,41.8818],[-91.7124,41.8819],[-91.7126,41.882],[-91.7128,41.882],[-91.713,41.8821],[-91.7132,41.8821],[-91.7135,41.8822],[-91.7137,41.8822],[-91.714,41.8821],[-91.7142,41.8821],[-91.7145,41.882],[-91.7147,41.8819],[-91.7149,41.8818],[-91.715,41.8816],[-91.7152,41.8815],[-91.7153,41.8813],[-91.7153,41.8812],[-91.7154,41.881],[-91.7154,41.8809],[-91.7154,41.8807],[-91.7154,41.8805],[-91.7153,41.8804],[-91.7152,41.8802],[-91.7151,41.88],[-91.715,41.8799],[-91.7148,41.8797],[-91.7146,41.8796],[-91.7143,41.8795],[-91.7141,41.8795],[-91.7139,41.8794],[-91.7136,41.8794],[-91.7134,41.8794],[-91.7132,41.8794],[-91.713,41.8795],[-91.7128,41.8795],[-91.7126,41.8796],[-91.7124,41.8797],[-91.7123,41.8798],[-91.7121,41.8799],[-91.712,41.8801],[-91.7118,41.8803],[-91.7118,41.8805],[-91.7117,41.8806],[-91.7117,41.8808],[-91.7117,41.881],[-91.7118,41.8812],[-91.7119,41.8814],[-91.712,41.8815],[-91.7121,41.8817],[-91.7122,41.8818]],"type":"LineString"},"properties":{"lineWidth":3,"hideLine":false,"widthScale":"mtrs","stroke-width":2,"name":"LineString 255","id":"ebb10699-d551-4bde-ad90-99b8d56c53b8","isHidden":false,"distance":0.9911210438197539,"fill":"#000000","fill-opacity":0,"stroke":"#555555","stroke-opacity":1},"id":"ebb10699-d551-4bde-ad90-99b8d56c53b8","bbox":[-91.7154,41.8794,-91.7117,41.8822]},{"type":"Feature","geometry":{"coordinates":[[-91.7117,41.8806],[-91.7138,41.8821]],"type":"LineString"},"properties":{"lineWidth":3,"hideLine":false,"widthScale":"mtrs","stroke-width":2,"name":"LineString 254","id":"35f1fbf3-bfe4-4cb4-8ce7-d72d7e42b7e3","isHidden":false,"distance":0.24092578282985308,"fill":"#000000","fill-opacity":0,"stroke":"#555555","stroke-opacity":1},"id":"35f1fbf3-bfe4-4cb4-8ce7-d72d7e42b7e3","bbox":[-91.7138,41.8806,-91.7117,41.8821]},{"type":"Feature","geometry":{"coordinates":[[-91.712,41.8801],[-91.7145,41.8819]],"type":"LineString"},"properties":{"lineWidth":3,"hideLine":false,"widthScale":"mtrs","stroke-width":2,"name":"LineString 253","id":"0e0843cd-c7b7-4b5b-8205-7ba913b194fe","isHidden":false,"distance":0.28791922225057975,"fill":"#000000","fill-opacity":0,"stroke":"#555555","stroke-opacity":1},"id":"0e0843cd-c7b7-4b5b-8205-7ba913b194fe","bbox":[-91.7145,41.8801,-91.712,41.8819]},{"type":"Feature","geometry":{"coordinates":[[-91.7126,41.8797],[-91.715,41.8815]],"type":"LineString"},"properties":{"lineWidth":3,"hideLine":false,"widthScale":"mtrs","stroke-width":2,"name":"LineString 252","id":"5977e9ea-4954-4dde-9c63-48b50c606ab9","isHidden":false,"distance":0.2820275734036836,"fill":"#000000","fill-opacity":0,"stroke":"#555555","stroke-opacity":1},"id":"5977e9ea-4954-4dde-9c63-48b50c606ab9","bbox":[-91.715,41.8797,-91.7126,41.8815]},{"type":"Feature","geometry":{"coordinates":[[-91.7133,41.8795],[-91.7153,41.881]],"type":"LineString"},"properties":{"lineWidth":3,"hideLine":false,"widthScale":"mtrs","stroke-width":2,"name":"LineString 251","id":"e21b042a-4cc8-413c-b6cb-8d383767951b","isHidden":false,"distance":0.23502361677515293,"fill":"#000000","fill-opacity":0,"stroke":"#555555","stroke-opacity":1},"id":"e21b042a-4cc8-413c-b6cb-8d383767951b","bbox":[-91.7153,41.8795,-91.7133,41.881]},{"type":"Feature","geometry":{"coordinates":[[-92.0045,42.1465],[-92.0275,42.1349]],"type":"LineString"},"properties":{"lineWidth":3,"hideLine":false,"widthScale":"mtrs","stroke-width":2,"name":"LineString 250","id":"49c6d9f4-d285-4177-b588-6d371c91338a","isHidden":false,"distance":2.2934656034320837,"fill":"#000000","fill-opacity":0,"stroke":"#555555","stroke-opacity":1},"id":"49c6d9f4-d285-4177-b588-6d371c91338a","bbox":[-92.0275,42.1349,-92.0045,42.1465]},{"type":"Feature","geometry":{"coordinates":[[-92.0082,42.1322],[-92.0238,42.1493]],"type":"LineString"},"properties":{"lineWidth":3,"hideLine":false,"widthScale":"mtrs","stroke-width":2,"name":"LineString 249","id":"41b26aa1-6025-4fac-a95f-7442e06e2b46","isHidden":false,"distance":2.2956178322930145,"fill":"#000000","fill-opacity":0,"stroke":"#555555","stroke-opacity":1},"id":"41b26aa1-6025-4fac-a95f-7442e06e2b46","bbox":[-92.0238,42.1322,-92.0082,42.1493]},{"type":"Feature","geometry":{"coordinates":[[-90.9603,41.5623],[-90.9649,41.5605],[-90.9703,41.5588],[-90.976,41.5575],[-90.9811,41.5567]],"type":"LineString"},"properties":{"lineWidth":3,"hideLine":false,"widthScale":"mtrs","stroke-width":2,"name":"LineString 248","id":"6ebe0d68-17e6-4d66-9452-71f78556fac7","isHidden":false,"distance":1.8487350658067883,"fill":"#000000","fill-opacity":0,"stroke":"#555555","stroke-opacity":1},"id":"6ebe0d68-17e6-4d66-9452-71f78556fac7","bbox":[-90.9811,41.5567,-90.9603,41.5623]},{"type":"Feature","geometry":{"coordinates":[[-90.9311,41.5866],[-90.932,41.585],[-90.9347,41.5811],[-90.9379,41.5773],[-90.9415,41.5738],[-90.943,41.5726]],"type":"LineString"},"properties":{"lineWidth":3,"hideLine":false,"widthScale":"mtrs","stroke-width":2,"name":"LineString 247","id":"b3e75c63-08e4-4e1d-9721-e91dc1f3658f","isHidden":false,"distance":1.8545071938498907,"fill":"#000000","fill-opacity":0,"stroke":"#555555","stroke-opacity":1},"id":"b3e75c63-08e4-4e1d-9721-e91dc1f3658f","bbox":[-90.943,41.5726,-90.9311,41.5866]},{"type":"Feature","geometry":{"coordinates":[[-91.0419,41.5715],[-91.045,41.574],[-91.0486,41.5776],[-91.0517,41.5813],[-91.0544,41.5852]],"type":"LineString"},"properties":{"lineWidth":3,"hideLine":false,"widthScale":"mtrs","stroke-width":2,"name":"LineString 246","id":"b2456d89-5ba4-44ce-a5af-ecd255549558","isHidden":false,"distance":1.8530009797565827,"fill":"#000000","fill-opacity":0,"stroke":"#555555","stroke-opacity":1},"id":"b2456d89-5ba4-44ce-a5af-ecd255549558","bbox":[-91.0544,41.5715,-91.0419,41.5852]},{"type":"Feature","geometry":{"coordinates":[[-91.0032,41.5564],[-91.0049,41.5566],[-91.0107,41.5576],[-91.0163,41.5589],[-91.0218,41.5606],[-91.0242,41.5616]],"type":"LineString"},"properties":{"lineWidth":3,"hideLine":false,"widthScale":"mtrs","stroke-width":2,"name":"LineString 245","id":"3a08f28d-72b5-4b6b-8f4d-06b47afe8033","isHidden":false,"distance":1.8499707009010593,"fill":"#000000","fill-opacity":0,"stroke":"#555555","stroke-opacity":1},"id":"3a08f28d-72b5-4b6b-8f4d-06b47afe8033","bbox":[-91.0242,41.5564,-91.0032,41.5616]},{"type":"Feature","geometry":{"coordinates":[[-90.9814,41.6564],[-90.9756,41.6554],[-90.9713,41.6544]],"type":"LineString"},"properties":{"lineWidth":3,"hideLine":false,"widthScale":"mtrs","stroke-width":2,"name":"LineString 244","id":"52570dc4-bd74-49f4-8ffd-d99594be2f9b","isHidden":false,"distance":0.8686759700260926,"fill":"#000000","fill-opacity":0,"stroke":"#555555","stroke-opacity":1},"id":"52570dc4-bd74-49f4-8ffd-d99594be2f9b","bbox":[-90.9814,41.6544,-90.9713,41.6564]},{"type":"Feature","geometry":{"coordinates":[[-90.9277,41.6192],[-90.9265,41.6152],[-90.9258,41.6108],[-90.9256,41.6064],[-90.9258,41.6027]],"type":"LineString"},"properties":{"lineWidth":3,"hideLine":false,"widthScale":"mtrs","stroke-width":2,"name":"LineString 243","id":"f0a3ce8f-302a-4503-8737-bbb23668a108","isHidden":false,"distance":1.8498352871936918,"fill":"#000000","fill-opacity":0,"stroke":"#555555","stroke-opacity":1},"id":"f0a3ce8f-302a-4503-8737-bbb23668a108","bbox":[-90.9277,41.6027,-90.9256,41.6192]},{"type":"Feature","geometry":{"coordinates":[[-90.9518,41.6465],[-90.9496,41.6452],[-90.9453,41.6423],[-90.9413,41.639],[-90.9377,41.6355],[-90.9368,41.6344]],"type":"LineString"},"properties":{"lineWidth":3,"hideLine":false,"widthScale":"mtrs","stroke-width":2,"name":"LineString 242","id":"1ce6f0c7-229d-4456-8b78-e335413fa279","isHidden":false,"distance":1.8437216568695758,"fill":"#000000","fill-opacity":0,"stroke":"#555555","stroke-opacity":1},"id":"1ce6f0c7-229d-4456-8b78-e335413fa279","bbox":[-90.9518,41.6344,-90.9368,41.6465]},{"type":"Feature","geometry":{"coordinates":[[-91.0169,41.6539],[-91.0159,41.6542],[-91.0103,41.6555],[-91.0045,41.6564]],"type":"LineString"},"properties":{"lineWidth":3,"hideLine":false,"widthScale":"mtrs","stroke-width":2,"name":"LineString 241","id":"c776831d-e9e5-4116-a5b4-abe7b8eac121","isHidden":false,"distance":1.0688625454704324,"fill":"#000000","fill-opacity":0,"stroke":"#555555","stroke-opacity":1},"id":"c776831d-e9e5-4116-a5b4-abe7b8eac121","bbox":[-91.0169,41.6539,-91.0045,41.6564]},{"type":"Feature","geometry":{"coordinates":[[-91.0506,41.6331],[-91.0484,41.6357],[-91.0447,41.6392],[-91.0407,41.6425],[-91.0364,41.6454],[-91.0361,41.6456]],"type":"LineString"},"properties":{"lineWidth":3,"hideLine":false,"widthScale":"mtrs","stroke-width":2,"name":"LineString 240","id":"7ec8e95f-8303-4e5f-8070-2176531ba07b","isHidden":false,"distance":1.84788217849454,"fill":"#000000","fill-opacity":0,"stroke":"#555555","stroke-opacity":1},"id":"7ec8e95f-8303-4e5f-8070-2176531ba07b","bbox":[-91.0506,41.6331,-91.0361,41.6456]},{"type":"Feature","geometry":{"coordinates":[[-91.0603,41.6012],[-91.0605,41.6023],[-91.0607,41.6067],[-91.0605,41.6111],[-91.0597,41.6155],[-91.059,41.6177]],"type":"LineString"},"properties":{"lineWidth":3,"hideLine":false,"widthScale":"mtrs","stroke-width":2,"name":"LineString 239","id":"1d8d5ae0-4e08-45e3-9d2d-d5055c8840ce","isHidden":false,"distance":1.8477346555081,"fill":"#000000","fill-opacity":0,"stroke":"#555555","stroke-opacity":1},"id":"1d8d5ae0-4e08-45e3-9d2d-d5055c8840ce","bbox":[-91.0607,41.6012,-91.059,41.6177]},{"type":"Feature","geometry":{"coordinates":[[-91.3314,41.7742],[-91.3283,41.7734],[-91.3227,41.7717],[-91.3172,41.7695]],"type":"LineString"},"properties":{"lineWidth":3,"hideLine":false,"widthScale":"mtrs","stroke-width":2,"name":"LineString 238","id":"dae92b94-ad65-49b8-83cb-6fc8b222aa24","isHidden":false,"distance":1.2910109675947634,"fill":"#000000","fill-opacity":0,"stroke":"#555555","stroke-opacity":1},"id":"dae92b94-ad65-49b8-83cb-6fc8b222aa24","bbox":[-91.3314,41.7695,-91.3172,41.7742]},{"type":"Feature","geometry":{"coordinates":[[-91.3752,41.7739],[-91.3701,41.7751],[-91.3641,41.776],[-91.3581,41.7765],[-91.3533,41.7767]],"type":"LineString"},"properties":{"lineWidth":3,"hideLine":false,"widthScale":"mtrs","stroke-width":2,"name":"LineString 237","id":"00176059-8d3a-40c2-99db-ab952a073cac","isHidden":false,"distance":1.850282296737809,"fill":"#000000","fill-opacity":0,"stroke":"#555555","stroke-opacity":1},"id":"00176059-8d3a-40c2-99db-ab952a073cac","bbox":[-91.3752,41.7739,-91.3533,41.7767]},{"type":"Feature","geometry":{"coordinates":[[-91.4101,41.7541],[-91.4093,41.7549],[-91.4056,41.7585],[-91.4014,41.7618],[-91.3969,41.7648],[-91.3947,41.7661]],"type":"LineString"},"properties":{"lineWidth":3,"hideLine":false,"widthScale":"mtrs","stroke-width":2,"name":"LineString 236","id":"fcc1b014-8c71-4f3f-90ff-ba3a3f96a305","isHidden":false,"distance":1.8547385602171922,"fill":"#000000","fill-opacity":0,"stroke":"#555555","stroke-opacity":1},"id":"fcc1b014-8c71-4f3f-90ff-ba3a3f96a305","bbox":[-91.4101,41.7541,-91.3947,41.7661]},{"type":"Feature","geometry":{"coordinates":[[-91.4221,41.7226],[-91.4223,41.7252],[-91.4219,41.7297],[-91.4211,41.7342],[-91.4197,41.7386],[-91.4195,41.7391]],"type":"LineString"},"properties":{"lineWidth":3,"hideLine":false,"widthScale":"mtrs","stroke-width":2,"name":"LineString 235","id":"20ca568e-b456-4a98-b182-1b524d604018","isHidden":false,"distance":1.856704544457432,"fill":"#000000","fill-opacity":0,"stroke":"#555555","stroke-opacity":1},"id":"20ca568e-b456-4a98-b182-1b524d604018","bbox":[-91.4223,41.7226,-91.4195,41.7391]},{"type":"Feature","geometry":{"coordinates":[[-91.4066,41.692],[-91.41,41.6953],[-91.4132,41.6992],[-91.416,41.7032],[-91.4177,41.7063]],"type":"LineString"},"properties":{"lineWidth":3,"hideLine":false,"widthScale":"mtrs","stroke-width":2,"name":"LineString 234","id":"7a198908-170e-44d4-91fb-b87f4d800580","isHidden":false,"distance":1.8458873743998139,"fill":"#000000","fill-opacity":0,"stroke":"#555555","stroke-opacity":1},"id":"7a198908-170e-44d4-91fb-b87f4d800580","bbox":[-91.4177,41.692,-91.4066,41.7063]},{"type":"Feature","geometry":{"coordinates":[[-91.3702,41.6735],[-91.3718,41.674],[-91.377,41.6761],[-91.3826,41.6779],[-91.388,41.68],[-91.39,41.681]],"type":"LineString"},"properties":{"lineWidth":3,"hideLine":false,"widthScale":"mtrs","stroke-width":2,"name":"LineString 233","id":"ce8a690f-49c1-4482-b71c-262fe77c7cfe","isHidden":false,"distance":1.8468510889722254,"fill":"#000000","fill-opacity":0,"stroke":"#555555","stroke-opacity":1},"id":"ce8a690f-49c1-4482-b71c-262fe77c7cfe","bbox":[-91.39,41.6735,-91.3702,41.681]},{"type":"Feature","geometry":{"coordinates":[[-91.3267,41.6702],[-91.3303,41.6696],[-91.3364,41.669],[-91.3424,41.6689],[-91.3485,41.6691],[-91.3488,41.6692]],"type":"LineString"},"properties":{"lineWidth":3,"hideLine":false,"widthScale":"mtrs","stroke-width":2,"name":"LineString 232","id":"00b23a22-c3d1-433a-a8f5-695ac88c6028","isHidden":false,"distance":1.8503814424036618,"fill":"#000000","fill-opacity":0,"stroke":"#555555","stroke-opacity":1},"id":"00b23a22-c3d1-433a-a8f5-695ac88c6028","bbox":[-91.3488,41.6689,-91.3267,41.6702]},{"type":"Feature","geometry":{"coordinates":[[-91.2891,41.6869],[-91.293,41.6837],[-91.2975,41.6807],[-91.3024,41.678],[-91.3061,41.6763]],"type":"LineString"},"properties":{"lineWidth":3,"hideLine":false,"widthScale":"mtrs","stroke-width":2,"name":"LineString 231","id":"8ad1f651-6d49-41dc-976b-9bc6d109de0f","isHidden":false,"distance":1.8485585141303538,"fill":"#000000","fill-opacity":0,"stroke":"#555555","stroke-opacity":1},"id":"8ad1f651-6d49-41dc-976b-9bc6d109de0f","bbox":[-91.3061,41.6763,-91.2891,41.6869]},{"type":"Feature","geometry":{"coordinates":[[-91.2723,41.7171],[-91.2724,41.7158],[-91.2733,41.7113],[-91.2747,41.7069],[-91.2766,41.7026],[-91.2775,41.701]],"type":"LineString"},"properties":{"lineWidth":3,"hideLine":false,"widthScale":"mtrs","stroke-width":2,"name":"LineString 230","id":"128f4c6e-d4c5-4aeb-b5ba-12f78ae102aa","isHidden":false,"distance":1.8500356109801195,"fill":"#000000","fill-opacity":0,"stroke":"#555555","stroke-opacity":1},"id":"128f4c6e-d4c5-4aeb-b5ba-12f78ae102aa","bbox":[-91.2775,41.701,-91.2723,41.7171]},{"type":"Feature","geometry":{"coordinates":[[-91.2832,41.7489],[-91.2811,41.7464],[-91.2783,41.7423],[-91.2761,41.7381],[-91.2743,41.7338],[-91.2743,41.7337]],"type":"LineString"},"properties":{"lineWidth":3,"hideLine":false,"widthScale":"mtrs","stroke-width":2,"name":"LineString 229","id":"580ab297-08eb-4076-8a7e-b7c382925def","isHidden":false,"distance":1.8532086388706766,"fill":"#000000","fill-opacity":0,"stroke":"#555555","stroke-opacity":1},"id":"580ab297-08eb-4076-8a7e-b7c382925def","bbox":[-91.2832,41.7337,-91.2743,41.7489]},{"type":"Feature","geometry":{"coordinates":[[-91.3172,41.7695],[-91.3116,41.7677],[-91.3063,41.7656],[-91.3012,41.7631],[-91.298,41.7612]],"type":"LineString"},"properties":{"lineWidth":3,"hideLine":false,"widthScale":"mtrs","stroke-width":2,"name":"LineString 228","id":"e4bb163d-8646-42de-9ad4-aeefca86f6fb","isHidden":false,"distance":1.8488552728056284,"fill":"#000000","fill-opacity":0,"stroke":"#555555","stroke-opacity":1},"id":"e4bb163d-8646-42de-9ad4-aeefca86f6fb","bbox":[-91.3172,41.7612,-91.298,41.7695]},{"type":"Feature","geometry":{"coordinates":[[-91.7856,41.7162],[-91.789,41.7134],[-91.7934,41.7104],[-91.7982,41.7077],[-91.8027,41.7056]],"type":"LineString"},"properties":{"lineWidth":3,"hideLine":false,"widthScale":"mtrs","stroke-width":2,"name":"LineString 227","id":"a3b6e0e9-7db8-422f-adad-044bd3403812","isHidden":false,"distance":1.854297452770392,"fill":"#000000","fill-opacity":0,"stroke":"#555555","stroke-opacity":1},"id":"a3b6e0e9-7db8-422f-adad-044bd3403812","bbox":[-91.8027,41.7056,-91.7856,41.7162]},{"type":"Feature","geometry":{"coordinates":[[-91.7688,41.7464],[-91.7689,41.7454],[-91.7697,41.741],[-91.771,41.7366],[-91.7728,41.7323],[-91.774,41.7303]],"type":"LineString"},"properties":{"lineWidth":3,"hideLine":false,"widthScale":"mtrs","stroke-width":2,"name":"LineString 226","id":"63b7c268-e6c5-4cfe-b470-5937d10850b9","isHidden":false,"distance":1.8508422170786614,"fill":"#000000","fill-opacity":0,"stroke":"#555555","stroke-opacity":1},"id":"63b7c268-e6c5-4cfe-b470-5937d10850b9","bbox":[-91.774,41.7303,-91.7688,41.7464]},{"type":"Feature","geometry":{"coordinates":[[-91.7798,41.7781],[-91.7778,41.7758],[-91.775,41.7718],[-91.7727,41.7676],[-91.7709,41.7633],[-91.7708,41.7629]],"type":"LineString"},"properties":{"lineWidth":3,"hideLine":false,"widthScale":"mtrs","stroke-width":2,"name":"LineString 225","id":"7863dbdf-917e-40ec-a7a2-0b340a8c0ff1","isHidden":false,"distance":1.8571750052073321,"fill":"#000000","fill-opacity":0,"stroke":"#555555","stroke-opacity":1},"id":"7863dbdf-917e-40ec-a7a2-0b340a8c0ff1","bbox":[-91.7798,41.7629,-91.7708,41.7781]},{"type":"Feature","geometry":{"coordinates":[[-91.8141,41.7985],[-91.814,41.7985],[-91.8085,41.7968],[-91.8031,41.7947],[-91.798,41.7923],[-91.7947,41.7904]],"type":"LineString"},"properties":{"lineWidth":3,"hideLine":false,"widthScale":"mtrs","stroke-width":2,"name":"LineString 224","id":"db1884eb-6311-4409-b724-9a7ea9f0908c","isHidden":false,"distance":1.8523908038768255,"fill":"#000000","fill-opacity":0,"stroke":"#555555","stroke-opacity":1},"id":"db1884eb-6311-4409-b724-9a7ea9f0908c","bbox":[-91.8141,41.7904,-91.7947,41.7985]},{"type":"Feature","geometry":{"coordinates":[[-91.8579,41.7994],[-91.8574,41.7995],[-91.8556,41.7999],[-91.8497,41.8009],[-91.8437,41.8015],[-91.8377,41.8016],[-91.8359,41.8016]],"type":"LineString"},"properties":{"lineWidth":3,"hideLine":false,"widthScale":"mtrs","stroke-width":2,"name":"LineString 223","id":"93c53b93-19b0-467a-aeaa-c79e986cd296","isHidden":false,"distance":1.8486393164640669,"fill":"#000000","fill-opacity":0,"stroke":"#555555","stroke-opacity":1},"id":"93c53b93-19b0-467a-aeaa-c79e986cd296","bbox":[-91.8579,41.7994,-91.8359,41.8016]},{"type":"Feature","geometry":{"coordinates":[[-91.8938,41.7807],[-91.8921,41.7824],[-91.8881,41.7857],[-91.8837,41.7888],[-91.879,41.7916],[-91.8778,41.7922]],"type":"LineString"},"properties":{"lineWidth":3,"hideLine":false,"widthScale":"mtrs","stroke-width":2,"name":"LineString 222","id":"0706fef5-6a32-4ae2-aa8b-3f3d80ee298c","isHidden":false,"distance":1.8508674920386115,"fill":"#000000","fill-opacity":0,"stroke":"#555555","stroke-opacity":1},"id":"0706fef5-6a32-4ae2-aa8b-3f3d80ee298c","bbox":[-91.8938,41.7807,-91.8778,41.7922]},{"type":"Feature","geometry":{"coordinates":[[-91.9075,41.7496],[-91.9073,41.7534],[-91.9067,41.7579],[-91.9055,41.7623],[-91.904,41.766]],"type":"LineString"},"properties":{"lineWidth":3,"hideLine":false,"widthScale":"mtrs","stroke-width":2,"name":"LineString 221","id":"032c79f5-63e3-461b-a5bb-ff46e68fc2f4","isHidden":false,"distance":1.8548145261459261,"fill":"#000000","fill-opacity":0,"stroke":"#555555","stroke-opacity":1},"id":"032c79f5-63e3-461b-a5bb-ff46e68fc2f4","bbox":[-91.9075,41.7496,-91.904,41.766]},{"type":"Feature","geometry":{"coordinates":[[-91.8933,41.7186],[-91.8942,41.7195],[-91.8976,41.7232],[-91.9005,41.7272],[-91.9029,41.7313],[-91.9037,41.7332]],"type":"LineString"},"properties":{"lineWidth":3,"hideLine":false,"widthScale":"mtrs","stroke-width":2,"name":"LineString 220","id":"55965ab4-fb7e-4d2c-8e52-df36f55a5b48","isHidden":false,"distance":1.8484519279955323,"fill":"#000000","fill-opacity":0,"stroke":"#555555","stroke-opacity":1},"id":"55965ab4-fb7e-4d2c-8e52-df36f55a5b48","bbox":[-91.9037,41.7186,-91.8933,41.7332]},{"type":"Feature","geometry":{"coordinates":[[-91.8134,41.7017],[-91.8191,41.7003],[-91.825,41.6992],[-91.8309,41.6985],[-91.8351,41.6983]],"type":"LineString"},"properties":{"lineWidth":3,"hideLine":false,"widthScale":"mtrs","stroke-width":2,"name":"LineString 219","id":"8dafe950-2a6b-4c62-aba3-ad3e736f5a18","isHidden":false,"distance":1.848442447961283,"fill":"#000000","fill-opacity":0,"stroke":"#555555","stroke-opacity":1},"id":"8dafe950-2a6b-4c62-aba3-ad3e736f5a18","bbox":[-91.8351,41.6983,-91.8134,41.7017]},{"type":"Feature","geometry":{"coordinates":[[-91.8571,41.7002],[-91.8607,41.701],[-91.8664,41.7027],[-91.8718,41.7047],[-91.8769,41.707],[-91.8772,41.7072]],"type":"LineString"},"properties":{"lineWidth":3,"hideLine":false,"widthScale":"mtrs","stroke-width":2,"name":"LineString 218","id":"4c426277-73ff-4634-b7a2-982d6d4d5c0f","isHidden":false,"distance":1.8498492945641392,"fill":"#000000","fill-opacity":0,"stroke":"#555555","stroke-opacity":1},"id":"4c426277-73ff-4634-b7a2-982d6d4d5c0f","bbox":[-91.8772,41.7002,-91.8571,41.7072]},{"type":"Feature","geometry":{"coordinates":[[-91.7335,42.1005],[-91.73,42.1022],[-91.7245,42.1043],[-91.7189,42.1059],[-91.7132,42.1073]],"type":"LineString"},"properties":{"lineWidth":3,"hideLine":false,"widthScale":"mtrs","stroke-width":2,"name":"LineString 217","id":"e7df8e25-7df6-42b2-8c4b-f58413e67f7c","isHidden":false,"distance":1.8458200098415771,"fill":"#000000","fill-opacity":0,"stroke":"#555555","stroke-opacity":1},"id":"e7df8e25-7df6-42b2-8c4b-f58413e67f7c","bbox":[-91.7335,42.1005,-91.7132,42.1073]},{"type":"Feature","geometry":{"coordinates":[[-91.6584,42.1009],[-91.6542,42.0987],[-91.6495,42.0959],[-91.6452,42.0928],[-91.6418,42.0898]],"type":"LineString"},"properties":{"lineWidth":3,"hideLine":false,"widthScale":"mtrs","stroke-width":2,"name":"LineString 216","id":"50fc04c5-38f9-4aae-bcf7-3f07de4045bb","isHidden":false,"distance":1.8520269691659557,"fill":"#000000","fill-opacity":0,"stroke":"#555555","stroke-opacity":1},"id":"50fc04c5-38f9-4aae-bcf7-3f07de4045bb","bbox":[-91.6584,42.0898,-91.6418,42.1009]},{"type":"Feature","geometry":{"coordinates":[[-91.7011,42.1088],[-91.6995,42.1088],[-91.6935,42.1089],[-91.6875,42.1086],[-91.6815,42.1079],[-91.6789,42.1074]],"type":"LineString"},"properties":{"lineWidth":3,"hideLine":false,"widthScale":"mtrs","stroke-width":2,"name":"LineString 215","id":"f753b7f9-f9a3-4d35-adde-c922c7a42e37","isHidden":false,"distance":1.8457634738969353,"fill":"#000000","fill-opacity":0,"stroke":"#555555","stroke-opacity":1},"id":"f753b7f9-f9a3-4d35-adde-c922c7a42e37","bbox":[-91.7011,42.1074,-91.6789,42.1089]},{"type":"Feature","geometry":{"coordinates":[[-91.6283,42.0428],[-91.629,42.041],[-91.6311,42.0368],[-91.6337,42.0328],[-91.6368,42.0289],[-91.6378,42.0278]],"type":"LineString"},"properties":{"lineWidth":3,"hideLine":false,"widthScale":"mtrs","stroke-width":2,"name":"LineString 214","id":"d511cc08-e173-4d5c-b5e5-abc231968a0b","isHidden":false,"distance":1.8516103287994101,"fill":"#000000","fill-opacity":0,"stroke":"#555555","stroke-opacity":1},"id":"d511cc08-e173-4d5c-b5e5-abc231968a0b","bbox":[-91.6378,42.0278,-91.6283,42.0428]},{"type":"Feature","geometry":{"coordinates":[[-91.6304,42.0755],[-91.6287,42.072],[-91.6272,42.0677],[-91.6262,42.0633],[-91.6258,42.0593]],"type":"LineString"},"properties":{"lineWidth":3,"hideLine":false,"widthScale":"mtrs","stroke-width":2,"name":"LineString 213","id":"4ecf1ca6-f7d1-470c-a4b8-8d140521bc44","isHidden":false,"distance":1.8497923034066415,"fill":"#000000","fill-opacity":0,"stroke":"#555555","stroke-opacity":1},"id":"4ecf1ca6-f7d1-470c-a4b8-8d140521bc44","bbox":[-91.6304,42.0593,-91.6258,42.0755]},{"type":"Feature","geometry":{"coordinates":[[-91.761,42.0749],[-91.7608,42.0753],[-91.7585,42.0794],[-91.7556,42.0834],[-91.7523,42.0872],[-91.75,42.0894]],"type":"LineString"},"properties":{"lineWidth":3,"hideLine":false,"widthScale":"mtrs","stroke-width":2,"name":"LineString 212","id":"ae14e679-42d8-4e3e-b858-e4fead4c014d","isHidden":false,"distance":1.8586838679148618,"fill":"#000000","fill-opacity":0,"stroke":"#555555","stroke-opacity":1},"id":"ae14e679-42d8-4e3e-b858-e4fead4c014d","bbox":[-91.761,42.0749,-91.75,42.0894]},{"type":"Feature","geometry":{"coordinates":[[-91.7621,42.0422],[-91.7629,42.0442],[-91.7642,42.0486],[-91.765,42.0531],[-91.7652,42.0576],[-91.7651,42.0586]],"type":"LineString"},"properties":{"lineWidth":3,"hideLine":false,"widthScale":"mtrs","stroke-width":2,"name":"LineString 211","id":"e6437175-fa0d-4d59-b1e1-37624df98e3d","isHidden":false,"distance":1.8497612396021108,"fill":"#000000","fill-opacity":0,"stroke":"#555555","stroke-opacity":1},"id":"e6437175-fa0d-4d59-b1e1-37624df98e3d","bbox":[-91.7652,42.0422,-91.7621,42.0586]},{"type":"Feature","geometry":{"coordinates":[[-91.7366,42.0155],[-91.7406,42.0178],[-91.7451,42.0209],[-91.7492,42.0243],[-91.7523,42.0273]],"type":"LineString"},"properties":{"lineWidth":3,"hideLine":false,"widthScale":"mtrs","stroke-width":2,"name":"LineString 210","id":"f3358ff4-159c-4fa7-b2e2-4e596c6b89b8","isHidden":false,"distance":1.8529299682135019,"fill":"#000000","fill-opacity":0,"stroke":"#555555","stroke-opacity":1},"id":"f3358ff4-159c-4fa7-b2e2-4e596c6b89b8","bbox":[-91.7523,42.0155,-91.7366,42.0273]},{"type":"Feature","geometry":{"coordinates":[[-91.6948,42.0054],[-91.6985,42.0054],[-91.7045,42.0058],[-91.7105,42.0066],[-91.7163,42.0078],[-91.7168,42.008]],"type":"LineString"},"properties":{"lineWidth":3,"hideLine":false,"widthScale":"mtrs","stroke-width":2,"name":"LineString 209","id":"cb973037-f834-4c72-b276-9adf232e2a2d","isHidden":false,"distance":1.8515161141569443,"fill":"#000000","fill-opacity":0,"stroke":"#555555","stroke-opacity":1},"id":"cb973037-f834-4c72-b276-9adf232e2a2d","bbox":[-91.7168,42.0054,-91.6948,42.008]},{"type":"Feature","geometry":{"coordinates":[[-91.6531,42.0158],[-91.6531,42.0158],[-91.6581,42.0132],[-91.6634,42.011],[-91.6689,42.0091],[-91.6728,42.0081]],"type":"LineString"},"properties":{"lineWidth":3,"hideLine":false,"widthScale":"mtrs","stroke-width":2,"name":"LineString 208","id":"0bddef0f-59af-4d6e-9735-3b28e262ecfd","isHidden":false,"distance":1.8477773934838542,"fill":"#000000","fill-opacity":0,"stroke":"#555555","stroke-opacity":1},"id":"0bddef0f-59af-4d6e-9735-3b28e262ecfd","bbox":[-91.6728,42.0081,-91.6531,42.0158]},{"type":"Feature","geometry":{"coordinates":[[-92.0317,42.0586],[-92.034,42.0564],[-92.0382,42.0531],[-92.0427,42.0501],[-92.0476,42.0474],[-92.048,42.0472]],"type":"LineString"},"properties":{"lineWidth":3,"hideLine":false,"widthScale":"mtrs","stroke-width":2,"name":"LineString 207","id":"13e050a0-34a7-4653-8d95-efcee396de38","isHidden":false,"distance":1.8575144384898565,"fill":"#000000","fill-opacity":0,"stroke":"#555555","stroke-opacity":1},"id":"13e050a0-34a7-4653-8d95-efcee396de38","bbox":[-92.048,42.0472,-92.0317,42.0586]},{"type":"Feature","geometry":{"coordinates":[[-92.0171,42.0895],[-92.0174,42.0851],[-92.0183,42.0806],[-92.0197,42.0762],[-92.021,42.0732]],"type":"LineString"},"properties":{"lineWidth":3,"hideLine":false,"widthScale":"mtrs","stroke-width":2,"name":"LineString 206","id":"221e7132-cfd7-4625-92ee-31126f94e5f8","isHidden":false,"distance":1.8488784092739574,"fill":"#000000","fill-opacity":0,"stroke":"#555555","stroke-opacity":1},"id":"221e7132-cfd7-4625-92ee-31126f94e5f8","bbox":[-92.021,42.0732,-92.0171,42.0895]},{"type":"Feature","geometry":{"coordinates":[[-92.0303,42.1207],[-92.0292,42.1196],[-92.026,42.1157],[-92.0232,42.1117],[-92.0209,42.1074],[-92.0203,42.1059]],"type":"LineString"},"properties":{"lineWidth":3,"hideLine":false,"widthScale":"mtrs","stroke-width":2,"name":"LineString 205","id":"f4ec8077-8594-491b-b9a6-2eb1d9eb005e","isHidden":false,"distance":1.8495165397433675,"fill":"#000000","fill-opacity":0,"stroke":"#555555","stroke-opacity":1},"id":"f4ec8077-8594-491b-b9a6-2eb1d9eb005e","bbox":[-92.0303,42.1059,-92.0203,42.1207]},{"type":"Feature","geometry":{"coordinates":[[-92.0661,42.1398],[-92.0622,42.1389],[-92.0566,42.1371],[-92.0512,42.1349],[-92.0461,42.1325],[-92.0461,42.1325]],"type":"LineString"},"properties":{"lineWidth":3,"hideLine":false,"widthScale":"mtrs","stroke-width":2,"name":"LineString 204","id":"eb927c1a-7820-4d4d-88b0-a4048aac3642","isHidden":false,"distance":1.8461555708428343,"fill":"#000000","fill-opacity":0,"stroke":"#555555","stroke-opacity":1},"id":"eb927c1a-7820-4d4d-88b0-a4048aac3642","bbox":[-92.0661,42.1325,-92.0461,42.1398]},{"type":"Feature","geometry":{"coordinates":[[-92.1101,42.1393],[-92.1101,42.1394],[-92.1042,42.1407],[-92.0983,42.1416],[-92.0922,42.1421],[-92.0882,42.1422]],"type":"LineString"},"properties":{"lineWidth":3,"hideLine":false,"widthScale":"mtrs","stroke-width":2,"name":"LineString 203","id":"6dc6cfa4-7e33-43c2-a46b-61595af30a59","isHidden":false,"distance":1.8512443039665747,"fill":"#000000","fill-opacity":0,"stroke":"#555555","stroke-opacity":1},"id":"6dc6cfa4-7e33-43c2-a46b-61595af30a59","bbox":[-92.1101,42.1393,-92.0882,42.1422]},{"type":"Feature","geometry":{"coordinates":[[-92.1451,42.1194],[-92.1429,42.1217],[-92.139,42.1252],[-92.1347,42.1284],[-92.13,42.1314],[-92.1298,42.1315]],"type":"LineString"},"properties":{"lineWidth":3,"hideLine":false,"widthScale":"mtrs","stroke-width":2,"name":"LineString 202","id":"72e60be7-5fdc-472d-9cd4-8ca04fa75063","isHidden":false,"distance":1.852097227356772,"fill":"#000000","fill-opacity":0,"stroke":"#555555","stroke-opacity":1},"id":"72e60be7-5fdc-472d-9cd4-8ca04fa75063","bbox":[-92.1451,42.1194,-92.1298,42.1315]},{"type":"Feature","geometry":{"coordinates":[[-92.1572,42.0879],[-92.1572,42.0924],[-92.1567,42.0969],[-92.1556,42.1013],[-92.1545,42.1044]],"type":"LineString"},"properties":{"lineWidth":3,"hideLine":false,"widthScale":"mtrs","stroke-width":2,"name":"LineString 201","id":"6df3b28f-8561-4b6e-a891-512c35dbeea0","isHidden":false,"distance":1.856508732739617,"fill":"#000000","fill-opacity":0,"stroke":"#555555","stroke-opacity":1},"id":"6df3b28f-8561-4b6e-a891-512c35dbeea0","bbox":[-92.1572,42.0879,-92.1545,42.1044]},{"type":"Feature","geometry":{"coordinates":[[-92.1413,42.0573],[-92.1426,42.0585],[-92.1462,42.0622],[-92.1492,42.0661],[-92.1518,42.0702],[-92.1525,42.0717]],"type":"LineString"},"properties":{"lineWidth":3,"hideLine":false,"widthScale":"mtrs","stroke-width":2,"name":"LineString 200","id":"817e1ac8-dab7-484b-bd9f-1707b3c17b9b","isHidden":false,"distance":1.858580823459834,"fill":"#000000","fill-opacity":0,"stroke":"#555555","stroke-opacity":1},"id":"817e1ac8-dab7-484b-bd9f-1707b3c17b9b","bbox":[-92.1525,42.0573,-92.1413,42.0717]},{"type":"Feature","geometry":{"coordinates":[[-92.1041,42.0399],[-92.1081,42.0407],[-92.1138,42.0422],[-92.1194,42.0441],[-92.1246,42.0463]],"type":"LineString"},"properties":{"lineWidth":3,"hideLine":false,"widthScale":"mtrs","stroke-width":2,"name":"LineString 199","id":"81f253ac-00c2-4659-9eb3-672f4cdcd604","isHidden":false,"distance":1.844078710538445,"fill":"#000000","fill-opacity":0,"stroke":"#555555","stroke-opacity":1},"id":"81f253ac-00c2-4659-9eb3-672f4cdcd604","bbox":[-92.1246,42.0399,-92.1041,42.0463]},{"type":"Feature","geometry":{"coordinates":[[-92.0603,42.0423],[-92.066,42.0408],[-92.0719,42.0396],[-92.0779,42.0388],[-92.0819,42.0385]],"type":"LineString"},"properties":{"lineWidth":3,"hideLine":false,"widthScale":"mtrs","stroke-width":2,"name":"LineString 198","id":"9fe1a72a-e8e0-4957-bf73-c6af2b82fe9c","isHidden":false,"distance":1.8399934792507875,"fill":"#000000","fill-opacity":0,"stroke":"#555555","stroke-opacity":1},"id":"9fe1a72a-e8e0-4957-bf73-c6af2b82fe9c","bbox":[-92.0819,42.0385,-92.0603,42.0423]},{"type":"Feature","geometry":{"coordinates":[[-92.2418,42.417],[-92.2234,42.4074]],"type":"LineString"},"properties":{"lineWidth":3,"hideLine":false,"widthScale":"mtrs","stroke-width":2,"name":"LineString 197","id":"8539215f-d373-4a70-b714-f0302310ff25","isHidden":false,"distance":1.8496875849045733,"fill":"#000000","fill-opacity":0,"stroke":"#555555","stroke-opacity":1},"id":"8539215f-d373-4a70-b714-f0302310ff25","bbox":[-92.2418,42.4074,-92.2234,42.417]},{"type":"Feature","geometry":{"coordinates":[[-92.2051,42.3978],[-92.1867,42.3882]],"type":"LineString"},"properties":{"lineWidth":3,"hideLine":false,"widthScale":"mtrs","stroke-width":2,"name":"LineString 196","id":"600498d9-7100-4317-b164-c5f1a679c58d","isHidden":false,"distance":1.8500651789982532,"fill":"#000000","fill-opacity":0,"stroke":"#555555","stroke-opacity":1},"id":"600498d9-7100-4317-b164-c5f1a679c58d","bbox":[-92.2051,42.3882,-92.1867,42.3978]},{"type":"Feature","geometry":{"coordinates":[[-92.1683,42.3785],[-92.15,42.3689]],"type":"LineString"},"properties":{"lineWidth":3,"hideLine":false,"widthScale":"mtrs","stroke-width":2,"name":"LineString 195","id":"149470e6-f880-44fe-bf6f-35c90aedd99a","isHidden":false,"distance":1.8437406868811463,"fill":"#000000","fill-opacity":0,"stroke":"#555555","stroke-opacity":1},"id":"149470e6-f880-44fe-bf6f-35c90aedd99a","bbox":[-92.1683,42.3689,-92.15,42.3785]},{"type":"Feature","geometry":{"coordinates":[[-92.1316,42.3593],[-92.1133,42.3496]],"type":"LineString"},"properties":{"lineWidth":3,"hideLine":false,"widthScale":"mtrs","stroke-width":2,"name":"LineString 194","id":"b31e601f-7228-4ca0-9fcf-83bc75d0c85a","isHidden":false,"distance":1.850575098929171,"fill":"#000000","fill-opacity":0,"stroke":"#555555","stroke-opacity":1},"id":"b31e601f-7228-4ca0-9fcf-83bc75d0c85a","bbox":[-92.1316,42.3496,-92.1133,42.3593]},{"type":"Feature","geometry":{"coordinates":[[-92.0583,42.3207],[-92.0399,42.3111]],"type":"LineString"},"properties":{"lineWidth":3,"hideLine":false,"widthScale":"mtrs","stroke-width":2,"name":"LineString 193","id":"71c23f63-0a39-4ece-bd75-2b5c91656237","isHidden":false,"distance":1.8515804457748497,"fill":"#000000","fill-opacity":0,"stroke":"#555555","stroke-opacity":1},"id":"71c23f63-0a39-4ece-bd75-2b5c91656237","bbox":[-92.0583,42.3111,-92.0399,42.3207]},{"type":"Feature","geometry":{"coordinates":[[-92.0949,42.34],[-92.0766,42.3304]],"type":"LineString"},"properties":{"lineWidth":3,"hideLine":false,"widthScale":"mtrs","stroke-width":2,"name":"LineString 192","id":"5af3af75-1e69-4c45-9f3d-4b622a5d5e4a","isHidden":false,"distance":1.8444918575613312,"fill":"#000000","fill-opacity":0,"stroke":"#555555","stroke-opacity":1},"id":"5af3af75-1e69-4c45-9f3d-4b622a5d5e4a","bbox":[-92.0949,42.3304,-92.0766,42.34]},{"type":"Feature","geometry":{"coordinates":[[-91.985,42.2821],[-91.9667,42.2725]],"type":"LineString"},"properties":{"lineWidth":3,"hideLine":false,"widthScale":"mtrs","stroke-width":2,"name":"LineString 191","id":"001a577a-b4f3-4de1-85f1-db6f59d90b9c","isHidden":false,"distance":1.845620787011333,"fill":"#000000","fill-opacity":0,"stroke":"#555555","stroke-opacity":1},"id":"001a577a-b4f3-4de1-85f1-db6f59d90b9c","bbox":[-91.985,42.2725,-91.9667,42.2821]},{"type":"Feature","geometry":{"coordinates":[[-92.0216,42.3014],[-92.0033,42.2918]],"type":"LineString"},"properties":{"lineWidth":3,"hideLine":false,"widthScale":"mtrs","stroke-width":2,"name":"LineString 190","id":"54885b30-91ea-4af7-866b-65175d4843d8","isHidden":false,"distance":1.8452445778729905,"fill":"#000000","fill-opacity":0,"stroke":"#555555","stroke-opacity":1},"id":"54885b30-91ea-4af7-866b-65175d4843d8","bbox":[-92.0216,42.2918,-92.0033,42.3014]},{"type":"Feature","geometry":{"coordinates":[[-91.9484,42.2628],[-91.9406,42.2587],[-91.9381,42.2563],[-91.934,42.2528],[-91.9321,42.2515]],"type":"LineString"},"properties":{"lineWidth":3,"hideLine":false,"widthScale":"mtrs","stroke-width":2,"name":"LineString 189","id":"9206c43d-0d9f-4c79-b964-22068240f202","isHidden":false,"distance":1.8523542600390872,"fill":"#000000","fill-opacity":0,"stroke":"#555555","stroke-opacity":1},"id":"9206c43d-0d9f-4c79-b964-22068240f202","bbox":[-91.9484,42.2515,-91.9321,42.2628]},{"type":"Feature","geometry":{"coordinates":[[-91.9139,42.2419],[-91.9138,42.2419],[-91.9081,42.24],[-91.9022,42.2386],[-91.8961,42.2375],[-91.8926,42.2371]],"type":"LineString"},"properties":{"lineWidth":3,"hideLine":false,"widthScale":"mtrs","stroke-width":2,"name":"LineString 188","id":"c058476c-e187-474f-8295-b1a1424906ba","isHidden":false,"distance":1.841278337502777,"fill":"#000000","fill-opacity":0,"stroke":"#555555","stroke-opacity":1},"id":"c058476c-e187-474f-8295-b1a1424906ba","bbox":[-91.9139,42.2371,-91.8926,42.2419]},{"type":"Feature","geometry":{"coordinates":[[-91.8702,42.2372],[-91.865,42.238],[-91.859,42.2393],[-91.8531,42.241],[-91.849,42.2425]],"type":"LineString"},"properties":{"lineWidth":3,"hideLine":false,"widthScale":"mtrs","stroke-width":2,"name":"LineString 187","id":"2d333b3e-876f-435d-a3f0-b08ab1213825","isHidden":false,"distance":1.849550857153503,"fill":"#000000","fill-opacity":0,"stroke":"#555555","stroke-opacity":1},"id":"2d333b3e-876f-435d-a3f0-b08ab1213825","bbox":[-91.8702,42.2372,-91.849,42.2425]},{"type":"Feature","geometry":{"coordinates":[[-91.8296,42.2507],[-91.8267,42.2522],[-91.8197,42.2562],[-91.8133,42.2606],[-91.8124,42.2614]],"type":"LineString"},"properties":{"lineWidth":3,"hideLine":false,"widthScale":"mtrs","stroke-width":2,"name":"LineString 186","id":"34d3a57f-f930-4ac3-9b82-b4e0f60ab202","isHidden":false,"distance":1.8536634425918792,"fill":"#000000","fill-opacity":0,"stroke":"#555555","stroke-opacity":1},"id":"34d3a57f-f930-4ac3-9b82-b4e0f60ab202","bbox":[-91.8296,42.2507,-91.8124,42.2614]},{"type":"Feature","geometry":{"coordinates":[[-91.7988,42.2746],[-91.7974,42.2762],[-91.7934,42.282],[-91.7901,42.2881],[-91.7894,42.2897]],"type":"LineString"},"properties":{"lineWidth":3,"hideLine":false,"widthScale":"mtrs","stroke-width":2,"name":"LineString 185","id":"b2b250b4-34f9-4522-8a1e-304506f803d9","isHidden":false,"distance":1.8535779759689746,"fill":"#000000","fill-opacity":0,"stroke":"#555555","stroke-opacity":1},"id":"b2b250b4-34f9-4522-8a1e-304506f803d9","bbox":[-91.7988,42.2746,-91.7894,42.2897]},{"type":"Feature","geometry":{"coordinates":[[-91.7855,42.3061],[-91.7826,42.3226]],"type":"LineString"},"properties":{"lineWidth":3,"hideLine":false,"widthScale":"mtrs","stroke-width":2,"name":"LineString 184","id":"9d459c66-a4cc-4058-9125-465d5c65bc42","isHidden":false,"distance":1.8501492355136904,"fill":"#000000","fill-opacity":0,"stroke":"#555555","stroke-opacity":1},"id":"9d459c66-a4cc-4058-9125-465d5c65bc42","bbox":[-91.7855,42.3061,-91.7826,42.3226]},{"type":"Feature","geometry":{"coordinates":[[-91.7741,42.3722],[-91.7712,42.3888]],"type":"LineString"},"properties":{"lineWidth":3,"hideLine":false,"widthScale":"mtrs","stroke-width":2,"name":"LineString 183","id":"bfe6eb54-9cde-4d0d-9183-55af627001fd","isHidden":false,"distance":1.8611444434532298,"fill":"#000000","fill-opacity":0,"stroke":"#555555","stroke-opacity":1},"id":"bfe6eb54-9cde-4d0d-9183-55af627001fd","bbox":[-91.7741,42.3722,-91.7712,42.3888]},{"type":"Feature","geometry":{"coordinates":[[-91.7798,42.3391],[-91.7769,42.3557]],"type":"LineString"},"properties":{"lineWidth":3,"hideLine":false,"widthScale":"mtrs","stroke-width":2,"name":"LineString 182","id":"3d5133af-e83d-43cb-b45a-a833bf424b16","isHidden":false,"distance":1.8611605135819052,"fill":"#000000","fill-opacity":0,"stroke":"#555555","stroke-opacity":1},"id":"3d5133af-e83d-43cb-b45a-a833bf424b16","bbox":[-91.7798,42.3391,-91.7769,42.3557]},{"type":"Feature","geometry":{"coordinates":[[-91.7683,42.4053],[-91.7655,42.4218]],"type":"LineString"},"properties":{"lineWidth":3,"hideLine":false,"widthScale":"mtrs","stroke-width":2,"name":"LineString 181","id":"d5eba8f3-0b8b-4c26-9af6-8a31f9874aac","isHidden":false,"distance":1.8490622941200132,"fill":"#000000","fill-opacity":0,"stroke":"#555555","stroke-opacity":1},"id":"d5eba8f3-0b8b-4c26-9af6-8a31f9874aac","bbox":[-91.7683,42.4053,-91.7655,42.4218]},{"type":"Feature","geometry":{"coordinates":[[-91.7626,42.4384],[-91.7597,42.4549]],"type":"LineString"},"properties":{"lineWidth":3,"hideLine":false,"widthScale":"mtrs","stroke-width":2,"name":"LineString 180","id":"2be3a8e7-5102-498f-8a34-c9651b17aa93","isHidden":false,"distance":1.850084617035781,"fill":"#000000","fill-opacity":0,"stroke":"#555555","stroke-opacity":1},"id":"2be3a8e7-5102-498f-8a34-c9651b17aa93","bbox":[-91.7626,42.4384,-91.7597,42.4549]},{"type":"Feature","geometry":{"coordinates":[[-91.7569,42.4714],[-91.754,42.488]],"type":"LineString"},"properties":{"lineWidth":3,"hideLine":false,"widthScale":"mtrs","stroke-width":2,"name":"LineString 179","id":"7342b7c1-ee9a-41a1-82ee-fd22d01b1243","isHidden":false,"distance":1.861096270670156,"fill":"#000000","fill-opacity":0,"stroke":"#555555","stroke-opacity":1},"id":"7342b7c1-ee9a-41a1-82ee-fd22d01b1243","bbox":[-91.7569,42.4714,-91.754,42.488]},{"type":"Feature","geometry":{"coordinates":[[-91.4314,42.3664],[-91.432,42.3642],[-91.4338,42.36],[-91.4361,42.3559],[-91.4388,42.3521],[-91.4397,42.351]],"type":"LineString"},"properties":{"lineWidth":3,"hideLine":false,"widthScale":"mtrs","stroke-width":2,"name":"LineString 178","id":"5db447c2-2a7f-40f9-bed8-9ca453075e18","isHidden":false,"distance":1.8531254150271517,"fill":"#000000","fill-opacity":0,"stroke":"#555555","stroke-opacity":1},"id":"5db447c2-2a7f-40f9-bed8-9ca453075e18","bbox":[-91.4397,42.351,-91.4314,42.3664]},{"type":"Feature","geometry":{"coordinates":[[-91.4364,42.3989],[-91.4355,42.3976],[-91.4333,42.3935],[-91.4317,42.3893],[-91.4305,42.385],[-91.4302,42.3829]],"type":"LineString"},"properties":{"lineWidth":3,"hideLine":false,"widthScale":"mtrs","stroke-width":2,"name":"LineString 177","id":"25d2d646-518f-4663-b218-c5a695f92755","isHidden":false,"distance":1.8608889418879593,"fill":"#000000","fill-opacity":0,"stroke":"#555555","stroke-opacity":1},"id":"25d2d646-518f-4663-b218-c5a695f92755","bbox":[-91.4364,42.3829,-91.4302,42.3989]},{"type":"Feature","geometry":{"coordinates":[[-91.4554,42.4305],[-91.4549,42.4273],[-91.4547,42.4261],[-91.4516,42.4225],[-91.4488,42.4186],[-91.4466,42.4146],[-91.4465,42.4145],[-91.4461,42.4139]],"type":"LineString"},"properties":{"lineWidth":3,"hideLine":false,"widthScale":"mtrs","stroke-width":2,"name":"LineString 176","id":"5f34fdea-48a5-4b43-a786-4f6faf0c8c7b","isHidden":false,"distance":2.0259841756043087,"fill":"#000000","fill-opacity":0,"stroke":"#555555","stroke-opacity":1},"id":"5f34fdea-48a5-4b43-a786-4f6faf0c8c7b","bbox":[-91.4554,42.4139,-91.4461,42.4305]},{"type":"Feature","geometry":{"coordinates":[[-91.5496,42.5081],[-91.5436,42.5087],[-91.5376,42.5089],[-91.5319,42.5087],[-91.5259,42.5081],[-91.5201,42.5072]],"type":"LineString"},"properties":{"lineWidth":3,"hideLine":false,"widthScale":"mtrs","stroke-width":2,"name":"LineString 175","id":"f94245b4-782d-4105-a898-ede65e61aa5b","isHidden":false,"distance":2.4385912212907446,"fill":"#000000","fill-opacity":0,"stroke":"#555555","stroke-opacity":1},"id":"f94245b4-782d-4105-a898-ede65e61aa5b","bbox":[-91.5496,42.5072,-91.5201,42.5089]},{"type":"Feature","geometry":{"coordinates":[[-91.4816,42.4873],[-91.4783,42.4836],[-91.4756,42.4797],[-91.4733,42.4756],[-91.4715,42.4714],[-91.4702,42.467]],"type":"LineString"},"properties":{"lineWidth":3,"hideLine":false,"widthScale":"mtrs","stroke-width":2,"name":"LineString 174","id":"752be227-e5d9-4b4b-a3b3-3d5c86b38cad","isHidden":false,"distance":2.4632720104593604,"fill":"#000000","fill-opacity":0,"stroke":"#555555","stroke-opacity":1},"id":"752be227-e5d9-4b4b-a3b3-3d5c86b38cad","bbox":[-91.4816,42.467,-91.4702,42.4873]},{"type":"Feature","geometry":{"coordinates":[[-91.5088,42.5042],[-91.5035,42.5021],[-91.4984,42.4997],[-91.4937,42.4971],[-91.4893,42.4941],[-91.4852,42.4908]],"type":"LineString"},"properties":{"lineWidth":3,"hideLine":false,"widthScale":"mtrs","stroke-width":2,"name":"LineString 173","id":"e038786d-1b49-4697-8e68-8b0f260d17c2","isHidden":false,"distance":2.4599782369092273,"fill":"#000000","fill-opacity":0,"stroke":"#555555","stroke-opacity":1},"id":"e038786d-1b49-4697-8e68-8b0f260d17c2","bbox":[-91.5088,42.4908,-91.4852,42.5042]},{"type":"Feature","geometry":{"coordinates":[[-91.5862,42.494],[-91.5818,42.4969],[-91.577,42.4996],[-91.572,42.502],[-91.5667,42.5041],[-91.5611,42.5058]],"type":"LineString"},"properties":{"lineWidth":3,"hideLine":false,"widthScale":"mtrs","stroke-width":2,"name":"LineString 172","id":"0c560bc4-421a-4b6a-8f47-6d8ddca125f0","isHidden":false,"distance":2.4576648578953133,"fill":"#000000","fill-opacity":0,"stroke":"#555555","stroke-opacity":1},"id":"0c560bc4-421a-4b6a-8f47-6d8ddca125f0","bbox":[-91.5862,42.494,-91.5611,42.5058]},{"type":"Feature","geometry":{"coordinates":[[-91.6158,42.4687],[-91.6138,42.4703],[-91.6138,42.4703],[-91.6105,42.4726],[-91.6058,42.4754],[-91.6008,42.4779],[-91.5998,42.4795]],"type":"LineString"},"properties":{"lineWidth":3,"hideLine":false,"widthScale":"mtrs","stroke-width":2,"name":"LineString 171","id":"931f0529-1424-4459-bb7f-33aa2e045a23","isHidden":false,"distance":1.8011924510558208,"fill":"#000000","fill-opacity":0,"stroke":"#555555","stroke-opacity":1},"id":"931f0529-1424-4459-bb7f-33aa2e045a23","bbox":[-91.6158,42.4687,-91.5998,42.4795]},{"type":"Feature","geometry":{"coordinates":[[-91.6334,42.4387],[-91.6334,42.4391],[-91.6326,42.4435],[-91.6314,42.4478],[-91.6296,42.4519],[-91.628,42.4548]],"type":"LineString"},"properties":{"lineWidth":3,"hideLine":false,"widthScale":"mtrs","stroke-width":2,"name":"LineString 170","id":"27b5014e-555e-40f6-a492-0f700089267d","isHidden":false,"distance":1.853676904511586,"fill":"#000000","fill-opacity":0,"stroke":"#555555","stroke-opacity":1},"id":"27b5014e-555e-40f6-a492-0f700089267d","bbox":[-91.6334,42.4387,-91.628,42.4548]},{"type":"Feature","geometry":{"coordinates":[[-91.6233,42.4066],[-91.6243,42.4081],[-91.6264,42.4121],[-91.6288,42.4161],[-91.6308,42.4203],[-91.6314,42.4218]],"type":"LineString"},"properties":{"lineWidth":3,"hideLine":false,"widthScale":"mtrs","stroke-width":2,"name":"LineString 169","id":"8045846d-13e6-42c8-9247-5b5b7c338068","isHidden":false,"distance":1.8183459816503582,"fill":"#000000","fill-opacity":0,"stroke":"#555555","stroke-opacity":1},"id":"8045846d-13e6-42c8-9247-5b5b7c338068","bbox":[-91.6314,42.4066,-91.6233,42.4218]},{"type":"Feature","geometry":{"coordinates":[[-91.6004,42.3782],[-91.6005,42.3782],[-91.6039,42.3818],[-91.6069,42.3855],[-91.6096,42.3898],[-91.6117,42.3939]],"type":"LineString"},"properties":{"lineWidth":3,"hideLine":false,"widthScale":"mtrs","stroke-width":2,"name":"LineString 168","id":"4726a42e-faa6-4233-a899-f3e8de9808e9","isHidden":false,"distance":1.9903565947710304,"fill":"#000000","fill-opacity":0,"stroke":"#555555","stroke-opacity":1},"id":"4726a42e-faa6-4233-a899-f3e8de9808e9","bbox":[-91.6117,42.3782,-91.6004,42.3939]},{"type":"Feature","geometry":{"coordinates":[[-91.5744,42.3537],[-91.5752,42.3542],[-91.5795,42.3573],[-91.5826,42.3599],[-91.5868,42.3641],[-91.5898,42.3679]],"type":"LineString"},"properties":{"lineWidth":3,"hideLine":false,"widthScale":"mtrs","stroke-width":2,"name":"LineString 167","id":"25315037-4d5b-47f2-b97a-b798acc96fcb","isHidden":false,"distance":2.03488263454324,"fill":"#000000","fill-opacity":0,"stroke":"#555555","stroke-opacity":1},"id":"25315037-4d5b-47f2-b97a-b798acc96fcb","bbox":[-91.5898,42.3537,-91.5744,42.3679]},{"type":"Feature","geometry":{"coordinates":[[-91.5399,42.3305],[-91.543,42.3314],[-91.5482,42.3335],[-91.5532,42.3358],[-91.5579,42.3385],[-91.5589,42.3392]],"type":"LineString"},"properties":{"lineWidth":3,"hideLine":false,"widthScale":"mtrs","stroke-width":2,"name":"LineString 166","id":"f85f6549-62e5-47b1-83c1-fd0a30e04713","isHidden":false,"distance":1.847370648060313,"fill":"#000000","fill-opacity":0,"stroke":"#555555","stroke-opacity":1},"id":"f85f6549-62e5-47b1-83c1-fd0a30e04713","bbox":[-91.5589,42.3305,-91.5399,42.3392]},{"type":"Feature","geometry":{"coordinates":[[-91.4956,42.3269],[-91.4976,42.3269],[-91.5031,42.3267],[-91.5058,42.3267],[-91.5087,42.3267],[-91.5113,42.3267],[-91.5142,42.3267],[-91.5181,42.3268]],"type":"LineString"},"properties":{"lineWidth":3,"hideLine":false,"widthScale":"mtrs","stroke-width":2,"name":"LineString 165","id":"50224627-f83a-458b-89f1-e50620808d01","isHidden":false,"distance":1.850428125926017,"fill":"#000000","fill-opacity":0,"stroke":"#555555","stroke-opacity":1},"id":"50224627-f83a-458b-89f1-e50620808d01","bbox":[-91.5181,42.3267,-91.4956,42.3269]},{"type":"Feature","geometry":{"coordinates":[[-91.4543,42.3384],[-91.4587,42.336],[-91.4637,42.3336],[-91.4689,42.3316],[-91.4737,42.3301]],"type":"LineString"},"properties":{"lineWidth":3,"hideLine":false,"widthScale":"mtrs","stroke-width":2,"name":"LineString 164","id":"4a54b534-9d5c-4061-b126-72e859432a73","isHidden":false,"distance":1.8497065633768317,"fill":"#000000","fill-opacity":0,"stroke":"#555555","stroke-opacity":1},"id":"4a54b534-9d5c-4061-b126-72e859432a73","bbox":[-91.4737,42.3301,-91.4543,42.3384]},{"type":"Feature","geometry":{"coordinates":[[-91.4691,42.4583],[-91.4694,42.4541],[-91.4661,42.4508],[-91.463,42.447],[-91.4604,42.4431]],"type":"LineString"},"properties":{"lineWidth":3,"hideLine":false,"widthScale":"mtrs","stroke-width":2,"name":"LineString 163","id":"05b0f6ea-86f5-414f-8311-dd5d3d2ab64e","isHidden":false,"distance":1.900168753231431,"fill":"#000000","fill-opacity":0,"stroke":"#555555","stroke-opacity":1},"id":"05b0f6ea-86f5-414f-8311-dd5d3d2ab64e","bbox":[-91.4694,42.4431,-91.4604,42.4583]},{"type":"Feature","geometry":{"coordinates":[[-91.7454,42.5376],[-91.7439,42.5459]],"type":"LineString"},"properties":{"lineWidth":3,"hideLine":false,"widthScale":"mtrs","stroke-width":2,"name":"LineString 162","id":"fc523b60-436b-4b28-8259-c15e1e5f8f55","isHidden":false,"distance":0.9310648779033897,"fill":"#000000","fill-opacity":0,"stroke":"#555555","stroke-opacity":1},"id":"fc523b60-436b-4b28-8259-c15e1e5f8f55","bbox":[-91.7454,42.5376,-91.7439,42.5459]},{"type":"Feature","geometry":{"coordinates":[[-91.7511,42.5045],[-91.7483,42.521]],"type":"LineString"},"properties":{"lineWidth":3,"hideLine":false,"widthScale":"mtrs","stroke-width":2,"name":"LineString 161","id":"d4d1e896-4f2d-4a9e-a572-444fd0ca221d","isHidden":false,"distance":1.8490170882536603,"fill":"#000000","fill-opacity":0,"stroke":"#555555","stroke-opacity":1},"id":"d4d1e896-4f2d-4a9e-a572-444fd0ca221d","bbox":[-91.7511,42.5045,-91.7483,42.521]},{"type":"Feature","geometry":{"coordinates":[[-91.8687,42.6325],[-91.8628,42.6335],[-91.8571,42.6348],[-91.8516,42.6365]],"type":"LineString"},"properties":{"lineWidth":3,"hideLine":false,"widthScale":"mtrs","stroke-width":2,"name":"LineString 160","id":"2610ef0e-7119-4738-ba67-97fe89c7b807","isHidden":false,"distance":1.4715048671782678,"fill":"#000000","fill-opacity":0,"stroke":"#555555","stroke-opacity":1},"id":"2610ef0e-7119-4738-ba67-97fe89c7b807","bbox":[-91.8687,42.6325,-91.8516,42.6365]},{"type":"Feature","geometry":{"coordinates":[[-91.8143,42.6956],[-91.813,42.6913],[-91.8122,42.6872],[-91.8119,42.6825],[-91.8121,42.6791]],"type":"LineString"},"properties":{"lineWidth":3,"hideLine":false,"widthScale":"mtrs","stroke-width":2,"name":"LineString 159","id":"fc591c69-37d7-470a-bb51-e0d3afe1517c","isHidden":false,"distance":1.8519742562388144,"fill":"#000000","fill-opacity":0,"stroke":"#555555","stroke-opacity":1},"id":"fc591c69-37d7-470a-bb51-e0d3afe1517c","bbox":[-91.8143,42.6791,-91.8119,42.6956]},{"type":"Feature","geometry":{"coordinates":[[-91.9489,42.6765],[-91.9491,42.6778],[-91.9494,42.682],[-91.9492,42.6864],[-91.9484,42.6911],[-91.9478,42.6931]],"type":"LineString"},"properties":{"lineWidth":3,"hideLine":false,"widthScale":"mtrs","stroke-width":2,"name":"LineString 158","id":"8a80209b-fb10-4fc5-917a-53d01c7d094e","isHidden":false,"distance":1.8570933293338427,"fill":"#000000","fill-opacity":0,"stroke":"#555555","stroke-opacity":1},"id":"8a80209b-fb10-4fc5-917a-53d01c7d094e","bbox":[-91.9494,42.6765,-91.9478,42.6931]},{"type":"Feature","geometry":{"coordinates":[[-91.8902,42.6322],[-91.8919,42.6324],[-91.8981,42.6334],[-91.9036,42.6346],[-91.9091,42.6363],[-91.9116,42.6372]],"type":"LineString"},"properties":{"lineWidth":3,"hideLine":false,"widthScale":"mtrs","stroke-width":2,"name":"LineString 157","id":"223c4253-52a6-404f-bee8-c9e47841d282","isHidden":false,"distance":1.8450873966908676,"fill":"#000000","fill-opacity":0,"stroke":"#555555","stroke-opacity":1},"id":"223c4253-52a6-404f-bee8-c9e47841d282","bbox":[-91.9116,42.6322,-91.8902,42.6372]},{"type":"Feature","geometry":{"coordinates":[[-91.8694,42.7323],[-91.8635,42.7314],[-91.8592,42.7304]],"type":"LineString"},"properties":{"lineWidth":3,"hideLine":false,"widthScale":"mtrs","stroke-width":2,"name":"LineString 156","id":"37c63eda-6044-4c92-bcbf-eac9ec5439ed","isHidden":false,"distance":0.8605739641454451,"fill":"#000000","fill-opacity":0,"stroke":"#555555","stroke-opacity":1},"id":"37c63eda-6044-4c92-bcbf-eac9ec5439ed","bbox":[-91.8694,42.7304,-91.8592,42.7323]},{"type":"Feature","geometry":{"coordinates":[[-91.9055,42.7295],[-91.9042,42.7299],[-91.8985,42.7313],[-91.8929,42.7322]],"type":"LineString"},"properties":{"lineWidth":3,"hideLine":false,"widthScale":"mtrs","stroke-width":2,"name":"LineString 155","id":"e7dc26eb-332f-4942-b87f-87e36d42f5ed","isHidden":false,"distance":1.0742396686936264,"fill":"#000000","fill-opacity":0,"stroke":"#555555","stroke-opacity":1},"id":"e7dc26eb-332f-4942-b87f-87e36d42f5ed","bbox":[-91.9055,42.7295,-91.8929,42.7322]},{"type":"Feature","geometry":{"coordinates":[[-91.9395,42.7085],[-91.9372,42.7111],[-91.9334,42.7148],[-91.9294,42.7181],[-91.9252,42.7209],[-91.9249,42.7211]],"type":"LineString"},"properties":{"lineWidth":3,"hideLine":false,"widthScale":"mtrs","stroke-width":2,"name":"LineString 154","id":"493e5f66-b4e6-46c1-95f0-b8455663ab62","isHidden":false,"distance":1.848010268326938,"fill":"#000000","fill-opacity":0,"stroke":"#555555","stroke-opacity":1},"id":"493e5f66-b4e6-46c1-95f0-b8455663ab62","bbox":[-91.9395,42.7085,-91.9249,42.7211]},{"type":"Feature","geometry":{"coordinates":[[-91.9297,42.647],[-91.933,42.6495],[-91.9367,42.653],[-91.9399,42.6567],[-91.9427,42.6606]],"type":"LineString"},"properties":{"lineWidth":3,"hideLine":false,"widthScale":"mtrs","stroke-width":2,"name":"LineString 153","id":"35ec2782-b9cb-4350-ba7e-e86daef6bd05","isHidden":false,"distance":1.8584246580360344,"fill":"#000000","fill-opacity":0,"stroke":"#555555","stroke-opacity":1},"id":"35ec2782-b9cb-4350-ba7e-e86daef6bd05","bbox":[-91.9427,42.647,-91.9297,42.6606]},{"type":"Feature","geometry":{"coordinates":[[-91.8173,42.6629],[-91.8182,42.6613],[-91.8209,42.6574],[-91.8243,42.6534],[-91.8279,42.6499],[-91.8292,42.6489]],"type":"LineString"},"properties":{"lineWidth":3,"hideLine":false,"widthScale":"mtrs","stroke-width":2,"name":"LineString 152","id":"65a6e205-ec12-4ed9-8489-d9249222c6b3","isHidden":false,"distance":1.8455430980343837,"fill":"#000000","fill-opacity":0,"stroke":"#555555","stroke-opacity":1},"id":"65a6e205-ec12-4ed9-8489-d9249222c6b3","bbox":[-91.8292,42.6489,-91.8173,42.6629]},{"type":"Feature","geometry":{"coordinates":[[-91.8392,42.7227],[-91.8367,42.7213],[-91.8323,42.7183],[-91.8284,42.7152],[-91.8245,42.7116],[-91.8238,42.7107]],"type":"LineString"},"properties":{"lineWidth":3,"hideLine":false,"widthScale":"mtrs","stroke-width":2,"name":"LineString 151","id":"1ed4d587-8386-4524-bcea-30297645d53c","isHidden":false,"distance":1.8434841491907177,"fill":"#000000","fill-opacity":0,"stroke":"#555555","stroke-opacity":1},"id":"1ed4d587-8386-4524-bcea-30297645d53c","bbox":[-91.8392,42.7107,-91.8238,42.7227]},{"type":"Feature","geometry":{"coordinates":[[-91.8131,42.2796],[-91.8158,42.2778],[-91.8205,42.2751],[-91.8255,42.2728]],"type":"LineString"},"properties":{"lineWidth":3,"hideLine":false,"widthScale":"mtrs","stroke-width":2,"name":"LineString 150","id":"c08a2343-8c69-4935-9d3e-2ef035d76345","isHidden":false,"distance":1.2729615811004722,"fill":"#000000","fill-opacity":0,"stroke":"#555555","stroke-opacity":1},"id":"c08a2343-8c69-4935-9d3e-2ef035d76345","bbox":[-91.8255,42.2728,-91.8131,42.2796]},{"type":"Feature","geometry":{"coordinates":[[-91.7923,42.3084],[-91.7924,42.3076],[-91.7937,42.3033],[-91.7955,42.2991],[-91.7978,42.2951],[-91.7995,42.2927]],"type":"LineString"},"properties":{"lineWidth":3,"hideLine":false,"widthScale":"mtrs","stroke-width":2,"name":"LineString 149","id":"35fd82a0-8c4b-4723-af09-89b9b805c886","isHidden":false,"distance":1.8538176006857985,"fill":"#000000","fill-opacity":0,"stroke":"#555555","stroke-opacity":1},"id":"35fd82a0-8c4b-4723-af09-89b9b805c886","bbox":[-91.7995,42.2927,-91.7923,42.3084]},{"type":"Feature","geometry":{"coordinates":[[-91.7998,42.3406],[-91.7977,42.3377],[-91.7954,42.3336],[-91.7936,42.3294],[-91.7924,42.3251],[-91.7923,42.325]],"type":"LineString"},"properties":{"lineWidth":3,"hideLine":false,"widthScale":"mtrs","stroke-width":2,"name":"LineString 148","id":"1c29c5ef-e805-47bc-b7b7-879daaacbe49","isHidden":false,"distance":1.8512343840632757,"fill":"#000000","fill-opacity":0,"stroke":"#555555","stroke-opacity":1},"id":"1c29c5ef-e805-47bc-b7b7-879daaacbe49","bbox":[-91.7998,42.325,-91.7923,42.3406]},{"type":"Feature","geometry":{"coordinates":[[-91.7982,42.3629],[-91.8001,42.3617],[-91.8048,42.359],[-91.8099,42.3567],[-91.8152,42.3547],[-91.8136,42.3537]],"type":"LineString"},"properties":{"lineWidth":3,"hideLine":false,"widthScale":"mtrs","stroke-width":2,"name":"LineString 147","id":"aece53b7-f660-4720-abd8-17185eee046d","isHidden":false,"distance":1.8466368963370081,"fill":"#000000","fill-opacity":0,"stroke":"#555555","stroke-opacity":1},"id":"aece53b7-f660-4720-abd8-17185eee046d","bbox":[-91.8152,42.3537,-91.7982,42.3629]},{"type":"Feature","geometry":{"coordinates":[[-91.7764,42.3914],[-91.7764,42.3914],[-91.7777,42.3871],[-91.7796,42.3829],[-91.7819,42.3789],[-91.7841,42.3758]],"type":"LineString"},"properties":{"lineWidth":3,"hideLine":false,"widthScale":"mtrs","stroke-width":2,"name":"LineString 146","id":"1356f081-f6c3-4871-85ef-2818e0a2c787","isHidden":false,"distance":1.8547554399689485,"fill":"#000000","fill-opacity":0,"stroke":"#555555","stroke-opacity":1},"id":"1356f081-f6c3-4871-85ef-2818e0a2c787","bbox":[-91.7841,42.3758,-91.7764,42.3914]},{"type":"Feature","geometry":{"coordinates":[[-91.783,42.4238],[-91.7814,42.4214],[-91.7791,42.4173],[-91.7774,42.4131],[-91.7762,42.4088],[-91.776,42.408]],"type":"LineString"},"properties":{"lineWidth":3,"hideLine":false,"widthScale":"mtrs","stroke-width":2,"name":"LineString 145","id":"7f4ec818-46bc-453e-b186-b1202ed28c42","isHidden":false,"distance":1.856948396901711,"fill":"#000000","fill-opacity":0,"stroke":"#555555","stroke-opacity":1},"id":"7f4ec818-46bc-453e-b186-b1202ed28c42","bbox":[-91.783,42.408,-91.776,42.4238]},{"type":"Feature","geometry":{"coordinates":[[-91.8151,42.4463],[-91.814,42.446],[-91.8088,42.4439],[-91.8038,42.4415],[-91.7991,42.4388],[-91.7965,42.437]],"type":"LineString"},"properties":{"lineWidth":3,"hideLine":false,"widthScale":"mtrs","stroke-width":2,"name":"LineString 144","id":"fb0b1dcc-45eb-498a-94bf-1dc982bd81e1","isHidden":false,"distance":1.8533703926310139,"fill":"#000000","fill-opacity":0,"stroke":"#555555","stroke-opacity":1},"id":"fb0b1dcc-45eb-498a-94bf-1dc982bd81e1","bbox":[-91.8151,42.437,-91.7965,42.4463]},{"type":"Feature","geometry":{"coordinates":[[-91.859,42.4495],[-91.8546,42.4502],[-91.8487,42.4507],[-91.8428,42.4509],[-91.8368,42.4506],[-91.8367,42.4506]],"type":"LineString"},"properties":{"lineWidth":3,"hideLine":false,"widthScale":"mtrs","stroke-width":2,"name":"LineString 143","id":"d92fbf77-2018-412b-bd46-3bb8f39588b1","isHidden":false,"distance":1.8427540646101506,"fill":"#000000","fill-opacity":0,"stroke":"#555555","stroke-opacity":1},"id":"d92fbf77-2018-412b-bd46-3bb8f39588b1","bbox":[-91.859,42.4495,-91.8367,42.4509]},{"type":"Feature","geometry":{"coordinates":[[-91.8965,42.4321],[-91.8952,42.4332],[-91.8912,42.4365],[-91.8867,42.4394],[-91.882,42.442],[-91.8797,42.4431]],"type":"LineString"},"properties":{"lineWidth":3,"hideLine":false,"widthScale":"mtrs","stroke-width":2,"name":"LineString 142","id":"be1dc8b5-1224-4942-8920-ddbc925f199c","isHidden":false,"distance":1.8518238140889272,"fill":"#000000","fill-opacity":0,"stroke":"#555555","stroke-opacity":1},"id":"be1dc8b5-1224-4942-8920-ddbc925f199c","bbox":[-91.8965,42.4321,-91.8797,42.4431]},{"type":"Feature","geometry":{"coordinates":[[-91.9115,42.4013],[-91.9113,42.4054],[-91.9104,42.4097],[-91.9091,42.414],[-91.9075,42.4176]],"type":"LineString"},"properties":{"lineWidth":3,"hideLine":false,"widthScale":"mtrs","stroke-width":2,"name":"LineString 141","id":"e49b99cf-1332-41d3-a891-b994ff984113","isHidden":false,"distance":1.851216059058066,"fill":"#000000","fill-opacity":0,"stroke":"#555555","stroke-opacity":1},"id":"e49b99cf-1332-41d3-a891-b994ff984113","bbox":[-91.9115,42.4013,-91.9075,42.4176]},{"type":"Feature","geometry":{"coordinates":[[-91.8977,42.3702],[-91.8996,42.3721],[-91.9027,42.3758],[-91.9054,42.3797],[-91.9077,42.3838],[-91.9081,42.3849]],"type":"LineString"},"properties":{"lineWidth":3,"hideLine":false,"widthScale":"mtrs","stroke-width":2,"name":"LineString 140","id":"7c81839f-2210-4504-b62f-2d3c6470309b","isHidden":false,"distance":1.8537540390521206,"fill":"#000000","fill-opacity":0,"stroke":"#555555","stroke-opacity":1},"id":"7c81839f-2210-4504-b62f-2d3c6470309b","bbox":[-91.9081,42.3702,-91.8977,42.3849]},{"type":"Feature","geometry":{"coordinates":[[-91.9114,42.3488],[-91.9111,42.3491],[-91.907,42.3523],[-91.9026,42.3552],[-91.8979,42.3579],[-91.8943,42.3596]],"type":"LineString"},"properties":{"lineWidth":3,"hideLine":false,"widthScale":"mtrs","stroke-width":2,"name":"LineString 139","id":"e3918f10-f80e-4260-92c6-fdd633905cae","isHidden":false,"distance":1.8561887672473176,"fill":"#000000","fill-opacity":0,"stroke":"#555555","stroke-opacity":1},"id":"e3918f10-f80e-4260-92c6-fdd633905cae","bbox":[-91.9114,42.3488,-91.8943,42.3596]},{"type":"Feature","geometry":{"coordinates":[[-91.9416,42.3248],[-91.9383,42.3279],[-91.9342,42.3312],[-91.9298,42.3341],[-91.9257,42.3364]],"type":"LineString"},"properties":{"lineWidth":3,"hideLine":false,"widthScale":"mtrs","stroke-width":2,"name":"LineString 138","id":"a8ecdb0b-bee8-489d-b026-67430d85528b","isHidden":false,"distance":1.8445198651629724,"fill":"#000000","fill-opacity":0,"stroke":"#555555","stroke-opacity":1},"id":"a8ecdb0b-bee8-489d-b026-67430d85528b","bbox":[-91.9416,42.3248,-91.9257,42.3364]},{"type":"Feature","geometry":{"coordinates":[[-91.9544,42.2934],[-91.9545,42.2956],[-91.9542,42.3],[-91.9534,42.3044],[-91.9521,42.3087],[-91.9515,42.3099]],"type":"LineString"},"properties":{"lineWidth":3,"hideLine":false,"widthScale":"mtrs","stroke-width":2,"name":"LineString 137","id":"731f61b4-0243-4a37-8b45-20399ed12949","isHidden":false,"distance":1.8605178269505636,"fill":"#000000","fill-opacity":0,"stroke":"#555555","stroke-opacity":1},"id":"731f61b4-0243-4a37-8b45-20399ed12949","bbox":[-91.9545,42.2934,-91.9515,42.3099]},{"type":"Feature","geometry":{"coordinates":[[-91.9386,42.2629],[-91.9389,42.2632],[-91.9425,42.2667],[-91.9456,42.2704],[-91.9483,42.2743],[-91.9499,42.2772]],"type":"LineString"},"properties":{"lineWidth":3,"hideLine":false,"widthScale":"mtrs","stroke-width":2,"name":"LineString 136","id":"c82c7ec7-2a64-4428-83f5-9aa354e31965","isHidden":false,"distance":1.850236683329193,"fill":"#000000","fill-opacity":0,"stroke":"#555555","stroke-opacity":1},"id":"c82c7ec7-2a64-4428-83f5-9aa354e31965","bbox":[-91.9499,42.2629,-91.9386,42.2772]},{"type":"Feature","geometry":{"coordinates":[[-91.9008,42.2461],[-91.9045,42.2467],[-91.9102,42.2481],[-91.9156,42.2498],[-91.9209,42.2518],[-91.9216,42.2522]],"type":"LineString"},"properties":{"lineWidth":3,"hideLine":false,"widthScale":"mtrs","stroke-width":2,"name":"LineString 135","id":"b3a4a4ea-1d74-43b1-9e0d-85f9207baeef","isHidden":false,"distance":1.8515447737367694,"fill":"#000000","fill-opacity":0,"stroke":"#555555","stroke-opacity":1},"id":"b3a4a4ea-1d74-43b1-9e0d-85f9207baeef","bbox":[-91.9216,42.2461,-91.9008,42.2522]},{"type":"Feature","geometry":{"coordinates":[[-91.857,42.2499],[-91.8581,42.2495],[-91.8636,42.2478],[-91.8693,42.2465],[-91.8751,42.2456],[-91.8785,42.2453]],"type":"LineString"},"properties":{"lineWidth":3,"hideLine":false,"widthScale":"mtrs","stroke-width":2,"name":"LineString 134","id":"06443e87-dfa5-4779-9906-b110a1094cee","isHidden":false,"distance":1.8520533803087629,"fill":"#000000","fill-opacity":0,"stroke":"#555555","stroke-opacity":1},"id":"06443e87-dfa5-4779-9906-b110a1094cee","bbox":[-91.8785,42.2453,-91.857,42.2499]},{"type":"Feature","geometry":{"coordinates":[[-91.8255,42.2728],[-91.8277,42.2698],[-91.8309,42.2661],[-91.8346,42.2626],[-91.8386,42.2594],[-91.8387,42.2593]],"type":"LineString"},"properties":{"lineWidth":3,"hideLine":false,"widthScale":"mtrs","stroke-width":2,"name":"LineString 133","id":"b1d98000-1261-4722-aa39-9abed5cbb800","isHidden":false,"distance":1.8607045431442297,"fill":"#000000","fill-opacity":0,"stroke":"#555555","stroke-opacity":1},"id":"b1d98000-1261-4722-aa39-9abed5cbb800","bbox":[-91.8387,42.2593,-91.8255,42.2728]},{"type":"Feature","geometry":{"coordinates":[[-92.1499,42.3901],[-92.1492,42.3889],[-92.148,42.3868],[-92.1479,42.3866],[-92.1465,42.3849],[-92.1452,42.3831],[-92.1449,42.3827]],"type":"LineString"},"properties":{"lineWidth":3,"hideLine":false,"widthScale":"mtrs","stroke-width":2,"name":"LineString 132","id":"9834bb19-f378-479e-9fc9-7997c4682c76","isHidden":false,"distance":0.9214076514529149,"fill":"#000000","fill-opacity":0,"stroke":"#555555","stroke-opacity":1},"id":"9834bb19-f378-479e-9fc9-7997c4682c76","bbox":[-92.1499,42.3827,-92.1449,42.3901]},{"type":"Feature","geometry":{"coordinates":[[-92.1526,42.4228],[-92.153,42.4217],[-92.1536,42.4195],[-92.1542,42.4176],[-92.1542,42.4173],[-92.1546,42.4151],[-92.1549,42.4131],[-92.1549,42.4129],[-92.1549,42.4127],[-92.155,42.4107],[-92.1551,42.4086],[-92.155,42.4084],[-92.155,42.4082],[-92.1549,42.4063]],"type":"LineString"},"properties":{"lineWidth":3,"hideLine":false,"widthScale":"mtrs","stroke-width":2,"name":"LineString 131","id":"6d914b96-3751-45e6-9c11-2cec1bf69619","isHidden":false,"distance":1.8550986814152086,"fill":"#000000","fill-opacity":0,"stroke":"#555555","stroke-opacity":1},"id":"6d914b96-3751-45e6-9c11-2cec1bf69619","bbox":[-92.1551,42.4063,-92.1526,42.4228]},{"type":"Feature","geometry":{"coordinates":[[-92.1279,42.45],[-92.1289,42.4494],[-92.1312,42.448],[-92.1334,42.4465],[-92.1354,42.4451],[-92.1356,42.445],[-92.1376,42.4433],[-92.1396,42.4416],[-92.1398,42.4414],[-92.1414,42.4398],[-92.1432,42.438],[-92.1433,42.4379]],"type":"LineString"},"properties":{"lineWidth":3,"hideLine":false,"widthScale":"mtrs","stroke-width":2,"name":"LineString 130","id":"26390fd8-d4b0-4c2c-b9d4-efd8a85dcb3d","isHidden":false,"distance":1.8541661114154246,"fill":"#000000","fill-opacity":0,"stroke":"#555555","stroke-opacity":1},"id":"26390fd8-d4b0-4c2c-b9d4-efd8a85dcb3d","bbox":[-92.1433,42.4379,-92.1279,42.45]},{"type":"Feature","geometry":{"coordinates":[[-92.0861,42.4606],[-92.0866,42.4607],[-92.0869,42.4606],[-92.0872,42.4606],[-92.0899,42.4605],[-92.0926,42.4604],[-92.0929,42.4604],[-92.0932,42.4603],[-92.0959,42.46],[-92.0989,42.4597],[-92.0992,42.4597],[-92.1019,42.4592],[-92.1048,42.4586],[-92.1051,42.4586],[-92.1077,42.4579],[-92.1082,42.4578]],"type":"LineString"},"properties":{"lineWidth":3,"hideLine":false,"widthScale":"mtrs","stroke-width":2,"name":"LineString 129","id":"9bf4c552-fe4f-4fce-9aa4-56f7811d684b","isHidden":false,"distance":1.8558277206783562,"fill":"#000000","fill-opacity":0,"stroke":"#555555","stroke-opacity":1},"id":"9bf4c552-fe4f-4fce-9aa4-56f7811d684b","bbox":[-92.1082,42.4578,-92.0861,42.4607]},{"type":"Feature","geometry":{"coordinates":[[-92.044,42.4599],[-92.0484,42.4579],[-92.0533,42.4553],[-92.0641,42.4577]],"type":"LineString"},"properties":{"lineWidth":3,"hideLine":false,"widthScale":"mtrs","stroke-width":2,"name":"LineString 128","id":"3a3125e3-84b3-4755-83ac-34da912c4567","isHidden":false,"distance":1.8444548497176885,"fill":"#000000","fill-opacity":0,"stroke":"#555555","stroke-opacity":1},"id":"3a3125e3-84b3-4755-83ac-34da912c4567","bbox":[-92.0641,42.4553,-92.044,42.4599]},{"type":"Feature","geometry":{"coordinates":[[-92.0005,42.4661],[-92.002,42.4662],[-92.0081,42.4665],[-92.0142,42.4664],[-92.0202,42.466],[-92.0229,42.4656]],"type":"LineString"},"properties":{"lineWidth":3,"hideLine":false,"widthScale":"mtrs","stroke-width":2,"name":"LineString 127","id":"0a611ef0-fe1e-4067-a88f-81680797e126","isHidden":false,"distance":1.8455423898816457,"fill":"#000000","fill-opacity":0,"stroke":"#555555","stroke-opacity":1},"id":"0a611ef0-fe1e-4067-a88f-81680797e126","bbox":[-92.0229,42.4656,-92.0005,42.4665]},{"type":"Feature","geometry":{"coordinates":[[-91.9608,42.4517],[-91.9637,42.4537],[-91.9684,42.4565],[-91.9735,42.459],[-91.9788,42.4612],[-91.9791,42.4613]],"type":"LineString"},"properties":{"lineWidth":3,"hideLine":false,"widthScale":"mtrs","stroke-width":2,"name":"LineString 126","id":"34b12113-b5d5-4bcc-a94a-898418bc189e","isHidden":false,"distance":1.8494767774756162,"fill":"#000000","fill-opacity":0,"stroke":"#555555","stroke-opacity":1},"id":"34b12113-b5d5-4bcc-a94a-898418bc189e","bbox":[-91.9791,42.4517,-91.9608,42.4613]},{"type":"Feature","geometry":{"coordinates":[[-91.9407,42.4225],[-91.9408,42.4228],[-91.942,42.4272],[-91.9437,42.4316],[-91.9458,42.4357],[-91.9476,42.4383]],"type":"LineString"},"properties":{"lineWidth":3,"hideLine":false,"widthScale":"mtrs","stroke-width":2,"name":"LineString 125","id":"942e2548-861d-4b6a-956a-d9490e3743c3","isHidden":false,"distance":1.8542383755151106,"fill":"#000000","fill-opacity":0,"stroke":"#555555","stroke-opacity":1},"id":"942e2548-861d-4b6a-956a-d9490e3743c3","bbox":[-91.9476,42.4225,-91.9407,42.4383]},{"type":"Feature","geometry":{"coordinates":[[-91.9487,42.3903],[-91.9472,42.3922],[-91.9448,42.3963],[-91.9428,42.4006],[-91.9413,42.405],[-91.9412,42.4059]],"type":"LineString"},"properties":{"lineWidth":3,"hideLine":false,"widthScale":"mtrs","stroke-width":2,"name":"LineString 124","id":"f5b2b7a9-7370-4969-beab-d1d3eab1377c","isHidden":false,"distance":1.8517298914670834,"fill":"#000000","fill-opacity":0,"stroke":"#555555","stroke-opacity":1},"id":"f5b2b7a9-7370-4969-beab-d1d3eab1377c","bbox":[-91.9487,42.3903,-91.9412,42.4059]},{"type":"Feature","geometry":{"coordinates":[[-91.9812,42.3681],[-91.9763,42.3699],[-91.9711,42.3722],[-91.9662,42.3749],[-91.9625,42.3772]],"type":"LineString"},"properties":{"lineWidth":3,"hideLine":false,"widthScale":"mtrs","stroke-width":2,"name":"LineString 123","id":"06ea3193-93e0-4675-a2a2-b7c5f63ed4f1","isHidden":false,"distance":1.846824469066064,"fill":"#000000","fill-opacity":0,"stroke":"#555555","stroke-opacity":1},"id":"06ea3193-93e0-4675-a2a2-b7c5f63ed4f1","bbox":[-91.9812,42.3681,-91.9625,42.3772]},{"type":"Feature","geometry":{"coordinates":[[-92.0252,42.3649],[-92.0234,42.3646],[-92.0174,42.3639],[-92.0114,42.3636],[-92.0053,42.3637],[-92.0028,42.3639]],"type":"LineString"},"properties":{"lineWidth":3,"hideLine":false,"widthScale":"mtrs","stroke-width":2,"name":"LineString 122","id":"9340d50e-915a-40c4-be54-ef608f1d3a81","isHidden":false,"distance":1.852652934357212,"fill":"#000000","fill-opacity":0,"stroke":"#555555","stroke-opacity":1},"id":"9340d50e-915a-40c4-be54-ef608f1d3a81","bbox":[-92.0252,42.3636,-92.0028,42.3649]},{"type":"Feature","geometry":{"coordinates":[[-92.0661,42.3608],[-92.0643,42.3612],[-92.0584,42.3627],[-92.0527,42.3646],[-92.0473,42.3669],[-92.0457,42.3677]],"type":"LineString"},"properties":{"lineWidth":3,"hideLine":false,"widthScale":"mtrs","stroke-width":2,"name":"LineString 121","id":"67cfc270-c579-4b08-8a56-72d202e3ee93","isHidden":false,"distance":1.8516571100624148,"fill":"#000000","fill-opacity":0,"stroke":"#555555","stroke-opacity":1},"id":"67cfc270-c579-4b08-8a56-72d202e3ee93","bbox":[-92.0661,42.3608,-92.0457,42.3677]},{"type":"Feature","geometry":{"coordinates":[[-92.1103,42.3623],[-92.1074,42.3615],[-92.1014,42.3603],[-92.0952,42.3594],[-92.089,42.359],[-92.0884,42.359]],"type":"LineString"},"properties":{"lineWidth":3,"hideLine":false,"widthScale":"mtrs","stroke-width":2,"name":"LineString 120","id":"86640f3f-564f-4ddd-9a55-6548a11829d6","isHidden":false,"distance":1.8448837623424585,"fill":"#000000","fill-opacity":0,"stroke":"#555555","stroke-opacity":1},"id":"86640f3f-564f-4ddd-9a55-6548a11829d6","bbox":[-92.1103,42.359,-92.0884,42.3623]},{"type":"Feature","geometry":{"coordinates":[[-92.1449,42.3827],[-92.1424,42.38],[-92.1384,42.3765],[-92.1341,42.3732],[-92.1298,42.3705]],"type":"LineString"},"properties":{"lineWidth":3,"hideLine":false,"widthScale":"mtrs","stroke-width":2,"name":"LineString 119","id":"3a217803-17ac-4411-9ab6-017c969bfcb8","isHidden":false,"distance":1.845983347234618,"fill":"#000000","fill-opacity":0,"stroke":"#555555","stroke-opacity":1},"id":"3a217803-17ac-4411-9ab6-017c969bfcb8","bbox":[-92.1449,42.3705,-92.1298,42.3827]},{"type":"Feature","geometry":{"coordinates":[[-91.6287,41.8142],[-91.6154,41.824]],"type":"LineString"},"properties":{"lineWidth":3,"hideLine":false,"widthScale":"mtrs","stroke-width":2,"name":"LineString 118","id":"96f5d584-9a6b-4574-999b-fa3cc1a29ca1","isHidden":false,"distance":1.5499065229678093,"fill":"#000000","fill-opacity":0,"stroke":"#555555","stroke-opacity":1},"id":"96f5d584-9a6b-4574-999b-fa3cc1a29ca1","bbox":[-91.6287,41.8142,-91.6154,41.824]},{"type":"Feature","geometry":{"coordinates":[[-91.5756,41.8756],[-91.5754,41.8898]],"type":"LineString"},"properties":{"lineWidth":3,"hideLine":false,"widthScale":"mtrs","stroke-width":2,"name":"LineString 117","id":"c61707ac-e376-4b95-ac0c-4563f89e73f2","isHidden":false,"distance":1.5790569473731906,"fill":"#000000","fill-opacity":0,"stroke":"#555555","stroke-opacity":1},"id":"c61707ac-e376-4b95-ac0c-4563f89e73f2","bbox":[-91.5756,41.8756,-91.5754,41.8898]},{"type":"Feature","geometry":{"coordinates":[[-91.7985,41.9451],[-91.7846,41.955]],"type":"LineString"},"properties":{"lineWidth":3,"hideLine":false,"widthScale":"mtrs","stroke-width":2,"name":"LineString 116","id":"7ed83a20-9989-4234-8610-81ac817b1f3a","isHidden":false,"distance":1.5916070542499394,"fill":"#000000","fill-opacity":0,"stroke":"#555555","stroke-opacity":1},"id":"7ed83a20-9989-4234-8610-81ac817b1f3a","bbox":[-91.7985,41.9451,-91.7846,41.955]},{"type":"Feature","geometry":{"coordinates":[[-91.8396,41.8788],[-91.8394,41.8929]],"type":"LineString"},"properties":{"lineWidth":3,"hideLine":false,"widthScale":"mtrs","stroke-width":2,"name":"LineString 115","id":"3b6f1271-4fbc-4dbb-9e86-ee2f5c66e0a8","isHidden":false,"distance":1.5679380463556831,"fill":"#000000","fill-opacity":0,"stroke":"#555555","stroke-opacity":1},"id":"3b6f1271-4fbc-4dbb-9e86-ee2f5c66e0a8","bbox":[-91.8396,41.8788,-91.8394,41.8929]},{"type":"Feature","geometry":{"coordinates":[[-91.1828,41.5925],[-91.1711,41.5868]],"type":"LineString"},"properties":{"lineWidth":3,"hideLine":false,"widthScale":"mtrs","stroke-width":2,"name":"LineString 114","id":"1602f00b-c445-4fa5-a21a-b12cfde5c57c","isHidden":false,"distance":1.1612499589115493,"fill":"#000000","fill-opacity":0,"stroke":"#555555","stroke-opacity":1},"id":"1602f00b-c445-4fa5-a21a-b12cfde5c57c","bbox":[-91.1828,41.5868,-91.1711,41.5925]},{"type":"Feature","geometry":{"coordinates":[[-91.1828,41.5925],[-91.1691,41.5949]],"type":"LineString"},"properties":{"lineWidth":3,"hideLine":false,"widthScale":"mtrs","stroke-width":2,"name":"LineString 113","id":"27ad49b3-f869-4470-9e1e-05f1196b4040","isHidden":false,"distance":1.1701247611725587,"fill":"#000000","fill-opacity":0,"stroke":"#555555","stroke-opacity":1},"id":"27ad49b3-f869-4470-9e1e-05f1196b4040","bbox":[-91.1828,41.5925,-91.1691,41.5949]},{"type":"Feature","geometry":{"coordinates":[[-91.1943,41.5983],[-91.1828,41.5925]],"type":"LineString"},"properties":{"lineWidth":3,"hideLine":false,"widthScale":"mtrs","stroke-width":2,"name":"LineString 112","id":"e05f301f-ab2f-4013-bd84-5a87f0b9c6c6","isHidden":false,"distance":1.153458061215802,"fill":"#000000","fill-opacity":0,"stroke":"#555555","stroke-opacity":1},"id":"e05f301f-ab2f-4013-bd84-5a87f0b9c6c6","bbox":[-91.1943,41.5925,-91.1828,41.5983]},{"type":"Feature","geometry":{"coordinates":[[-91.1962,41.5903],[-91.1828,41.5925]],"type":"LineString"},"properties":{"lineWidth":3,"hideLine":false,"widthScale":"mtrs","stroke-width":2,"name":"LineString 111","id":"328bc860-ab07-4010-b5a4-0f1cfffdc426","isHidden":false,"distance":1.1409128365903378,"fill":"#000000","fill-opacity":0,"stroke":"#555555","stroke-opacity":1},"id":"328bc860-ab07-4010-b5a4-0f1cfffdc426","bbox":[-91.1962,41.5903,-91.1828,41.5925]},{"type":"Feature","geometry":{"coordinates":[[-91.0233,41.7523],[-91.122,41.7135]],"type":"LineString"},"properties":{"lineWidth":3,"hideLine":false,"widthScale":"mtrs","stroke-width":2,"name":"LineString 110","id":"f9d93a0c-66da-4e13-81a0-28c5a4d3da62","isHidden":false,"distance":9.256993864438032,"fill":"#000000","fill-opacity":0,"stroke":"#555555","stroke-opacity":1},"id":"f9d93a0c-66da-4e13-81a0-28c5a4d3da62","bbox":[-91.122,41.7135,-91.0233,41.7523]},{"type":"Feature","geometry":{"coordinates":[[-90.9501,41.7809],[-90.9747,41.7713]],"type":"LineString"},"properties":{"lineWidth":3,"hideLine":false,"widthScale":"mtrs","stroke-width":2,"name":"LineString 109","id":"84d1ad05-964b-4ed4-a3d0-44ca7a3a03d5","isHidden":false,"distance":2.3023534445724847,"fill":"#000000","fill-opacity":0,"stroke":"#555555","stroke-opacity":1},"id":"84d1ad05-964b-4ed4-a3d0-44ca7a3a03d5","bbox":[-90.9747,41.7713,-90.9501,41.7809]},{"type":"Feature","geometry":{"coordinates":[[-90.949,41.7742],[-90.9755,41.7779]],"type":"LineString"},"properties":{"lineWidth":3,"hideLine":false,"widthScale":"mtrs","stroke-width":2,"name":"LineString 108","id":"5756e86b-16e3-4fcc-9d17-5d77c6ae32df","isHidden":false,"distance":2.235674432486933,"fill":"#000000","fill-opacity":0,"stroke":"#555555","stroke-opacity":1},"id":"5756e86b-16e3-4fcc-9d17-5d77c6ae32df","bbox":[-90.9755,41.7742,-90.949,41.7779]},{"type":"Feature","geometry":{"coordinates":[[-91.3108,42.1164],[-91.3341,42.1053]],"type":"LineString"},"properties":{"lineWidth":3,"hideLine":false,"widthScale":"mtrs","stroke-width":2,"name":"LineString 107","id":"6c952415-654f-4516-8554-64242af7ffb0","isHidden":false,"distance":2.2841968789019234,"fill":"#000000","fill-opacity":0,"stroke":"#555555","stroke-opacity":1},"id":"6c952415-654f-4516-8554-64242af7ffb0","bbox":[-91.3341,42.1053,-91.3108,42.1164]},{"type":"Feature","geometry":{"coordinates":[[-91.333,42.116],[-91.3108,42.1055]],"type":"LineString"},"properties":{"lineWidth":3,"hideLine":false,"widthScale":"mtrs","stroke-width":2,"name":"LineString 106","id":"aa5daf95-95db-405b-aa31-4140c38c49a1","isHidden":false,"distance":2.171808986566427,"fill":"#000000","fill-opacity":0,"stroke":"#555555","stroke-opacity":1},"id":"aa5daf95-95db-405b-aa31-4140c38c49a1","bbox":[-91.333,42.1055,-91.3108,42.116]},{"type":"Feature","geometry":{"coordinates":[[-91.5527,41.6418],[-91.5409,41.6358]],"type":"LineString"},"properties":{"lineWidth":3,"hideLine":false,"widthScale":"mtrs","stroke-width":2,"name":"LineString 105","id":"85a3e0e8-cfcc-445a-8d81-13dfccf0e1ae","isHidden":false,"distance":1.1860384807476148,"fill":"#000000","fill-opacity":0,"stroke":"#555555","stroke-opacity":1},"id":"85a3e0e8-cfcc-445a-8d81-13dfccf0e1ae","bbox":[-91.5527,41.6358,-91.5409,41.6418]},{"type":"Feature","geometry":{"coordinates":[[-91.5577,41.6382],[-91.5404,41.6427]],"type":"LineString"},"properties":{"lineWidth":3,"hideLine":false,"widthScale":"mtrs","stroke-width":2,"name":"LineString 104","id":"6bc73cbe-8c73-432c-bfbe-3254d262127b","isHidden":false,"distance":1.5222104322613657,"fill":"#000000","fill-opacity":0,"stroke":"#555555","stroke-opacity":1},"id":"6bc73cbe-8c73-432c-bfbe-3254d262127b","bbox":[-91.5577,41.6382,-91.5404,41.6427]},{"type":"Feature","geometry":{"coordinates":[[-91.7151,41.8911],[-91.6992,41.8788]],"type":"LineString"},"properties":{"lineWidth":3,"hideLine":false,"widthScale":"mtrs","stroke-width":2,"name":"LineString 103","id":"754d308a-f885-4234-86fe-8561df876e28","isHidden":false,"distance":1.898190472198428,"fill":"#000000","fill-opacity":0,"stroke":"#555555","stroke-opacity":1},"id":"754d308a-f885-4234-86fe-8561df876e28","bbox":[-91.7151,41.8788,-91.6992,41.8911]},{"type":"Feature","geometry":{"coordinates":[[-91.7291,41.8846],[-91.6975,41.8842]],"type":"LineString"},"properties":{"lineWidth":3,"hideLine":false,"widthScale":"mtrs","stroke-width":2,"name":"LineString 102","id":"e291c2ab-d76d-489a-95f8-c85cac05cf28","isHidden":false,"distance":2.6163524073281255,"fill":"#000000","fill-opacity":0,"stroke":"#555555","stroke-opacity":1},"id":"e291c2ab-d76d-489a-95f8-c85cac05cf28","bbox":[-91.7291,41.8842,-91.6975,41.8846]},{"type":"Feature","geometry":{"coordinates":[[-91.6184,41.7301],[-91.6171,41.7305],[-91.6159,41.731],[-91.6146,41.7315],[-91.6133,41.7319],[-91.612,41.7324],[-91.6107,41.7329],[-91.6095,41.7334],[-91.6082,41.7339],[-91.607,41.7344],[-91.6057,41.7349],[-91.6045,41.7355],[-91.6032,41.736],[-91.602,41.7365],[-91.6007,41.7371],[-91.5995,41.7376]],"type":"LineString"},"properties":{"lineWidth":3,"hideLine":false,"widthScale":"mtrs","stroke-width":2,"name":"LineString 101","id":"592af42f-d303-438a-b422-4f734a052851","isHidden":false,"distance":1.7784305641606468,"fill":"#000000","fill-opacity":0,"stroke":"#555555","stroke-opacity":1},"id":"592af42f-d303-438a-b422-4f734a052851","bbox":[-91.6184,41.7301,-91.5995,41.7376]},{"type":"Feature","geometry":{"coordinates":[[-91.5179,41.801],[-91.5172,41.8019],[-91.5165,41.8029],[-91.5159,41.8038],[-91.5152,41.8048],[-91.5146,41.8057],[-91.5139,41.8066],[-91.5133,41.8076],[-91.5127,41.8085],[-91.5121,41.8095],[-91.5115,41.8105],[-91.5109,41.8114],[-91.5103,41.8124],[-91.5097,41.8133],[-91.5091,41.8143],[-91.5086,41.8153]],"type":"LineString"},"properties":{"lineWidth":3,"hideLine":false,"widthScale":"mtrs","stroke-width":2,"name":"LineString 100","id":"e11467e5-619a-4012-999c-c99551a9be80","isHidden":false,"distance":1.7686618349459367,"fill":"#000000","fill-opacity":0,"stroke":"#555555","stroke-opacity":1},"id":"e11467e5-619a-4012-999c-c99551a9be80","bbox":[-91.5179,41.801,-91.5086,41.8153]},{"type":"Feature","geometry":{"coordinates":[[-91.7938,42.0361],[-91.7951,42.0358],[-91.7964,42.0354],[-91.7978,42.035],[-91.7991,42.0345],[-91.8004,42.0341],[-91.8017,42.0337],[-91.8031,42.0333],[-91.8044,42.0329],[-91.8057,42.0324],[-91.807,42.032],[-91.8083,42.0315],[-91.8096,42.0311],[-91.8109,42.0306],[-91.8122,42.0301],[-91.8135,42.0296]],"type":"LineString"},"properties":{"lineWidth":3,"hideLine":false,"widthScale":"mtrs","stroke-width":2,"name":"LineString 99","id":"64cda5d3-2526-4cbd-9dee-db613b8ad7be","isHidden":false,"distance":1.7829605221198113,"fill":"#000000","fill-opacity":0,"stroke":"#555555","stroke-opacity":1},"id":"64cda5d3-2526-4cbd-9dee-db613b8ad7be","bbox":[-91.8135,42.0296,-91.7938,42.0361]},{"type":"Feature","geometry":{"coordinates":[[-91.9016,41.9702],[-91.9024,41.9693],[-91.9032,41.9684],[-91.9039,41.9675],[-91.9046,41.9665],[-91.9054,41.9656],[-91.9061,41.9647],[-91.9068,41.9638],[-91.9075,41.9628],[-91.9082,41.9619],[-91.9089,41.961],[-91.9096,41.96],[-91.9103,41.9591],[-91.911,41.9581],[-91.9116,41.9572],[-91.9123,41.9562]],"type":"LineString"},"properties":{"lineWidth":3,"hideLine":false,"widthScale":"mtrs","stroke-width":2,"name":"LineString 98","id":"d70f36ac-c52f-43e1-a6a6-f779fd0051e9","isHidden":false,"distance":1.7919927503096627,"fill":"#000000","fill-opacity":0,"stroke":"#555555","stroke-opacity":1},"id":"d70f36ac-c52f-43e1-a6a6-f779fd0051e9","bbox":[-91.9123,41.9562,-91.9016,41.9702]},{"type":"Feature","geometry":{"coordinates":[[-91.9298,41.8406],[-91.9294,41.8396],[-91.9291,41.8386],[-91.9287,41.8375],[-91.9283,41.8365],[-91.928,41.8355],[-91.9276,41.8345],[-91.9272,41.8335],[-91.9268,41.8325],[-91.9263,41.8314],[-91.9259,41.8304],[-91.9255,41.8294],[-91.925,41.8284],[-91.9246,41.8274],[-91.9241,41.8264],[-91.9237,41.8254]],"type":"LineString"},"properties":{"lineWidth":3,"hideLine":false,"widthScale":"mtrs","stroke-width":2,"name":"LineString 97","id":"32ed9f59-cce8-455a-b2c2-df5f956564e4","isHidden":false,"distance":1.7653220848709978,"fill":"#000000","fill-opacity":0,"stroke":"#555555","stroke-opacity":1},"id":"32ed9f59-cce8-455a-b2c2-df5f956564e4","bbox":[-91.9298,41.8254,-91.9237,41.8406]},{"type":"Feature","geometry":{"coordinates":[[-91.9182,41.9468],[-91.9188,41.9458],[-91.9193,41.9448],[-91.9199,41.9438],[-91.9204,41.9428],[-91.9209,41.9418],[-91.9215,41.9408],[-91.922,41.9398],[-91.9225,41.9388],[-91.923,41.9378],[-91.9235,41.9368],[-91.9239,41.9358],[-91.9244,41.9348],[-91.9249,41.9338],[-91.9253,41.9328],[-91.9258,41.9317]],"type":"LineString"},"properties":{"lineWidth":3,"hideLine":false,"widthScale":"mtrs","stroke-width":2,"name":"LineString 96","id":"0f005d93-5b5b-46de-9700-b456828006b2","isHidden":false,"distance":1.7941737257224375,"fill":"#000000","fill-opacity":0,"stroke":"#555555","stroke-opacity":1},"id":"0f005d93-5b5b-46de-9700-b456828006b2","bbox":[-91.9258,41.9317,-91.9182,41.9468]},{"type":"Feature","geometry":{"coordinates":[[-91.506,41.82],[-91.5054,41.821],[-91.5049,41.822],[-91.5044,41.823],[-91.5039,41.824],[-91.5035,41.825],[-91.503,41.826],[-91.5025,41.827],[-91.5021,41.828],[-91.5016,41.829],[-91.5012,41.83],[-91.5008,41.831],[-91.5003,41.8321],[-91.4999,41.8331],[-91.4995,41.8341],[-91.4991,41.8351]],"type":"LineString"},"properties":{"lineWidth":3,"hideLine":false,"widthScale":"mtrs","stroke-width":2,"name":"LineString 95","id":"e32ab8bc-a972-4825-b2d1-e6a93c966547","isHidden":false,"distance":1.7751231800448142,"fill":"#000000","fill-opacity":0,"stroke":"#555555","stroke-opacity":1},"id":"e32ab8bc-a972-4825-b2d1-e6a93c966547","bbox":[-91.506,41.82,-91.4991,41.8351]},{"type":"Feature","geometry":{"coordinates":[[-91.4991,41.9266],[-91.4995,41.9277],[-91.4999,41.9287],[-91.5003,41.9297],[-91.5007,41.9307],[-91.5012,41.9317],[-91.5016,41.9328],[-91.5021,41.9338],[-91.5025,41.9348],[-91.503,41.9358],[-91.5035,41.9368],[-91.5039,41.9378],[-91.5044,41.9388],[-91.5049,41.9398],[-91.5054,41.9408],[-91.5059,41.9416]],"type":"LineString"},"properties":{"lineWidth":3,"hideLine":false,"widthScale":"mtrs","stroke-width":2,"name":"LineString 94","id":"d40d0dd9-21ca-4d08-9411-e17b4a0476bd","isHidden":false,"distance":1.7620543532561368,"fill":"#000000","fill-opacity":0,"stroke":"#555555","stroke-opacity":1},"id":"d40d0dd9-21ca-4d08-9411-e17b4a0476bd","bbox":[-91.5059,41.9266,-91.4991,41.9416]},{"type":"Feature","geometry":{"coordinates":[[-91.6676,41.8566],[-91.6567,41.8339]],"type":"LineString"},"properties":{"lineWidth":3,"hideLine":false,"widthScale":"mtrs","stroke-width":2,"name":"LineString 93","id":"64a436b5-33a1-4016-81bf-ffaf17142e9c","isHidden":false,"distance":2.680755312744258,"fill":"#000000","fill-opacity":0,"stroke":"#555555","stroke-opacity":1},"id":"64a436b5-33a1-4016-81bf-ffaf17142e9c","bbox":[-91.6676,41.8339,-91.6567,41.8566]},{"type":"Feature","geometry":{"coordinates":[[-91.725,41.975],[-91.7037,41.9312]],"type":"LineString"},"properties":{"lineWidth":3,"hideLine":false,"widthScale":"mtrs","stroke-width":2,"name":"LineString 92","id":"8265306a-39b8-4a35-8ad7-84c4fe087e97","isHidden":false,"distance":5.179072485530502,"fill":"#000000","fill-opacity":0,"stroke":"#555555","stroke-opacity":1},"id":"8265306a-39b8-4a35-8ad7-84c4fe087e97","bbox":[-91.725,41.9312,-91.7037,41.975]},{"type":"Feature","geometry":{"coordinates":[[-91.725,41.975],[-91.7213,42.0238]],"type":"LineString"},"properties":{"lineWidth":3,"hideLine":false,"widthScale":"mtrs","stroke-width":2,"name":"LineString 91","id":"6fe4e536-879d-4f7b-b492-56bf337a2704","isHidden":false,"distance":5.43492687822116,"fill":"#000000","fill-opacity":0,"stroke":"#555555","stroke-opacity":1},"id":"6fe4e536-879d-4f7b-b492-56bf337a2704","bbox":[-91.725,41.975,-91.7213,42.0238]},{"type":"Feature","geometry":{"coordinates":[[-91.626,41.8489],[-91.6795,41.8228]],"type":"LineString"},"properties":{"lineWidth":3,"hideLine":false,"widthScale":"mtrs","stroke-width":2,"name":"LineString 90","id":"b9a4e73e-c8d9-4440-8c09-533f44554268","isHidden":false,"distance":5.297930358995291,"fill":"#000000","fill-opacity":0,"stroke":"#555555","stroke-opacity":1},"id":"b9a4e73e-c8d9-4440-8c09-533f44554268","bbox":[-91.6795,41.8228,-91.626,41.8489]},{"type":"Feature","geometry":{"coordinates":[[-91.8182,41.7549],[-91.8287,41.7498]],"type":"LineString"},"properties":{"lineWidth":3,"hideLine":false,"widthScale":"mtrs","stroke-width":2,"name":"LineString 89","id":"277a0f11-1b3d-4320-88ab-0cc9f225d993","isHidden":false,"distance":1.0393667356286589,"fill":"#000000","fill-opacity":0,"stroke":"#555555","stroke-opacity":1},"id":"277a0f11-1b3d-4320-88ab-0cc9f225d993","bbox":[-91.8287,41.7498,-91.8182,41.7549]},{"type":"Feature","geometry":{"coordinates":[[-91.8547,41.737],[-91.8715,41.7288]],"type":"LineString"},"properties":{"lineWidth":3,"hideLine":false,"widthScale":"mtrs","stroke-width":2,"name":"LineString 88","id":"bbd00802-ba5a-4007-b78d-1842a4ecc2f9","isHidden":false,"distance":1.6657710613860228,"fill":"#000000","fill-opacity":0,"stroke":"#555555","stroke-opacity":1},"id":"bbd00802-ba5a-4007-b78d-1842a4ecc2f9","bbox":[-91.8715,41.7288,-91.8547,41.737]},{"type":"Feature","geometry":{"coordinates":[[-91.7213,41.8024],[-91.7747,41.7763]],"type":"LineString"},"properties":{"lineWidth":3,"hideLine":false,"widthScale":"mtrs","stroke-width":2,"name":"LineString 87","id":"2c8516c9-6fe1-4d0b-a131-044d3e7e8324","isHidden":false,"distance":5.293687901050187,"fill":"#000000","fill-opacity":0,"stroke":"#555555","stroke-opacity":1},"id":"2c8516c9-6fe1-4d0b-a131-044d3e7e8324","bbox":[-91.7747,41.7763,-91.7213,41.8024]},{"type":"Feature","geometry":{"coordinates":[[-91.4816,41.9191],[-91.5352,41.8931]],"type":"LineString"},"properties":{"lineWidth":3,"hideLine":false,"widthScale":"mtrs","stroke-width":2,"name":"LineString 86","id":"adc85766-e903-4deb-b005-312e6811f305","isHidden":false,"distance":5.294701404006449,"fill":"#000000","fill-opacity":0,"stroke":"#555555","stroke-opacity":1},"id":"adc85766-e903-4deb-b005-312e6811f305","bbox":[-91.5352,41.8931,-91.4816,41.9191]},{"type":"Feature","geometry":{"coordinates":[[-91.3369,41.9891],[-91.3906,41.9632]],"type":"LineString"},"properties":{"lineWidth":3,"hideLine":false,"widthScale":"mtrs","stroke-width":2,"name":"LineString 85","id":"a2a51512-cd02-4473-8b6a-53bcd9649960","isHidden":false,"distance":5.291486861507715,"fill":"#000000","fill-opacity":0,"stroke":"#555555","stroke-opacity":1},"id":"a2a51512-cd02-4473-8b6a-53bcd9649960","bbox":[-91.3906,41.9632,-91.3369,41.9891]},{"type":"Feature","geometry":{"coordinates":[[-91.0507,42.0811],[-90.9413,42.098]],"type":"LineString"},"properties":{"lineWidth":3,"hideLine":false,"widthScale":"mtrs","stroke-width":2,"name":"LineString 84","id":"cc01a00c-cbfa-46a4-8e4d-9b9af3c01166","isHidden":false,"distance":9.22094860041107,"fill":"#000000","fill-opacity":0,"stroke":"#555555","stroke-opacity":1},"id":"cc01a00c-cbfa-46a4-8e4d-9b9af3c01166","bbox":[-91.0507,42.0811,-90.9413,42.098]},{"type":"Feature","geometry":{"coordinates":[[-91.2601,42.0486],[-91.1945,42.0589]],"type":"LineString"},"properties":{"lineWidth":3,"hideLine":false,"widthScale":"mtrs","stroke-width":2,"name":"LineString 83","id":"cd0508f7-8238-4599-bd48-2450057945ad","isHidden":false,"distance":5.5359812100366765,"fill":"#000000","fill-opacity":0,"stroke":"#555555","stroke-opacity":1},"id":"cd0508f7-8238-4599-bd48-2450057945ad","bbox":[-91.2601,42.0486,-91.1945,42.0589]},{"type":"Feature","geometry":{"coordinates":[[-91.1603,41.9061],[-91.1418,41.9217]],"type":"LineString"},"properties":{"lineWidth":3,"hideLine":false,"widthScale":"mtrs","stroke-width":2,"name":"LineString 82","id":"0e82df4c-5767-430f-9cb1-e09c3bdfa7e5","isHidden":false,"distance":2.313509346933116,"fill":"#000000","fill-opacity":0,"stroke":"#555555","stroke-opacity":1},"id":"0e82df4c-5767-430f-9cb1-e09c3bdfa7e5","bbox":[-91.1603,41.9061,-91.1418,41.9217]},{"type":"Feature","geometry":{"coordinates":[[-91.1651,41.9133],[-91.1371,41.9144]],"type":"LineString"},"properties":{"lineWidth":3,"hideLine":false,"widthScale":"mtrs","stroke-width":2,"name":"LineString 81","id":"98f8ea5d-c58c-453b-ac8f-40f8840a03bc","isHidden":false,"distance":2.3201096163930783,"fill":"#000000","fill-opacity":0,"stroke":"#555555","stroke-opacity":1},"id":"98f8ea5d-c58c-453b-ac8f-40f8840a03bc","bbox":[-91.1651,41.9133,-91.1371,41.9144]},{"type":"Feature","geometry":{"coordinates":[[-91.3052,41.6419],[-91.2805,41.6517]],"type":"LineString"},"properties":{"lineWidth":3,"hideLine":false,"widthScale":"mtrs","stroke-width":2,"name":"LineString 80","id":"6446063b-8dff-445c-9b11-a372b2b6942f","isHidden":false,"distance":2.3237075817971,"fill":"#000000","fill-opacity":0,"stroke":"#555555","stroke-opacity":1},"id":"6446063b-8dff-445c-9b11-a372b2b6942f","bbox":[-91.3052,41.6419,-91.2805,41.6517]},{"type":"Feature","geometry":{"coordinates":[[-91.3045,41.6525],[-91.2812,41.6411]],"type":"LineString"},"properties":{"lineWidth":3,"hideLine":false,"widthScale":"mtrs","stroke-width":2,"name":"LineString 79","id":"9a3bd06b-c130-4e24-bf42-8b5cd1da649c","isHidden":false,"distance":2.3140997170346584,"fill":"#000000","fill-opacity":0,"stroke":"#555555","stroke-opacity":1},"id":"9a3bd06b-c130-4e24-bf42-8b5cd1da649c","bbox":[-91.3045,41.6411,-91.2812,41.6525]},{"type":"Feature","geometry":{"coordinates":[[-92.3311,41.6219],[-92.3555,41.6271]],"type":"LineString"},"properties":{"lineWidth":3,"hideLine":false,"widthScale":"mtrs","stroke-width":2,"name":"LineString 78","id":"7fea16ab-f2a0-4abf-9427-a5a4825e565a","isHidden":false,"distance":2.1089391797480195,"fill":"#000000","fill-opacity":0,"stroke":"#555555","stroke-opacity":1},"id":"7fea16ab-f2a0-4abf-9427-a5a4825e565a","bbox":[-92.3555,41.6219,-92.3311,41.6271]},{"type":"Feature","geometry":{"coordinates":[[-92.3325,41.6296],[-92.3541,41.6194]],"type":"LineString"},"properties":{"lineWidth":3,"hideLine":false,"widthScale":"mtrs","stroke-width":2,"name":"LineString 77","id":"afb58a13-787c-4ab6-8277-03ccf89971cc","isHidden":false,"distance":2.123631471965702,"fill":"#000000","fill-opacity":0,"stroke":"#555555","stroke-opacity":1},"id":"afb58a13-787c-4ab6-8277-03ccf89971cc","bbox":[-92.3541,41.6194,-92.3325,41.6296]},{"type":"Feature","geometry":{"coordinates":[[-91.9816,42.3564],[-91.948,42.2769]],"type":"LineString"},"properties":{"lineWidth":3,"hideLine":false,"widthScale":"mtrs","stroke-width":2,"name":"LineString 76","id":"21a5197e-8590-48e4-aa09-06c91c5d3931","isHidden":false,"distance":9.261639274527024,"fill":"#000000","fill-opacity":0,"stroke":"#555555","stroke-opacity":1},"id":"21a5197e-8590-48e4-aa09-06c91c5d3931","bbox":[-91.9816,42.2769,-91.948,42.3564]},{"type":"Feature","geometry":{"coordinates":[[-91.2377,41.4432],[-91.133,41.4206]],"type":"LineString"},"properties":{"lineWidth":3,"hideLine":false,"widthScale":"mtrs","stroke-width":2,"name":"LineString 75","id":"5cbcf078-10c1-47ae-ae34-b57c26b4bec8","isHidden":false,"distance":9.083151378717837,"fill":"#000000","fill-opacity":0,"stroke":"#555555","stroke-opacity":1},"id":"5cbcf078-10c1-47ae-ae34-b57c26b4bec8","bbox":[-91.2377,41.4206,-91.133,41.4432]},{"type":"Feature","geometry":{"coordinates":[[-92.1862,41.8676],[-92.1803,41.8485]],"type":"LineString"},"properties":{"lineWidth":3,"hideLine":false,"widthScale":"mtrs","stroke-width":2,"name":"LineString 74","id":"cdf9ea24-0ab0-40d6-a25d-12939ae95765","isHidden":false,"distance":2.179310286120252,"fill":"#000000","fill-opacity":0,"stroke":"#555555","stroke-opacity":1},"id":"cdf9ea24-0ab0-40d6-a25d-12939ae95765","bbox":[-92.1862,41.8485,-92.1803,41.8676]},{"type":"Feature","geometry":{"coordinates":[[-92.17,41.859],[-92.1963,41.857]],"type":"LineString"},"properties":{"lineWidth":3,"hideLine":false,"widthScale":"mtrs","stroke-width":2,"name":"LineString 73","id":"12221251-a813-4330-8e42-8830fbd1f597","isHidden":false,"distance":2.189442320728272,"fill":"#000000","fill-opacity":0,"stroke":"#555555","stroke-opacity":1},"id":"12221251-a813-4330-8e42-8830fbd1f597","bbox":[-92.1963,41.857,-92.17,41.859]},{"type":"Feature","geometry":{"coordinates":[[-91.5617,42.3105],[-91.4913,42.3159]],"type":"LineString"},"properties":{"lineWidth":3,"hideLine":false,"widthScale":"mtrs","stroke-width":2,"name":"LineString 72","id":"2efa6620-10f3-4cf7-a56c-eb9924540039","isHidden":false,"distance":5.819775644946207,"fill":"#000000","fill-opacity":0,"stroke":"#555555","stroke-opacity":1},"id":"2efa6620-10f3-4cf7-a56c-eb9924540039","bbox":[-91.5617,42.3105,-91.4913,42.3159]},{"type":"Feature","geometry":{"coordinates":[[-91.4051,42.3222],[-91.3374,42.3273]],"type":"LineString"},"properties":{"lineWidth":3,"hideLine":false,"widthScale":"mtrs","stroke-width":2,"name":"LineString 71","id":"f3ea20f7-485c-459d-81d7-d710e012349b","isHidden":false,"distance":5.594501279373971,"fill":"#000000","fill-opacity":0,"stroke":"#555555","stroke-opacity":1},"id":"f3ea20f7-485c-459d-81d7-d710e012349b","bbox":[-91.4051,42.3222,-91.3374,42.3273]},{"type":"Feature","geometry":{"coordinates":[[-91.1831,42.3387],[-91.1504,42.341]],"type":"LineString"},"properties":{"lineWidth":3,"hideLine":false,"widthScale":"mtrs","stroke-width":2,"name":"LineString 70","id":"a023b2f7-dab3-4bf6-9437-683326a11a65","isHidden":false,"distance":2.699795202029324,"fill":"#000000","fill-opacity":0,"stroke":"#555555","stroke-opacity":1},"id":"a023b2f7-dab3-4bf6-9437-683326a11a65","bbox":[-91.1831,42.3387,-91.1504,42.341]},{"type":"Feature","geometry":{"coordinates":[[-91.7,42.2999],[-91.6655,42.3026]],"type":"LineString"},"properties":{"lineWidth":3,"hideLine":false,"widthScale":"mtrs","stroke-width":2,"name":"LineString 69","id":"42f9ae86-7cc4-4753-ae1d-f30282b33540","isHidden":false,"distance":2.853178544715147,"fill":"#000000","fill-opacity":0,"stroke":"#555555","stroke-opacity":1},"id":"42f9ae86-7cc4-4753-ae1d-f30282b33540","bbox":[-91.7,42.2999,-91.6655,42.3026]},{"type":"Feature","geometry":{"coordinates":[[-91.9266,41.5179],[-91.9336,41.4994]],"type":"LineString"},"properties":{"lineWidth":3,"hideLine":false,"widthScale":"mtrs","stroke-width":2,"name":"LineString 68","id":"580f25cd-7c9e-48ec-b6e0-0b903bf0d414","isHidden":false,"distance":2.1380950636969858,"fill":"#000000","fill-opacity":0,"stroke":"#555555","stroke-opacity":1},"id":"580f25cd-7c9e-48ec-b6e0-0b903bf0d414","bbox":[-91.9336,41.4994,-91.9266,41.5179]},{"type":"Feature","geometry":{"coordinates":[[-91.9174,41.509],[-91.9429,41.5083]],"type":"LineString"},"properties":{"lineWidth":3,"hideLine":false,"widthScale":"mtrs","stroke-width":2,"name":"LineString 67","id":"d9882408-cc0a-4472-9311-2282cc7b0824","isHidden":false,"distance":2.124787357371101,"fill":"#000000","fill-opacity":0,"stroke":"#555555","stroke-opacity":1},"id":"d9882408-cc0a-4472-9311-2282cc7b0824","bbox":[-91.9429,41.5083,-91.9174,41.509]},{"type":"Feature","geometry":{"coordinates":[[-92.4198,41.4909],[-92.5296,41.4867]],"type":"LineString"},"properties":{"lineWidth":3,"hideLine":false,"widthScale":"mtrs","stroke-width":2,"name":"LineString 66","id":"c8e7fe4d-c841-472f-9c51-e8f6330bd3fa","isHidden":false,"distance":9.157661849219656,"fill":"#000000","fill-opacity":0,"stroke":"#555555","stroke-opacity":1},"id":"c8e7fe4d-c841-472f-9c51-e8f6330bd3fa","bbox":[-92.5296,41.4867,-92.4198,41.4909]},{"type":"Feature","geometry":{"coordinates":[[-92.6518,41.4772],[-92.6303,41.4874]],"type":"LineString"},"properties":{"lineWidth":3,"hideLine":false,"widthScale":"mtrs","stroke-width":2,"name":"LineString 65","id":"3488cafe-c7b7-43a5-9882-34268d5f8527","isHidden":false,"distance":2.1199329021511604,"fill":"#000000","fill-opacity":0,"stroke":"#555555","stroke-opacity":1},"id":"3488cafe-c7b7-43a5-9882-34268d5f8527","bbox":[-92.6518,41.4772,-92.6303,41.4874]},{"type":"Feature","geometry":{"coordinates":[[-92.6283,41.4829],[-92.6538,41.4818]],"type":"LineString"},"properties":{"lineWidth":3,"hideLine":false,"widthScale":"mtrs","stroke-width":2,"name":"LineString 64","id":"a70c1ff5-9c98-4d65-82dd-282aee0c8878","isHidden":false,"distance":2.1277421269036503,"fill":"#000000","fill-opacity":0,"stroke":"#555555","stroke-opacity":1},"id":"a70c1ff5-9c98-4d65-82dd-282aee0c8878","bbox":[-92.6538,41.4818,-92.6283,41.4829]},{"type":"Feature","geometry":{"coordinates":[[-92.2466,41.6782],[-92.2214,41.675]],"type":"LineString"},"properties":{"lineWidth":3,"hideLine":false,"widthScale":"mtrs","stroke-width":2,"name":"LineString 63","id":"ed301eed-3fc4-449a-9c0f-7dba5f2334e8","isHidden":false,"distance":2.1229597712595294,"fill":"#000000","fill-opacity":0,"stroke":"#555555","stroke-opacity":1},"id":"ed301eed-3fc4-449a-9c0f-7dba5f2334e8","bbox":[-92.2466,41.675,-92.2214,41.6782]},{"type":"Feature","geometry":{"coordinates":[[-92.2448,41.6714],[-92.2232,41.6818]],"type":"LineString"},"properties":{"lineWidth":3,"hideLine":false,"widthScale":"mtrs","stroke-width":2,"name":"LineString 62","id":"353e57bb-e25d-4a78-916f-f3b5e59b533d","isHidden":false,"distance":2.1343715615414283,"fill":"#000000","fill-opacity":0,"stroke":"#555555","stroke-opacity":1},"id":"353e57bb-e25d-4a78-916f-f3b5e59b533d","bbox":[-92.2448,41.6714,-92.2232,41.6818]},{"type":"Feature","geometry":{"coordinates":[[-91.1504,42.341],[-91.1347,42.3173]],"type":"LineString"},"properties":{"lineWidth":3,"hideLine":false,"widthScale":"mtrs","stroke-width":2,"name":"LineString 61","id":"fb412d5c-ae89-4123-a99e-e58d35187918","isHidden":false,"distance":2.934388484043055,"fill":"#000000","fill-opacity":0,"stroke":"#555555","stroke-opacity":1},"id":"fb412d5c-ae89-4123-a99e-e58d35187918","bbox":[-91.1504,42.3173,-91.1347,42.341]},{"type":"Feature","geometry":{"coordinates":[[-91.0826,42.2389],[-91.0539,42.1955]],"type":"LineString"},"properties":{"lineWidth":3,"hideLine":false,"widthScale":"mtrs","stroke-width":2,"name":"LineString 60","id":"917fb8b9-117d-43ca-bbc5-9011ad52b7f7","isHidden":false,"distance":5.373550836276345,"fill":"#000000","fill-opacity":0,"stroke":"#555555","stroke-opacity":1},"id":"917fb8b9-117d-43ca-bbc5-9011ad52b7f7","bbox":[-91.0826,42.1955,-91.0539,42.2389]},{"type":"Feature","geometry":{"coordinates":[[-91.0195,42.1435],[-90.9904,42.0993]],"type":"LineString"},"properties":{"lineWidth":3,"hideLine":false,"widthScale":"mtrs","stroke-width":2,"name":"LineString 59","id":"e47eab08-b43a-4bb0-8aa9-4812b0978274","isHidden":false,"distance":5.469529883418427,"fill":"#000000","fill-opacity":0,"stroke":"#555555","stroke-opacity":1},"id":"e47eab08-b43a-4bb0-8aa9-4812b0978274","bbox":[-91.0195,42.0993,-90.9904,42.1435]},{"type":"Feature","geometry":{"coordinates":[[-90.9544,42.0447],[-90.925,42]],"type":"LineString"},"properties":{"lineWidth":3,"hideLine":false,"widthScale":"mtrs","stroke-width":2,"name":"LineString 58","id":"2da3666b-fb00-4498-a7f0-908b78e55c41","isHidden":false,"distance":5.532007973854805,"fill":"#000000","fill-opacity":0,"stroke":"#555555","stroke-opacity":1},"id":"2da3666b-fb00-4498-a7f0-908b78e55c41","bbox":[-90.9544,42,-90.925,42.0447]},{"type":"Feature","geometry":{"coordinates":[[-90.8066,42.003],[-90.925,42]],"type":"LineString"},"properties":{"lineWidth":3,"hideLine":false,"widthScale":"mtrs","stroke-width":2,"name":"LineString 57","id":"74418fa7-6a04-4ca3-8d2f-eb9334f5ae63","isHidden":false,"distance":9.7893252722278,"fill":"#000000","fill-opacity":0,"stroke":"#555555","stroke-opacity":1},"id":"74418fa7-6a04-4ca3-8d2f-eb9334f5ae63","bbox":[-90.925,42,-90.8066,42.003]},{"type":"Feature","geometry":{"coordinates":[[-90.9249,41.9747],[-90.925,42]],"type":"LineString"},"properties":{"lineWidth":3,"hideLine":false,"widthScale":"mtrs","stroke-width":2,"name":"LineString 56","id":"11a4c2e6-332a-4081-aa2e-00b267b6e07f","isHidden":false,"distance":2.813247670885739,"fill":"#000000","fill-opacity":0,"stroke":"#555555","stroke-opacity":1},"id":"11a4c2e6-332a-4081-aa2e-00b267b6e07f","bbox":[-90.925,41.9747,-90.9249,42]},{"type":"Feature","geometry":{"coordinates":[[-90.9249,41.8968],[-90.9249,41.9469]],"type":"LineString"},"properties":{"lineWidth":3,"hideLine":false,"widthScale":"mtrs","stroke-width":2,"name":"LineString 55","id":"231b8433-8b73-470b-bf8c-b0b3ffbbba73","isHidden":false,"distance":5.570873519700052,"fill":"#000000","fill-opacity":0,"stroke":"#555555","stroke-opacity":1},"id":"231b8433-8b73-470b-bf8c-b0b3ffbbba73","bbox":[-90.9249,41.8968,-90.9249,41.9469]},{"type":"Feature","geometry":{"coordinates":[[-90.9249,41.8458],[-90.9249,41.8698]],"type":"LineString"},"properties":{"lineWidth":3,"hideLine":false,"widthScale":"mtrs","stroke-width":2,"name":"LineString 54","id":"0a1fbd40-b095-49ef-a549-da3e559093e9","isHidden":false,"distance":2.6686819256048913,"fill":"#000000","fill-opacity":0,"stroke":"#555555","stroke-opacity":1},"id":"0a1fbd40-b095-49ef-a549-da3e559093e9","bbox":[-90.9249,41.8458,-90.9249,41.8698]},{"type":"Feature","geometry":{"coordinates":[[-90.9427,41.8249],[-90.9249,41.8458]],"type":"LineString"},"properties":{"lineWidth":3,"hideLine":false,"widthScale":"mtrs","stroke-width":2,"name":"LineString 53","id":"b99de62c-c69e-4e46-aeed-5ba6069550de","isHidden":false,"distance":2.7523750181571374,"fill":"#000000","fill-opacity":0,"stroke":"#555555","stroke-opacity":1},"id":"b99de62c-c69e-4e46-aeed-5ba6069550de","bbox":[-90.9427,41.8249,-90.9249,41.8458]},{"type":"Feature","geometry":{"coordinates":[[-91.0854,41.656],[-91.0484,41.6998]],"type":"LineString"},"properties":{"lineWidth":3,"hideLine":false,"widthScale":"mtrs","stroke-width":2,"name":"LineString 52","id":"3097885f-8cc8-46d0-8af6-dce302e3fccb","isHidden":false,"distance":5.758723175817957,"fill":"#000000","fill-opacity":0,"stroke":"#555555","stroke-opacity":1},"id":"3097885f-8cc8-46d0-8af6-dce302e3fccb","bbox":[-91.0854,41.656,-91.0484,41.6998]},{"type":"Feature","geometry":{"coordinates":[[-91.2182,41.4977],[-91.182,41.541]],"type":"LineString"},"properties":{"lineWidth":3,"hideLine":false,"widthScale":"mtrs","stroke-width":2,"name":"LineString 51","id":"7fbc49a6-ff02-42af-a6b4-286b889544bc","isHidden":false,"distance":5.680231539223272,"fill":"#000000","fill-opacity":0,"stroke":"#555555","stroke-opacity":1},"id":"7fbc49a6-ff02-42af-a6b4-286b889544bc","bbox":[-91.2182,41.4977,-91.182,41.541]},{"type":"Feature","geometry":{"coordinates":[[-91.3416,41.35],[-91.3248,41.3702]],"type":"LineString"},"properties":{"lineWidth":3,"hideLine":false,"widthScale":"mtrs","stroke-width":2,"name":"LineString 50","id":"b95eba8c-da90-4a72-8bb7-e5499b40311d","isHidden":false,"distance":2.6478488291165774,"fill":"#000000","fill-opacity":0,"stroke":"#555555","stroke-opacity":1},"id":"b95eba8c-da90-4a72-8bb7-e5499b40311d","bbox":[-91.3416,41.35,-91.3248,41.3702]},{"type":"Feature","geometry":{"coordinates":[[-91.3416,41.35],[-91.2755,41.2734]],"type":"LineString"},"properties":{"lineWidth":3,"hideLine":false,"widthScale":"mtrs","stroke-width":2,"name":"LineString 49","id":"a571661d-530a-41a5-80ad-750323b49cef","isHidden":false,"distance":10.150257222067845,"fill":"#000000","fill-opacity":0,"stroke":"#555555","stroke-opacity":1},"id":"a571661d-530a-41a5-80ad-750323b49cef","bbox":[-91.3416,41.2734,-91.2755,41.35]},{"type":"Feature","geometry":{"coordinates":[[-91.3735,41.348],[-91.3416,41.35]],"type":"LineString"},"properties":{"lineWidth":3,"hideLine":false,"widthScale":"mtrs","stroke-width":2,"name":"LineString 48","id":"f0ed78e2-ef61-438d-b98c-ea76386272d7","isHidden":false,"distance":2.6720937074081688,"fill":"#000000","fill-opacity":0,"stroke":"#555555","stroke-opacity":1},"id":"f0ed78e2-ef61-438d-b98c-ea76386272d7","bbox":[-91.3735,41.348,-91.3416,41.35]},{"type":"Feature","geometry":{"coordinates":[[-92.0162,41.3071],[-91.9831,41.3093]],"type":"LineString"},"properties":{"lineWidth":3,"hideLine":false,"widthScale":"mtrs","stroke-width":2,"name":"LineString 47","id":"e04fc5ad-1c27-4bff-8ae6-fb34fb0c6f0e","isHidden":false,"distance":2.7755244623487902,"fill":"#000000","fill-opacity":0,"stroke":"#555555","stroke-opacity":1},"id":"e04fc5ad-1c27-4bff-8ae6-fb34fb0c6f0e","bbox":[-92.0162,41.3071,-91.9831,41.3093]},{"type":"Feature","geometry":{"coordinates":[[-91.8754,41.3163],[-91.81,41.3206]],"type":"LineString"},"properties":{"lineWidth":3,"hideLine":false,"widthScale":"mtrs","stroke-width":2,"name":"LineString 46","id":"06daf0b3-5ef5-4562-9133-5b1f38b6fa81","isHidden":false,"distance":5.482654587720437,"fill":"#000000","fill-opacity":0,"stroke":"#555555","stroke-opacity":1},"id":"06daf0b3-5ef5-4562-9133-5b1f38b6fa81","bbox":[-91.8754,41.3163,-91.81,41.3206]},{"type":"Feature","geometry":{"coordinates":[[-91.7021,41.3276],[-91.6389,41.3316]],"type":"LineString"},"properties":{"lineWidth":3,"hideLine":false,"widthScale":"mtrs","stroke-width":2,"name":"LineString 45","id":"042f934a-256e-4d27-a233-0e2e298a445c","isHidden":false,"distance":5.295844410343459,"fill":"#000000","fill-opacity":0,"stroke":"#555555","stroke-opacity":1},"id":"042f934a-256e-4d27-a233-0e2e298a445c","bbox":[-91.7021,41.3276,-91.6389,41.3316]},{"type":"Feature","geometry":{"coordinates":[[-91.5318,41.3382],[-91.4715,41.342]],"type":"LineString"},"properties":{"lineWidth":3,"hideLine":false,"widthScale":"mtrs","stroke-width":2,"name":"LineString 44","id":"2ff97f85-aaa9-4662-b8f6-19b860729acb","isHidden":false,"distance":5.051876846164854,"fill":"#000000","fill-opacity":0,"stroke":"#555555","stroke-opacity":1},"id":"2ff97f85-aaa9-4662-b8f6-19b860729acb","bbox":[-91.5318,41.3382,-91.4715,41.342]},{"type":"Feature","geometry":{"coordinates":[[-91.6271,41.7446],[-91.6184,41.7301]],"type":"LineString"},"properties":{"lineWidth":3,"hideLine":false,"widthScale":"mtrs","stroke-width":2,"name":"LineString 43","id":"e8ddf923-1cc2-4146-83ae-dd356eb70597","isHidden":false,"distance":1.766552772089256,"fill":"#000000","fill-opacity":0,"stroke":"#555555","stroke-opacity":1},"id":"e8ddf923-1cc2-4146-83ae-dd356eb70597","bbox":[-91.6271,41.7301,-91.6184,41.7446]},{"type":"Feature","geometry":{"coordinates":[[-91.5277,41.8223],[-91.5086,41.8153]],"type":"LineString"},"properties":{"lineWidth":3,"hideLine":false,"widthScale":"mtrs","stroke-width":2,"name":"LineString 42","id":"e7f639c7-969d-4a3c-b5d6-123897a01f86","isHidden":false,"distance":1.7638306357162028,"fill":"#000000","fill-opacity":0,"stroke":"#555555","stroke-opacity":1},"id":"e7f639c7-969d-4a3c-b5d6-123897a01f86","bbox":[-91.5277,41.8153,-91.5086,41.8223]},{"type":"Feature","geometry":{"coordinates":[[-91.785,42.0216],[-91.7938,42.0361]],"type":"LineString"},"properties":{"lineWidth":3,"hideLine":false,"widthScale":"mtrs","stroke-width":2,"name":"LineString 41","id":"eb4cb285-2555-40aa-8ec5-2062fe7be855","isHidden":false,"distance":1.7685910802073732,"fill":"#000000","fill-opacity":0,"stroke":"#555555","stroke-opacity":1},"id":"eb4cb285-2555-40aa-8ec5-2062fe7be855","bbox":[-91.7938,42.0216,-91.785,42.0361]},{"type":"Feature","geometry":{"coordinates":[[-91.893,41.9493],[-91.9123,41.9563]],"type":"LineString"},"properties":{"lineWidth":3,"hideLine":false,"widthScale":"mtrs","stroke-width":2,"name":"LineString 40","id":"c70413af-7ef8-4319-9e4b-51b8ed26526a","isHidden":false,"distance":1.775705879793918,"fill":"#000000","fill-opacity":0,"stroke":"#555555","stroke-opacity":1},"id":"c70413af-7ef8-4319-9e4b-51b8ed26526a","bbox":[-91.9123,41.9493,-91.893,41.9563]},{"type":"Feature","geometry":{"coordinates":[[-91.9032,41.8307],[-91.9236,41.8253]],"type":"LineString"},"properties":{"lineWidth":3,"hideLine":false,"widthScale":"mtrs","stroke-width":2,"name":"LineString 39","id":"ab9385a8-95c2-4481-ad50-bc75a23fbb3a","isHidden":false,"distance":1.793767713053927,"fill":"#000000","fill-opacity":0,"stroke":"#555555","stroke-opacity":1},"id":"ab9385a8-95c2-4481-ad50-bc75a23fbb3a","bbox":[-91.9236,41.8253,-91.9032,41.8307]},{"type":"Feature","geometry":{"coordinates":[[-91.8981,41.941],[-91.9183,41.9468]],"type":"LineString"},"properties":{"lineWidth":3,"hideLine":false,"widthScale":"mtrs","stroke-width":2,"name":"LineString 38","id":"ebf1e47c-224d-48fd-9195-3979e01ad7a6","isHidden":false,"distance":1.7908387614697745,"fill":"#000000","fill-opacity":0,"stroke":"#555555","stroke-opacity":1},"id":"ebf1e47c-224d-48fd-9195-3979e01ad7a6","bbox":[-91.9183,41.941,-91.8981,41.9468]},{"type":"Feature","geometry":{"coordinates":[[-91.5258,41.8258],[-91.506,41.82]],"type":"LineString"},"properties":{"lineWidth":3,"hideLine":false,"widthScale":"mtrs","stroke-width":2,"name":"LineString 37","id":"e0ca63d6-f8d7-4541-aee7-996061677d83","isHidden":false,"distance":1.7629046915345323,"fill":"#000000","fill-opacity":0,"stroke":"#555555","stroke-opacity":1},"id":"e0ca63d6-f8d7-4541-aee7-996061677d83","bbox":[-91.5258,41.82,-91.506,41.8258]},{"type":"Feature","geometry":{"coordinates":[[-91.526,41.9365],[-91.5059,41.9416]],"type":"LineString"},"properties":{"lineWidth":3,"hideLine":false,"widthScale":"mtrs","stroke-width":2,"name":"LineString 36","id":"48ef9030-6a1f-46d5-83ac-796994f460d6","isHidden":false,"distance":1.7565924512505793,"fill":"#000000","fill-opacity":0,"stroke":"#555555","stroke-opacity":1},"id":"48ef9030-6a1f-46d5-83ac-796994f460d6","bbox":[-91.526,41.9365,-91.5059,41.9416]},{"type":"Feature","geometry":{"coordinates":[[-91.7041,42.25],[-91.7371,42.2471]],"type":"LineString"},"properties":{"lineWidth":3,"hideLine":false,"widthScale":"mtrs","stroke-width":2,"name":"LineString 35","id":"61ea4c4e-2bad-46c4-a8f1-163a1ae45e0f","isHidden":false,"distance":2.735320858138537,"fill":"#000000","fill-opacity":0,"stroke":"#555555","stroke-opacity":1},"id":"61ea4c4e-2bad-46c4-a8f1-163a1ae45e0f","bbox":[-91.7371,42.2471,-91.7041,42.25]},{"type":"Feature","geometry":{"coordinates":[[-91.872,42.2355],[-91.9386,42.2297]],"type":"LineString"},"properties":{"lineWidth":3,"hideLine":false,"widthScale":"mtrs","stroke-width":2,"name":"LineString 34","id":"a39d27d7-0136-4873-a314-0f3b344d23dd","isHidden":false,"distance":5.521062984110865,"fill":"#000000","fill-opacity":0,"stroke":"#555555","stroke-opacity":1},"id":"a39d27d7-0136-4873-a314-0f3b344d23dd","bbox":[-91.9386,42.2297,-91.872,42.2355]},{"type":"Feature","geometry":{"coordinates":[[-92.0565,42.2194],[-92.122,42.2137]],"type":"LineString"},"properties":{"lineWidth":3,"hideLine":false,"widthScale":"mtrs","stroke-width":2,"name":"LineString 33","id":"9ef7f054-f19d-4634-9f15-af114a9e18b4","isHidden":false,"distance":5.431181414704276,"fill":"#000000","fill-opacity":0,"stroke":"#555555","stroke-opacity":1},"id":"9ef7f054-f19d-4634-9f15-af114a9e18b4","bbox":[-92.122,42.2137,-92.0565,42.2194]},{"type":"Feature","geometry":{"coordinates":[[-92.2502,42.2022],[-92.2852,42.1991]],"type":"LineString"},"properties":{"lineWidth":3,"hideLine":false,"widthScale":"mtrs","stroke-width":2,"name":"LineString 32","id":"eb0d1f12-d35e-4dc3-9aff-0569bd8373b8","isHidden":false,"distance":2.9035879817509116,"fill":"#000000","fill-opacity":0,"stroke":"#555555","stroke-opacity":1},"id":"eb0d1f12-d35e-4dc3-9aff-0569bd8373b8","bbox":[-92.2852,42.1991,-92.2502,42.2022]},{"type":"Feature","geometry":{"coordinates":[[-92.2852,42.1991],[-92.3016,42.1757]],"type":"LineString"},"properties":{"lineWidth":3,"hideLine":false,"widthScale":"mtrs","stroke-width":2,"name":"LineString 31","id":"f3866a3e-ffe3-4350-b79b-318846d3fddb","isHidden":false,"distance":2.9318872501366418,"fill":"#000000","fill-opacity":0,"stroke":"#555555","stroke-opacity":1},"id":"f3866a3e-ffe3-4350-b79b-318846d3fddb","bbox":[-92.3016,42.1757,-92.2852,42.1991]},{"type":"Feature","geometry":{"coordinates":[[-92.3217,42.1474],[-92.3374,42.125]],"type":"LineString"},"properties":{"lineWidth":3,"hideLine":false,"widthScale":"mtrs","stroke-width":2,"name":"LineString 30","id":"7bfdde41-d378-4529-a186-1dc9e200eacf","isHidden":false,"distance":2.807108138532994,"fill":"#000000","fill-opacity":0,"stroke":"#555555","stroke-opacity":1},"id":"7bfdde41-d378-4529-a186-1dc9e200eacf","bbox":[-92.3374,42.125,-92.3217,42.1474]},{"type":"Feature","geometry":{"coordinates":[[-92.3345,42.0983],[-92.3374,42.125]],"type":"LineString"},"properties":{"lineWidth":3,"hideLine":false,"widthScale":"mtrs","stroke-width":2,"name":"LineString 29","id":"67281eda-aa29-49d3-b905-da26b41a78bb","isHidden":false,"distance":2.9785304577713423,"fill":"#000000","fill-opacity":0,"stroke":"#555555","stroke-opacity":1},"id":"67281eda-aa29-49d3-b905-da26b41a78bb","bbox":[-92.3374,42.0983,-92.3345,42.125]},{"type":"Feature","geometry":{"coordinates":[[-92.3162,41.9357],[-92.3217,41.9853]],"type":"LineString"},"properties":{"lineWidth":3,"hideLine":false,"widthScale":"mtrs","stroke-width":2,"name":"LineString 28","id":"10bcdb99-dc4c-427d-85d4-a179dce0b6f6","isHidden":false,"distance":5.533993511321864,"fill":"#000000","fill-opacity":0,"stroke":"#555555","stroke-opacity":1},"id":"10bcdb99-dc4c-427d-85d4-a179dce0b6f6","bbox":[-92.3217,41.9357,-92.3162,41.9853]},{"type":"Feature","geometry":{"coordinates":[[-92.2993,41.7831],[-92.3047,41.8324]],"type":"LineString"},"properties":{"lineWidth":3,"hideLine":false,"widthScale":"mtrs","stroke-width":2,"name":"LineString 27","id":"e2aee07b-fe8e-4314-9992-6604daf1398c","isHidden":false,"distance":5.500157942287436,"fill":"#000000","fill-opacity":0,"stroke":"#555555","stroke-opacity":1},"id":"e2aee07b-fe8e-4314-9992-6604daf1398c","bbox":[-92.3047,41.7831,-92.2993,41.8324]},{"type":"Feature","geometry":{"coordinates":[[-92.2836,41.6415],[-92.2861,41.6646]],"type":"LineString"},"properties":{"lineWidth":3,"hideLine":false,"widthScale":"mtrs","stroke-width":2,"name":"LineString 26","id":"aa284c25-891c-4a89-b141-3e2dca16e39f","isHidden":false,"distance":2.5769907030638124,"fill":"#000000","fill-opacity":0,"stroke":"#555555","stroke-opacity":1},"id":"aa284c25-891c-4a89-b141-3e2dca16e39f","bbox":[-92.2861,41.6415,-92.2836,41.6646]},{"type":"Feature","geometry":{"coordinates":[[-91.6971,42.3358],[-91.7041,42.25]],"type":"LineString"},"properties":{"lineWidth":3,"hideLine":false,"widthScale":"mtrs","stroke-width":2,"name":"LineString 25","id":"ee3a50cc-5690-4326-8a92-1636b9062b27","isHidden":false,"distance":9.5578957943852,"fill":"#000000","fill-opacity":0,"stroke":"#555555","stroke-opacity":1},"id":"ee3a50cc-5690-4326-8a92-1636b9062b27","bbox":[-91.7041,42.25,-91.6971,42.3358]},{"type":"Feature","geometry":{"coordinates":[[-92.2982,41.8025],[-92.276,41.802]],"type":"LineString"},"properties":{"lineWidth":3,"hideLine":false,"widthScale":"mtrs","stroke-width":2,"name":"LineString 24","id":"066fc2e8-9a55-4c32-8ae6-9a5e63150dad","isHidden":false,"distance":1.841005534188695,"fill":"#000000","fill-opacity":0,"stroke":"#555555","stroke-opacity":1},"id":"066fc2e8-9a55-4c32-8ae6-9a5e63150dad","bbox":[-92.2982,41.802,-92.276,41.8025]},{"type":"Feature","geometry":{"coordinates":[[-92.0325,41.3273],[-92.0162,41.3071]],"type":"LineString"},"properties":{"lineWidth":3,"hideLine":false,"widthScale":"mtrs","stroke-width":2,"name":"LineString 23","id":"4b4678fd-4c8c-497d-8939-2ddfa11896fb","isHidden":false,"distance":2.62645450490322,"fill":"#000000","fill-opacity":0,"stroke":"#555555","stroke-opacity":1},"id":"4b4678fd-4c8c-497d-8939-2ddfa11896fb","bbox":[-92.0325,41.3071,-92.0162,41.3273]},{"type":"Feature","geometry":{"coordinates":[[-91.0176,41.7837],[-91.1265,41.7988]],"type":"LineString"},"properties":{"lineWidth":3,"hideLine":false,"widthScale":"mtrs","stroke-width":2,"name":"LineString 22","id":"008effe2-2297-4667-a049-e27357715b52","isHidden":false,"distance":9.18311186370346,"fill":"#000000","fill-opacity":0,"stroke":"#555555","stroke-opacity":1},"id":"008effe2-2297-4667-a049-e27357715b52","bbox":[-91.1265,41.7837,-91.0176,41.7988]},{"type":"Feature","geometry":{"coordinates":[[-91.4118,41.8273],[-91.3996,41.8461]],"type":"LineString"},"properties":{"lineWidth":3,"hideLine":false,"widthScale":"mtrs","stroke-width":2,"name":"LineString 21","id":"5611e6f3-807a-4aa1-b75d-d349a6904eb8","isHidden":false,"distance":2.321983230245026,"fill":"#000000","fill-opacity":0,"stroke":"#555555","stroke-opacity":1},"id":"5611e6f3-807a-4aa1-b75d-d349a6904eb8","bbox":[-91.4118,41.8273,-91.3996,41.8461]},{"type":"Feature","geometry":{"coordinates":[[-91.3923,41.835],[-91.4195,41.8386]],"type":"LineString"},"properties":{"lineWidth":3,"hideLine":false,"widthScale":"mtrs","stroke-width":2,"name":"LineString 20","id":"dd3fdd36-01bd-4ac8-af1e-ddaa4b41b277","isHidden":false,"distance":2.2886808950860678,"fill":"#000000","fill-opacity":0,"stroke":"#555555","stroke-opacity":1},"id":"dd3fdd36-01bd-4ac8-af1e-ddaa4b41b277","bbox":[-91.4195,41.835,-91.3923,41.8386]},{"type":"Feature","geometry":{"coordinates":[[-92.1602,42.2977],[-92.0968,42.2291]],"type":"LineString"},"properties":{"lineWidth":3,"hideLine":false,"widthScale":"mtrs","stroke-width":2,"name":"LineString 19","id":"390ead3d-6dc0-4c7c-b5de-dca8c1394ee5","isHidden":false,"distance":9.241530149142744,"fill":"#000000","fill-opacity":0,"stroke":"#555555","stroke-opacity":1},"id":"390ead3d-6dc0-4c7c-b5de-dca8c1394ee5","bbox":[-92.1602,42.2291,-92.0968,42.2977]},{"type":"Feature","geometry":{"coordinates":[[-92.1267,41.4441],[-92.0915,41.3994]],"type":"LineString"},"properties":{"lineWidth":3,"hideLine":false,"widthScale":"mtrs","stroke-width":2,"name":"LineString 18","id":"dd7d0dbc-c1b2-4df4-86e9-f99462002ce2","isHidden":false,"distance":5.772288221515568,"fill":"#000000","fill-opacity":0,"stroke":"#555555","stroke-opacity":1},"id":"dd7d0dbc-c1b2-4df4-86e9-f99462002ce2","bbox":[-92.1267,41.3994,-92.0915,41.4441]},{"type":"Feature","geometry":{"coordinates":[[-92.2145,41.5537],[-92.1792,41.5097]],"type":"LineString"},"properties":{"lineWidth":3,"hideLine":false,"widthScale":"mtrs","stroke-width":2,"name":"LineString 17","id":"ff3582a3-f325-47c3-a395-beef21773c95","isHidden":false,"distance":5.707125411139098,"fill":"#000000","fill-opacity":0,"stroke":"#555555","stroke-opacity":1},"id":"ff3582a3-f325-47c3-a395-beef21773c95","bbox":[-92.2145,41.5097,-92.1792,41.5537]},{"type":"Feature","geometry":{"coordinates":[[-91.8267,41.4011],[-91.8198,41.3509]],"type":"LineString"},"properties":{"lineWidth":3,"hideLine":false,"widthScale":"mtrs","stroke-width":2,"name":"LineString 16","id":"14c3ff90-624a-46b8-9830-5cd4f8b7a033","isHidden":false,"distance":5.611605269912698,"fill":"#000000","fill-opacity":0,"stroke":"#555555","stroke-opacity":1},"id":"14c3ff90-624a-46b8-9830-5cd4f8b7a033","bbox":[-91.8267,41.3509,-91.8198,41.4011]},{"type":"Feature","geometry":{"coordinates":[[-91.8715,41.7288],[-91.8646,41.6785]],"type":"LineString"},"properties":{"lineWidth":3,"hideLine":false,"widthScale":"mtrs","stroke-width":2,"name":"LineString 15","id":"d39b128c-3f20-4136-b00c-5096c741fd12","isHidden":false,"distance":5.62236903737597,"fill":"#000000","fill-opacity":0,"stroke":"#555555","stroke-opacity":1},"id":"d39b128c-3f20-4136-b00c-5096c741fd12","bbox":[-91.8715,41.6785,-91.8646,41.7288]},{"type":"Feature","geometry":{"coordinates":[[-92.4113,41.9606],[-92.3206,41.9665]],"type":"LineString"},"properties":{"lineWidth":3,"hideLine":false,"widthScale":"mtrs","stroke-width":2,"name":"LineString 14","id":"eb36a96a-9796-449a-a4e7-8213659fd413","isHidden":false,"distance":7.527841387497029,"fill":"#000000","fill-opacity":0,"stroke":"#555555","stroke-opacity":1},"id":"eb36a96a-9796-449a-a4e7-8213659fd413","bbox":[-92.4113,41.9606,-92.3206,41.9665]},{"type":"Feature","geometry":{"coordinates":[[-92.2461,41.0851],[-92.1643,41.1415]],"type":"LineString"},"properties":{"lineWidth":3,"hideLine":false,"widthScale":"mtrs","stroke-width":2,"name":"LineString 13","id":"cff8a3e7-8fc7-43d0-8ae5-aae6d303a4f7","isHidden":false,"distance":9.289344110468157,"fill":"#000000","fill-opacity":0,"stroke":"#555555","stroke-opacity":1},"id":"cff8a3e7-8fc7-43d0-8ae5-aae6d303a4f7","bbox":[-92.2461,41.0851,-92.1643,41.1415]},{"type":"Feature","geometry":{"coordinates":[[-91.2494,41.1002],[-91.3099,41.1701]],"type":"LineString"},"properties":{"lineWidth":3,"hideLine":false,"widthScale":"mtrs","stroke-width":2,"name":"LineString 12","id":"08978743-7afe-4e7b-80f1-7be558055907","isHidden":false,"distance":9.278152155766284,"fill":"#000000","fill-opacity":0,"stroke":"#555555","stroke-opacity":1},"id":"08978743-7afe-4e7b-80f1-7be558055907","bbox":[-91.3099,41.1002,-91.2494,41.1701]},{"type":"Feature","geometry":{"coordinates":[[-90.7299,41.3665],[-90.8231,41.4128]],"type":"LineString"},"properties":{"lineWidth":3,"hideLine":false,"widthScale":"mtrs","stroke-width":2,"name":"LineString 11","id":"2ff4a3a2-fcf3-414e-8d00-701a5b4cc738","isHidden":false,"distance":9.324954015025178,"fill":"#000000","fill-opacity":0,"stroke":"#555555","stroke-opacity":1},"id":"2ff4a3a2-fcf3-414e-8d00-701a5b4cc738","bbox":[-90.8231,41.3665,-90.7299,41.4128]},{"type":"Feature","geometry":{"coordinates":[[-91.006,41.9194],[-91.1167,41.9151]],"type":"LineString"},"properties":{"lineWidth":3,"hideLine":false,"widthScale":"mtrs","stroke-width":2,"name":"LineString 10","id":"621f2f8e-aa11-482e-ae69-59a27811d794","isHidden":false,"distance":9.171945971601946,"fill":"#000000","fill-opacity":0,"stroke":"#555555","stroke-opacity":1},"id":"621f2f8e-aa11-482e-ae69-59a27811d794","bbox":[-91.1167,41.9151,-91.006,41.9194]},{"type":"Feature","geometry":{"coordinates":[[-90.8038,42.3569],[-90.8996,42.3116]],"type":"LineString"},"properties":{"lineWidth":3,"hideLine":false,"widthScale":"mtrs","stroke-width":2,"name":"LineString 9","id":"a1506fd8-2b20-4204-9b9b-00600ee732af","isHidden":false,"distance":9.347858008764351,"fill":"#000000","fill-opacity":0,"stroke":"#555555","stroke-opacity":1},"id":"a1506fd8-2b20-4204-9b9b-00600ee732af","bbox":[-90.8996,42.3116,-90.8038,42.3569]},{"type":"Feature","geometry":{"coordinates":[[-92.1207,42.6836],[-92.0872,42.6039]],"type":"LineString"},"properties":{"lineWidth":3,"hideLine":false,"widthScale":"mtrs","stroke-width":2,"name":"LineString 8","id":"0202fb91-7e33-44bd-8f2a-702a09fc8adf","isHidden":false,"distance":9.276172174034416,"fill":"#000000","fill-opacity":0,"stroke":"#555555","stroke-opacity":1},"id":"0202fb91-7e33-44bd-8f2a-702a09fc8adf","bbox":[-92.1207,42.6039,-92.0872,42.6836]},{"type":"Feature","geometry":{"coordinates":[[-92.3354,42.4879],[-92.2716,42.419]],"type":"LineString"},"properties":{"lineWidth":3,"hideLine":false,"widthScale":"mtrs","stroke-width":2,"name":"LineString 7","id":"6c5a3ffa-88cb-407f-a1fc-fff018e45999","isHidden":false,"distance":9.27869762673509,"fill":"#000000","fill-opacity":0,"stroke":"#555555","stroke-opacity":1},"id":"6c5a3ffa-88cb-407f-a1fc-fff018e45999","bbox":[-92.3354,42.419,-92.2716,42.4879]},{"type":"Feature","geometry":{"coordinates":[[-92.6918,41.8181],[-92.5812,41.827]],"type":"LineString"},"properties":{"lineWidth":3,"hideLine":false,"widthScale":"mtrs","stroke-width":2,"name":"LineString 6","id":"f7783cd2-3bb2-47fd-9ddc-1756ecb18847","isHidden":false,"distance":9.218044352907873,"fill":"#000000","fill-opacity":0,"stroke":"#555555","stroke-opacity":1},"id":"f7783cd2-3bb2-47fd-9ddc-1756ecb18847","bbox":[-92.6918,41.8181,-92.5812,41.827]},{"type":"Feature","geometry":{"coordinates":[[-91.2735,41.4424],[-91.284,41.4617]],"type":"LineString"},"properties":{"lineWidth":3,"hideLine":false,"widthScale":"mtrs","stroke-width":2,"name":"LineString 5","id":"ddc813d2-6005-4fdd-9529-5d2db1b82268","isHidden":false,"distance":2.3176229617371353,"fill":"#000000","fill-opacity":0,"stroke":"#555555","stroke-opacity":1},"id":"ddc813d2-6005-4fdd-9529-5d2db1b82268","bbox":[-91.284,41.4424,-91.2735,41.4617]},{"type":"Feature","geometry":{"coordinates":[[-91.2922,41.4543],[-91.2652,41.4498]],"type":"LineString"},"properties":{"lineWidth":3,"hideLine":false,"widthScale":"mtrs","stroke-width":2,"name":"LineString 4","id":"2a5f8397-9836-450d-8b56-453944a84d86","isHidden":false,"distance":2.305191886307843,"fill":"#000000","fill-opacity":0,"stroke":"#555555","stroke-opacity":1},"id":"2a5f8397-9836-450d-8b56-453944a84d86","bbox":[-91.2922,41.4498,-91.2652,41.4543]},{"type":"Feature","geometry":{"coordinates":[[-91.3547,41.914],[-91.3665,41.8972]],"type":"LineString"},"properties":{"lineWidth":3,"hideLine":false,"widthScale":"mtrs","stroke-width":2,"name":"LineString 3","id":"f917d41a-b3ad-426f-a4e5-71b2f4bb5a24","isHidden":false,"distance":2.1079179050731733,"fill":"#000000","fill-opacity":0,"stroke":"#555555","stroke-opacity":1},"id":"f917d41a-b3ad-426f-a4e5-71b2f4bb5a24","bbox":[-91.3665,41.8972,-91.3547,41.914]},{"type":"Feature","geometry":{"coordinates":[[-91.3733,41.9052],[-91.3479,41.906]],"type":"LineString"},"properties":{"lineWidth":3,"hideLine":false,"widthScale":"mtrs","stroke-width":2,"name":"LineString 2","id":"e6b7146b-8d15-40cb-b03f-4a24af014f57","isHidden":false,"distance":2.103897135810543,"fill":"#000000","fill-opacity":0,"stroke":"#555555","stroke-opacity":1},"id":"e6b7146b-8d15-40cb-b03f-4a24af014f57","bbox":[-91.3733,41.9052,-91.3479,41.906]},{"type":"Feature","geometry":{"coordinates":[[-92.2664,41.6202],[-92.2836,41.6415]],"type":"LineString"},"properties":{"lineWidth":3,"hideLine":false,"widthScale":"mtrs","stroke-width":2,"name":"LineString 1","id":"7c36e801-3986-4cd5-b763-162f01a6d36d","isHidden":false,"distance":2.7664257243660706,"fill":"#000000","fill-opacity":0,"stroke":"#555555","stroke-opacity":1},"id":"7c36e801-3986-4cd5-b763-162f01a6d36d","bbox":[-92.2836,41.6202,-92.2664,41.6415]}]}
