{"type":"FeatureCollection","features":[{"type":"Feature","properties":{"stroke":"#555555","stroke-width":2,"stroke-opacity":1,"name":""},"geometry":{"coordinates":[[-91.2645,41.7956],[-91.2689,41.7817]],"type":"LineString"}},{"type":"Feature","properties":{"stroke":"#555555","stroke-width":2,"stroke-opacity":1,"name":""},"geometry":{"coordinates":[[-91.6048,41.5188],[-91.6048,41.519],[-91.6048,41.5192],[-91.6048,41.5194],[-91.6049,41.5197],[-91.6049,41.5199],[-91.6049,41.5201],[-91.605,41.5203],[-91.6051,41.5205],[-91.6052,41.5207],[-91.6053,41.521],[-91.6054,41.5212],[-91.6055,41.5214],[-91.6056,41.5216],[-91.6058,41.5218],[-91.6059,41.522],[-91.6061,41.5223],[-91.6063,41.5225],[-91.6065,41.5227],[-91.6067,41.5229],[-91.6069,41.5231],[-91.6072,41.5233],[-91.6074,41.5234],[-91.6077,41.5236],[-91.608,41.5238],[-91.6082,41.5239],[-91.6085,41.5241],[-91.6088,41.5242],[-91.6091,41.5244],[-91.6094,41.5245],[-91.6098,41.5246],[-91.6101,41.5247],[-91.6104,41.5248],[-91.6107,41.5249],[-91.6111,41.5249],[-91.6114,41.525],[-91.6117,41.5251],[-91.6121,41.5251],[-91.6124,41.5251],[-91.6128,41.5251],[-91.6131,41.5251],[-91.6134,41.5251],[-91.6137,41.5251],[-91.6141,41.5251],[-91.6144,41.5251],[-91.6147,41.525],[-91.615,41.525],[-91.6153,41.5249],[-91.6156,41.5249],[-91.6158,41.5248],[-91.6161,41.5247],[-91.6164,41.5247],[-91.6166,41.5246],[-91.6169,41.5245],[-91.6171,41.5244],[-91.6174,41.5243],[-91.6176,41.5242],[-91.6178,41.5241],[-91.6181,41.524],[-91.6183,41.5238],[-91.6185,41.5237],[-91.6187,41.5236],[-91.6189,41.5234],[-91.6192,41.5233],[-91.6194,41.5231],[-91.6196,41.5229],[-91.6198,41.5227],[-91.62,41.5226],[-91.6201,41.5224],[-91.6203,41.5222],[-91.6205,41.5219],[-91.6206,41.5217],[-91.6208,41.5215],[-91.6209,41.5213],[-91.6211,41.521],[-91.6212,41.5208],[-91.6213,41.5205],[-91.6214,41.5203],[-91.6214,41.52],[-91.6215,41.5198],[-91.6215,41.5195],[-91.6216,41.5192],[-91.6216,41.519],[-91.6216,41.5187],[-91.6216,41.5184],[-91.6215,41.5182],[-91.6215,41.5179],[-91.6214,41.5177],[-91.6214,41.5174],[-91.6213,41.5172],[-91.6212,41.5169],[-91.6211,41.5167],[-91.6209,41.5164],[-91.6208,41.5162],[-91.6207,41.516],[-91.6205,41.5157],[-91.6203,41.5155],[-91.6202,41.5153],[-91.62,41.5151],[-91.6198,41.5149],[-91.6196,41.5148],[-91.6194,41.5146],[-91.6192,41.5144],[-91.619,41.5143],[-91.6187,41.5141],[-91.6185,41.514],[-91.6183,41.5138],[-91.6181,41.5137],[-91.6178,41.5136],[-91.6176,41.5135],[-91.6174,41.5134],[-91.6172,41.5133],[-91.6169,41.5132],[-91.6167,41.5131],[-91.6164,41.513],[-91.6161,41.5129],[-91.6159,41.5129],[-91.6156,41.5128],[-91.6153,41.5127],[-91.615,41.5127],[-91.6147,41.5126],[-91.6144,41.5126],[-91.6141,41.5126],[-91.6138,41.5125],[-91.6134,41.5125],[-91.6131,41.5125],[-91.6128,41.5125],[-91.6124,41.5126],[-91.6121,41.5126],[-91.6118,41.5126],[-91.6114,41.5127],[-91.6111,41.5127],[-91.6108,41.5128],[-91.6104,41.5129],[-91.6101,41.513],[-91.6098,41.5131],[-91.6095,41.5132],[-91.6091,41.5133],[-91.6088,41.5134],[-91.6085,41.5136],[-91.6083,41.5137],[-91.608,41.5139],[-91.6077,41.5141],[-91.6074,41.5142],[-91.6072,41.5144],[-91.607,41.5146],[-91.6067,41.5148],[-91.6065,41.515],[-91.6063,41.5152],[-91.6061,41.5154],[-91.606,41.5156],[-91.6058,41.5158],[-91.6056,41.5161],[-91.6055,41.5163],[-91.6054,41.5165],[-91.6053,41.5167],[-91.6052,41.5169],[-91.6051,41.5171],[-91.605,41.5174],[-91.605,41.5176],[-91.6049,41.5178],[-91.6049,41.518],[-91.6048,41.5182],[-91.6048,41.5184],[-91.6048,41.5186],[-91.6048,41.5188]],"type":"LineString"}},{"type":"Feature","properties":{"stroke":"#555555","stroke-width":2,"stroke-opacity":1,"name":""},"geometry":{"coordinates":[[-91.7133,41.8795],[-91.7153,41.881]],"type":"LineString"}},{"type":"Feature","properties":{"stroke":"#555555","stroke-width":2,"stroke-opacity":1,"name":""},"geometry":{"coordinates":[[-91.7126,41.8797],[-91.715,41.8815]],"type":"LineString"}},{"type":"Feature","properties":{"stroke":"#555555","stroke-width":2,"stroke-opacity":1,"name":""},"geometry":{"coordinates":[[-91.712,41.8801],[-91.7145,41.8819]],"type":"LineString"}},{"type":"Feature","properties":{"stroke":"#555555","stroke-width":2,"stroke-opacity":1,"name":""},"geometry":{"coordinates":[[-91.7117,41.8806],[-91.7138,41.8821]],"type":"LineString"}},{"type":"Feature","properties":{"stroke":"#555555","stroke-width":2,"stroke-opacity":1,"name":""},"geometry":{"coordinates":[[-91.7122,41.8818],[-91.7124,41.8819],[-91.7126,41.882],[-91.7128,41.882],[-91.713,41.8821],[-91.7132,41.8821],[-91.7135,41.8822],[-91.7137,41.8822],[-91.714,41.8821],[-91.7142,41.8821],[-91.7145,41.882],[-91.7147,41.8819],[-91.7149,41.8818],[-91.715,41.8816],[-91.7152,41.8815],[-91.7153,41.8813],[-91.7153,41.8812],[-91.7154,41.881],[-91.7154,41.8809],[-91.7154,41.8807],[-91.7154,41.8805],[-91.7153,41.8804],[-91.7152,41.8802],[-91.7151,41.88],[-91.715,41.8799],[-91.7148,41.8797],[-91.7146,41.8796],[-91.7143,41.8795],[-91.7141,41.8795],[-91.7139,41.8794],[-91.7136,41.8794],[-91.7134,41.8794],[-91.7132,41.8794],[-91.713,41.8795],[-91.7128,41.8795],[-91.7126,41.8796],[-91.7124,41.8797],[-91.7123,41.8798],[-91.7121,41.8799],[-91.712,41.8801],[-91.7118,41.8803],[-91.7118,41.8805],[-91.7117,41.8806],[-91.7117,41.8808],[-91.7117,41.881],[-91.7118,41.8812],[-91.7119,41.8814],[-91.712,41.8815],[-91.7121,41.8817],[-91.7122,41.8818]],"type":"LineString"}},{"type":"Feature","properties":{"stroke":"#555555","stroke-width":2,"stroke-opacity":1,"name":""},"geometry":{"coordinates":[[-91.2592,41.7863],[-91.2592,41.7874]],"type":"LineString"}},{"type":"Feature","properties":{"stroke":"#555555","stroke-width":2,"stroke-opacity":1,"name":""},"geometry":{"coordinates":[[-91.2588,41.7862],[-91.2588,41.7875]],"type":"LineString"}},{"type":"Feature","properties":{"stroke":"#555555","stroke-width":2,"stroke-opacity":1,"name":""},"geometry":{"coordinates":[[-91.2585,41.7862],[-91.2585,41.7875]],"type":"LineString"}},{"type":"Feature","properties":{"stroke":"#555555","stroke-width":2,"stroke-opacity":1,"name":""},"geometry":{"coordinates":[[-91.2581,41.7863],[-91.2581,41.7874]],"type":"LineString"}},{"type":"Feature","properties":{"stroke":"#555555","stroke-width":2,"stroke-opacity":1,"name":""},"geometry":{"coordinates":[[-91.2577,41.7868],[-91.2577,41.7869],[-91.2577,41.787],[-91.2578,41.7871],[-91.2578,41.7872],[-91.2579,41.7873],[-91.258,41.7873],[-91.2581,41.7874],[-91.2582,41.7875],[-91.2583,41.7875],[-91.2584,41.7875],[-91.2586,41.7876],[-91.2587,41.7876],[-91.2588,41.7876],[-91.2589,41.7875],[-91.259,41.7875],[-91.2591,41.7875],[-91.2592,41.7874],[-91.2593,41.7874],[-91.2594,41.7873],[-91.2595,41.7873],[-91.2595,41.7872],[-91.2596,41.7871],[-91.2596,41.787],[-91.2596,41.7869],[-91.2596,41.7868],[-91.2596,41.7867],[-91.2596,41.7866],[-91.2595,41.7865],[-91.2595,41.7864],[-91.2594,41.7864],[-91.2593,41.7863],[-91.2592,41.7863],[-91.2591,41.7862],[-91.259,41.7862],[-91.2589,41.7862],[-91.2588,41.7861],[-91.2587,41.7861],[-91.2586,41.7861],[-91.2584,41.7862],[-91.2583,41.7862],[-91.2582,41.7862],[-91.2581,41.7863],[-91.258,41.7864],[-91.2579,41.7864],[-91.2578,41.7865],[-91.2578,41.7866],[-91.2578,41.7867],[-91.2577,41.7868],[-91.2577,41.7868]],"type":"LineString"}},{"type":"Feature","properties":{"stroke":"#555555","stroke-width":2,"stroke-opacity":1,"name":""},"geometry":{"coordinates":[[-91.2376,41.7825],[-91.2376,41.7836]],"type":"LineString"}},{"type":"Feature","properties":{"stroke":"#555555","stroke-width":2,"stroke-opacity":1,"name":""},"geometry":{"coordinates":[[-91.2372,41.7823],[-91.2372,41.7837]],"type":"LineString"}},{"type":"Feature","properties":{"stroke":"#555555","stroke-width":2,"stroke-opacity":1,"name":""},"geometry":{"coordinates":[[-91.2369,41.7823],[-91.2368,41.7837]],"type":"LineString"}},{"type":"Feature","properties":{"stroke":"#555555","stroke-width":2,"stroke-opacity":1,"name":""},"geometry":{"coordinates":[[-91.2365,41.7825],[-91.2365,41.7836]],"type":"LineString"}},{"type":"Feature","properties":{"stroke":"#555555","stroke-width":2,"stroke-opacity":1,"name":""},"geometry":{"coordinates":[[-91.2361,41.783],[-91.2361,41.7831],[-91.2361,41.7832],[-91.2362,41.7832],[-91.2362,41.7833],[-91.2363,41.7834],[-91.2364,41.7835],[-91.2365,41.7836],[-91.2366,41.7836],[-91.2367,41.7837],[-91.2368,41.7837],[-91.2369,41.7837],[-91.2371,41.7837],[-91.2372,41.7837],[-91.2373,41.7837],[-91.2374,41.7837],[-91.2375,41.7836],[-91.2376,41.7836],[-91.2377,41.7836],[-91.2378,41.7835],[-91.2378,41.7834],[-91.2379,41.7833],[-91.238,41.7833],[-91.238,41.7832],[-91.238,41.7831],[-91.238,41.783],[-91.238,41.7829],[-91.238,41.7828],[-91.2379,41.7827],[-91.2379,41.7826],[-91.2378,41.7825],[-91.2377,41.7825],[-91.2376,41.7824],[-91.2375,41.7824],[-91.2374,41.7823],[-91.2373,41.7823],[-91.2372,41.7823],[-91.2371,41.7823],[-91.237,41.7823],[-91.2368,41.7823],[-91.2367,41.7824],[-91.2366,41.7824],[-91.2365,41.7825],[-91.2364,41.7825],[-91.2363,41.7826],[-91.2362,41.7827],[-91.2362,41.7828],[-91.2361,41.7828],[-91.2361,41.7829],[-91.2361,41.783]],"type":"LineString"}},{"type":"Feature","properties":{"stroke":"#555555","stroke-width":2,"stroke-opacity":1,"name":""},"geometry":{"coordinates":[[-91.2165,41.7781],[-91.2165,41.7792]],"type":"LineString"}},{"type":"Feature","properties":{"stroke":"#555555","stroke-width":2,"stroke-opacity":1,"name":""},"geometry":{"coordinates":[[-91.2161,41.778],[-91.2161,41.7793]],"type":"LineString"}},{"type":"Feature","properties":{"stroke":"#555555","stroke-width":2,"stroke-opacity":1,"name":""},"geometry":{"coordinates":[[-91.2157,41.778],[-91.2157,41.7793]],"type":"LineString"}},{"type":"Feature","properties":{"stroke":"#555555","stroke-width":2,"stroke-opacity":1,"name":""},"geometry":{"coordinates":[[-91.2154,41.7781],[-91.2154,41.7792]],"type":"LineString"}},{"type":"Feature","properties":{"stroke":"#555555","stroke-width":2,"stroke-opacity":1,"name":""},"geometry":{"coordinates":[[-91.215,41.7786],[-91.215,41.7787],[-91.215,41.7788],[-91.2151,41.7789],[-91.2151,41.7789],[-91.2152,41.779],[-91.2152,41.7791],[-91.2153,41.7792],[-91.2155,41.7792],[-91.2156,41.7793],[-91.2157,41.7793],[-91.2158,41.7793],[-91.216,41.7793],[-91.2161,41.7793],[-91.2162,41.7793],[-91.2163,41.7793],[-91.2164,41.7793],[-91.2165,41.7792],[-91.2166,41.7792],[-91.2167,41.7791],[-91.2167,41.779],[-91.2168,41.779],[-91.2168,41.7789],[-91.2169,41.7788],[-91.2169,41.7787],[-91.2169,41.7786],[-91.2169,41.7785],[-91.2169,41.7784],[-91.2168,41.7783],[-91.2167,41.7782],[-91.2167,41.7781],[-91.2166,41.7781],[-91.2165,41.778],[-91.2164,41.778],[-91.2163,41.778],[-91.2162,41.7779],[-91.2161,41.7779],[-91.216,41.7779],[-91.2158,41.7779],[-91.2157,41.7779],[-91.2156,41.778],[-91.2155,41.778],[-91.2154,41.7781],[-91.2153,41.7781],[-91.2152,41.7782],[-91.2151,41.7783],[-91.2151,41.7784],[-91.215,41.7785],[-91.215,41.7785],[-91.215,41.7786]],"type":"LineString"}},{"type":"Feature","properties":{"stroke":"#555555","stroke-width":2,"stroke-opacity":1,"name":""},"geometry":{"coordinates":[[-91.1944,41.7743],[-91.1944,41.7754]],"type":"LineString"}},{"type":"Feature","properties":{"stroke":"#555555","stroke-width":2,"stroke-opacity":1,"name":""},"geometry":{"coordinates":[[-91.194,41.7742],[-91.194,41.7755]],"type":"LineString"}},{"type":"Feature","properties":{"stroke":"#555555","stroke-width":2,"stroke-opacity":1,"name":""},"geometry":{"coordinates":[[-91.1936,41.7742],[-91.1936,41.7755]],"type":"LineString"}},{"type":"Feature","properties":{"stroke":"#555555","stroke-width":2,"stroke-opacity":1,"name":""},"geometry":{"coordinates":[[-91.1933,41.7743],[-91.1933,41.7754]],"type":"LineString"}},{"type":"Feature","properties":{"stroke":"#555555","stroke-width":2,"stroke-opacity":1,"name":""},"geometry":{"coordinates":[[-91.1929,41.7749],[-91.1929,41.7749],[-91.1929,41.775],[-91.193,41.7751],[-91.193,41.7752],[-91.1931,41.7753],[-91.1932,41.7753],[-91.1932,41.7754],[-91.1934,41.7755],[-91.1935,41.7755],[-91.1936,41.7755],[-91.1937,41.7756],[-91.1939,41.7756],[-91.194,41.7756],[-91.1941,41.7756],[-91.1942,41.7755],[-91.1943,41.7755],[-91.1944,41.7755],[-91.1945,41.7754],[-91.1946,41.7753],[-91.1946,41.7753],[-91.1947,41.7752],[-91.1948,41.7751],[-91.1948,41.775],[-91.1948,41.7749],[-91.1948,41.7748],[-91.1948,41.7747],[-91.1948,41.7746],[-91.1947,41.7745],[-91.1946,41.7745],[-91.1946,41.7744],[-91.1945,41.7743],[-91.1944,41.7743],[-91.1943,41.7742],[-91.1942,41.7742],[-91.1941,41.7742],[-91.194,41.7742],[-91.1939,41.7741],[-91.1937,41.7742],[-91.1936,41.7742],[-91.1935,41.7742],[-91.1934,41.7742],[-91.1933,41.7743],[-91.1932,41.7744],[-91.1931,41.7744],[-91.193,41.7745],[-91.193,41.7746],[-91.1929,41.7747],[-91.1929,41.7748],[-91.1929,41.7749]],"type":"LineString"}},{"type":"Feature","properties":{"stroke":"#555555","stroke-width":2,"stroke-opacity":1,"name":""},"geometry":{"coordinates":[[-91.1724,41.7701],[-91.1724,41.7712]],"type":"LineString"}},{"type":"Feature","properties":{"stroke":"#555555","stroke-width":2,"stroke-opacity":1,"name":""},"geometry":{"coordinates":[[-91.172,41.77],[-91.172,41.7713]],"type":"LineString"}},{"type":"Feature","properties":{"stroke":"#555555","stroke-width":2,"stroke-opacity":1,"name":""},"geometry":{"coordinates":[[-91.1717,41.77],[-91.1717,41.7713]],"type":"LineString"}},{"type":"Feature","properties":{"stroke":"#555555","stroke-width":2,"stroke-opacity":1,"name":""},"geometry":{"coordinates":[[-91.1713,41.7701],[-91.1713,41.7712]],"type":"LineString"}},{"type":"Feature","properties":{"stroke":"#555555","stroke-width":2,"stroke-opacity":1,"name":""},"geometry":{"coordinates":[[-91.1709,41.7706],[-91.1709,41.7707],[-91.171,41.7708],[-91.171,41.7709],[-91.171,41.771],[-91.1711,41.771],[-91.1712,41.7711],[-91.1713,41.7712],[-91.1714,41.7712],[-91.1715,41.7713],[-91.1716,41.7713],[-91.1718,41.7713],[-91.1719,41.7714],[-91.172,41.7713],[-91.1721,41.7713],[-91.1722,41.7713],[-91.1723,41.7713],[-91.1724,41.7712],[-91.1725,41.7712],[-91.1726,41.7711],[-91.1727,41.7711],[-91.1727,41.771],[-91.1728,41.7709],[-91.1728,41.7708],[-91.1728,41.7707],[-91.1728,41.7706],[-91.1728,41.7705],[-91.1728,41.7704],[-91.1727,41.7703],[-91.1727,41.7702],[-91.1726,41.7702],[-91.1725,41.7701],[-91.1724,41.7701],[-91.1723,41.77],[-91.1722,41.77],[-91.1721,41.77],[-91.172,41.7699],[-91.1719,41.7699],[-91.1718,41.7699],[-91.1716,41.77],[-91.1715,41.77],[-91.1714,41.77],[-91.1713,41.7701],[-91.1712,41.7702],[-91.1711,41.7702],[-91.171,41.7703],[-91.171,41.7704],[-91.171,41.7705],[-91.1709,41.7706],[-91.1709,41.7706]],"type":"LineString"}},{"type":"Feature","properties":{"stroke":"#555555","stroke-width":2,"stroke-opacity":1,"name":""},"geometry":{"coordinates":[[-91.368,41.8075],[-91.368,41.8086]],"type":"LineString"}},{"type":"Feature","properties":{"stroke":"#555555","stroke-width":2,"stroke-opacity":1,"name":""},"geometry":{"coordinates":[[-91.3676,41.8074],[-91.3676,41.8087]],"type":"LineString"}},{"type":"Feature","properties":{"stroke":"#555555","stroke-width":2,"stroke-opacity":1,"name":""},"geometry":{"coordinates":[[-91.3673,41.8074],[-91.3673,41.8087]],"type":"LineString"}},{"type":"Feature","properties":{"stroke":"#555555","stroke-width":2,"stroke-opacity":1,"name":""},"geometry":{"coordinates":[[-91.3669,41.8075],[-91.3669,41.8086]],"type":"LineString"}},{"type":"Feature","properties":{"stroke":"#555555","stroke-width":2,"stroke-opacity":1,"name":""},"geometry":{"coordinates":[[-91.3665,41.8081],[-91.3665,41.8082],[-91.3666,41.8082],[-91.3666,41.8083],[-91.3666,41.8084],[-91.3667,41.8085],[-91.3668,41.8086],[-91.3669,41.8086],[-91.367,41.8087],[-91.3671,41.8087],[-91.3672,41.8088],[-91.3674,41.8088],[-91.3675,41.8088],[-91.3676,41.8088],[-91.3677,41.8088],[-91.3678,41.8088],[-91.3679,41.8087],[-91.368,41.8087],[-91.3681,41.8086],[-91.3682,41.8086],[-91.3683,41.8085],[-91.3683,41.8084],[-91.3684,41.8083],[-91.3684,41.8082],[-91.3684,41.8081],[-91.3684,41.808],[-91.3684,41.8079],[-91.3684,41.8078],[-91.3683,41.8078],[-91.3683,41.8077],[-91.3682,41.8076],[-91.3681,41.8075],[-91.368,41.8075],[-91.3679,41.8075],[-91.3678,41.8074],[-91.3677,41.8074],[-91.3676,41.8074],[-91.3675,41.8074],[-91.3674,41.8074],[-91.3672,41.8074],[-91.3671,41.8074],[-91.367,41.8075],[-91.3669,41.8075],[-91.3668,41.8076],[-91.3667,41.8077],[-91.3666,41.8078],[-91.3666,41.8078],[-91.3666,41.8079],[-91.3665,41.808],[-91.3665,41.8081]],"type":"LineString"}},{"type":"Feature","properties":{"stroke":"#555555","stroke-width":2,"stroke-opacity":1,"name":""},"geometry":{"coordinates":[[-91.3464,41.8032],[-91.3464,41.8043]],"type":"LineString"}},{"type":"Feature","properties":{"stroke":"#555555","stroke-width":2,"stroke-opacity":1,"name":""},"geometry":{"coordinates":[[-91.346,41.8031],[-91.346,41.8044]],"type":"LineString"}},{"type":"Feature","properties":{"stroke":"#555555","stroke-width":2,"stroke-opacity":1,"name":""},"geometry":{"coordinates":[[-91.3457,41.8031],[-91.3456,41.8044]],"type":"LineString"}},{"type":"Feature","properties":{"stroke":"#555555","stroke-width":2,"stroke-opacity":1,"name":""},"geometry":{"coordinates":[[-91.3453,41.8032],[-91.3453,41.8043]],"type":"LineString"}},{"type":"Feature","properties":{"stroke":"#555555","stroke-width":2,"stroke-opacity":1,"name":""},"geometry":{"coordinates":[[-91.3449,41.8037],[-91.3449,41.8038],[-91.3449,41.8039],[-91.345,41.804],[-91.345,41.804],[-91.3451,41.8041],[-91.3452,41.8042],[-91.3453,41.8043],[-91.3454,41.8043],[-91.3455,41.8044],[-91.3456,41.8044],[-91.3457,41.8044],[-91.3459,41.8044],[-91.346,41.8044],[-91.3461,41.8044],[-91.3462,41.8044],[-91.3463,41.8044],[-91.3464,41.8043],[-91.3465,41.8043],[-91.3466,41.8042],[-91.3466,41.8041],[-91.3467,41.8041],[-91.3468,41.804],[-91.3468,41.8039],[-91.3468,41.8038],[-91.3468,41.8037],[-91.3468,41.8036],[-91.3468,41.8035],[-91.3467,41.8034],[-91.3467,41.8033],[-91.3466,41.8032],[-91.3465,41.8032],[-91.3464,41.8031],[-91.3463,41.8031],[-91.3462,41.8031],[-91.3461,41.803],[-91.346,41.803],[-91.3459,41.803],[-91.3458,41.803],[-91.3456,41.803],[-91.3455,41.8031],[-91.3454,41.8031],[-91.3453,41.8032],[-91.3452,41.8032],[-91.3451,41.8033],[-91.345,41.8034],[-91.345,41.8035],[-91.3449,41.8036],[-91.3449,41.8036],[-91.3449,41.8037]],"type":"LineString"}},{"type":"Feature","properties":{"stroke":"#555555","stroke-width":2,"stroke-opacity":1,"name":""},"geometry":{"coordinates":[[-91.3248,41.7991],[-91.3248,41.8002]],"type":"LineString"}},{"type":"Feature","properties":{"stroke":"#555555","stroke-width":2,"stroke-opacity":1,"name":""},"geometry":{"coordinates":[[-91.3244,41.799],[-91.3244,41.8003]],"type":"LineString"}},{"type":"Feature","properties":{"stroke":"#555555","stroke-width":2,"stroke-opacity":1,"name":""},"geometry":{"coordinates":[[-91.324,41.799],[-91.324,41.8003]],"type":"LineString"}},{"type":"Feature","properties":{"stroke":"#555555","stroke-width":2,"stroke-opacity":1,"name":""},"geometry":{"coordinates":[[-91.3237,41.7991],[-91.3237,41.8002]],"type":"LineString"}},{"type":"Feature","properties":{"stroke":"#555555","stroke-width":2,"stroke-opacity":1,"name":""},"geometry":{"coordinates":[[-91.3233,41.7996],[-91.3233,41.7997],[-91.3233,41.7998],[-91.3234,41.7999],[-91.3234,41.7999],[-91.3235,41.8],[-91.3235,41.8001],[-91.3236,41.8002],[-91.3238,41.8002],[-91.3239,41.8003],[-91.324,41.8003],[-91.3241,41.8003],[-91.3243,41.8003],[-91.3244,41.8003],[-91.3245,41.8003],[-91.3246,41.8003],[-91.3247,41.8003],[-91.3248,41.8002],[-91.3249,41.8002],[-91.325,41.8001],[-91.325,41.8],[-91.3251,41.8],[-91.3251,41.7999],[-91.3252,41.7998],[-91.3252,41.7997],[-91.3252,41.7996],[-91.3252,41.7995],[-91.3252,41.7994],[-91.3251,41.7993],[-91.325,41.7992],[-91.325,41.7991],[-91.3249,41.7991],[-91.3248,41.799],[-91.3247,41.799],[-91.3246,41.799],[-91.3245,41.7989],[-91.3244,41.7989],[-91.3243,41.7989],[-91.3241,41.7989],[-91.324,41.7989],[-91.3239,41.799],[-91.3238,41.799],[-91.3237,41.7991],[-91.3236,41.7991],[-91.3235,41.7992],[-91.3234,41.7993],[-91.3234,41.7994],[-91.3233,41.7995],[-91.3233,41.7995],[-91.3233,41.7996]],"type":"LineString"}},{"type":"Feature","properties":{"stroke":"#555555","stroke-width":2,"stroke-opacity":1,"name":""},"geometry":{"coordinates":[[-91.3033,41.7949],[-91.3033,41.796]],"type":"LineString"}},{"type":"Feature","properties":{"stroke":"#555555","stroke-width":2,"stroke-opacity":1,"name":""},"geometry":{"coordinates":[[-91.3029,41.7948],[-91.3029,41.7961]],"type":"LineString"}},{"type":"Feature","properties":{"stroke":"#555555","stroke-width":2,"stroke-opacity":1,"name":""},"geometry":{"coordinates":[[-91.3025,41.7948],[-91.3025,41.7961]],"type":"LineString"}},{"type":"Feature","properties":{"stroke":"#555555","stroke-width":2,"stroke-opacity":1,"name":""},"geometry":{"coordinates":[[-91.3022,41.7949],[-91.3022,41.796]],"type":"LineString"}},{"type":"Feature","properties":{"stroke":"#555555","stroke-width":2,"stroke-opacity":1,"name":""},"geometry":{"coordinates":[[-91.3018,41.7954],[-91.3018,41.7955],[-91.3018,41.7956],[-91.3019,41.7957],[-91.3019,41.7958],[-91.302,41.7958],[-91.3021,41.7959],[-91.3021,41.796],[-91.3023,41.796],[-91.3024,41.7961],[-91.3025,41.7961],[-91.3026,41.7961],[-91.3028,41.7961],[-91.3029,41.7961],[-91.303,41.7961],[-91.3031,41.7961],[-91.3032,41.7961],[-91.3033,41.796],[-91.3034,41.796],[-91.3035,41.7959],[-91.3035,41.7958],[-91.3036,41.7958],[-91.3037,41.7957],[-91.3037,41.7956],[-91.3037,41.7955],[-91.3037,41.7954],[-91.3037,41.7953],[-91.3037,41.7952],[-91.3036,41.7951],[-91.3035,41.795],[-91.3035,41.795],[-91.3034,41.7949],[-91.3033,41.7948],[-91.3032,41.7948],[-91.3031,41.7948],[-91.303,41.7947],[-91.3029,41.7947],[-91.3028,41.7947],[-91.3026,41.7947],[-91.3025,41.7947],[-91.3024,41.7948],[-91.3023,41.7948],[-91.3022,41.7949],[-91.3021,41.7949],[-91.302,41.795],[-91.3019,41.7951],[-91.3019,41.7952],[-91.3018,41.7953],[-91.3018,41.7953],[-91.3018,41.7954]],"type":"LineString"}},{"type":"Feature","properties":{"stroke":"#555555","stroke-width":2,"stroke-opacity":1,"name":""},"geometry":{"coordinates":[[-91.2819,41.7911],[-91.2819,41.7922]],"type":"LineString"}},{"type":"Feature","properties":{"stroke":"#555555","stroke-width":2,"stroke-opacity":1,"name":""},"geometry":{"coordinates":[[-91.2815,41.7909],[-91.2815,41.7923]],"type":"LineString"}},{"type":"Feature","properties":{"stroke":"#555555","stroke-width":2,"stroke-opacity":1,"name":""},"geometry":{"coordinates":[[-91.2812,41.7909],[-91.2812,41.7923]],"type":"LineString"}},{"type":"Feature","properties":{"stroke":"#555555","stroke-width":2,"stroke-opacity":1,"name":""},"geometry":{"coordinates":[[-91.2808,41.791],[-91.2808,41.7921]],"type":"LineString"}},{"type":"Feature","properties":{"stroke":"#555555","stroke-width":2,"stroke-opacity":1,"name":""},"geometry":{"coordinates":[[-91.2804,41.7916],[-91.2804,41.7917],[-91.2805,41.7918],[-91.2805,41.7918],[-91.2805,41.7919],[-91.2806,41.792],[-91.2807,41.7921],[-91.2808,41.7921],[-91.2809,41.7922],[-91.281,41.7923],[-91.2811,41.7923],[-91.2813,41.7923],[-91.2814,41.7923],[-91.2815,41.7923],[-91.2816,41.7923],[-91.2817,41.7923],[-91.2818,41.7922],[-91.2819,41.7922],[-91.282,41.7921],[-91.2821,41.7921],[-91.2822,41.792],[-91.2822,41.7919],[-91.2823,41.7918],[-91.2823,41.7918],[-91.2823,41.7917],[-91.2823,41.7916],[-91.2823,41.7915],[-91.2823,41.7914],[-91.2822,41.7913],[-91.2822,41.7912],[-91.2821,41.7911],[-91.282,41.7911],[-91.2819,41.791],[-91.2818,41.791],[-91.2817,41.7909],[-91.2816,41.7909],[-91.2815,41.7909],[-91.2814,41.7909],[-91.2813,41.7909],[-91.2811,41.7909],[-91.281,41.7909],[-91.2809,41.791],[-91.2808,41.791],[-91.2807,41.7911],[-91.2806,41.7912],[-91.2805,41.7913],[-91.2805,41.7914],[-91.2805,41.7914],[-91.2804,41.7915],[-91.2804,41.7916]],"type":"LineString"}},{"type":"Feature","properties":{"stroke":"#555555","stroke-width":2,"stroke-opacity":1,"name":""},"geometry":{"coordinates":[[-91.5572,41.6238],[-91.5572,41.6249]],"type":"LineString"}},{"type":"Feature","properties":{"stroke":"#555555","stroke-width":2,"stroke-opacity":1,"name":""},"geometry":{"coordinates":[[-91.5568,41.6237],[-91.5568,41.625]],"type":"LineString"}},{"type":"Feature","properties":{"stroke":"#555555","stroke-width":2,"stroke-opacity":1,"name":""},"geometry":{"coordinates":[[-91.5564,41.6237],[-91.5564,41.625]],"type":"LineString"}},{"type":"Feature","properties":{"stroke":"#555555","stroke-width":2,"stroke-opacity":1,"name":""},"geometry":{"coordinates":[[-91.5561,41.6238],[-91.5561,41.6249]],"type":"LineString"}},{"type":"Feature","properties":{"stroke":"#555555","stroke-width":2,"stroke-opacity":1,"name":""},"geometry":{"coordinates":[[-91.5557,41.6243],[-91.5557,41.6244],[-91.5557,41.6245],[-91.5557,41.6246],[-91.5558,41.6246],[-91.5559,41.6247],[-91.5559,41.6248],[-91.556,41.6249],[-91.5561,41.6249],[-91.5563,41.625],[-91.5564,41.625],[-91.5565,41.625],[-91.5566,41.625],[-91.5568,41.625],[-91.5569,41.625],[-91.557,41.625],[-91.5571,41.6249],[-91.5572,41.6249],[-91.5573,41.6249],[-91.5573,41.6248],[-91.5574,41.6247],[-91.5575,41.6246],[-91.5575,41.6246],[-91.5576,41.6245],[-91.5576,41.6244],[-91.5576,41.6243],[-91.5576,41.6242],[-91.5575,41.6241],[-91.5575,41.624],[-91.5574,41.6239],[-91.5573,41.6238],[-91.5573,41.6238],[-91.5572,41.6237],[-91.5571,41.6237],[-91.557,41.6237],[-91.5569,41.6236],[-91.5568,41.6236],[-91.5566,41.6236],[-91.5565,41.6236],[-91.5564,41.6236],[-91.5563,41.6237],[-91.5561,41.6237],[-91.556,41.6238],[-91.5559,41.6238],[-91.5559,41.6239],[-91.5558,41.624],[-91.5557,41.6241],[-91.5557,41.6242],[-91.5557,41.6242],[-91.5557,41.6243]],"type":"LineString"}},{"type":"Feature","properties":{"stroke":"#555555","stroke-width":2,"stroke-opacity":1,"name":""},"geometry":{"coordinates":[[-91.5655,41.6083],[-91.5655,41.6094]],"type":"LineString"}},{"type":"Feature","properties":{"stroke":"#555555","stroke-width":2,"stroke-opacity":1,"name":""},"geometry":{"coordinates":[[-91.5651,41.6082],[-91.5651,41.6095]],"type":"LineString"}},{"type":"Feature","properties":{"stroke":"#555555","stroke-width":2,"stroke-opacity":1,"name":""},"geometry":{"coordinates":[[-91.5648,41.6082],[-91.5647,41.6095]],"type":"LineString"}},{"type":"Feature","properties":{"stroke":"#555555","stroke-width":2,"stroke-opacity":1,"name":""},"geometry":{"coordinates":[[-91.5644,41.6083],[-91.5644,41.6094]],"type":"LineString"}},{"type":"Feature","properties":{"stroke":"#555555","stroke-width":2,"stroke-opacity":1,"name":""},"geometry":{"coordinates":[[-91.564,41.6089],[-91.564,41.6089],[-91.564,41.609],[-91.5641,41.6091],[-91.5641,41.6092],[-91.5642,41.6093],[-91.5643,41.6093],[-91.5644,41.6094],[-91.5645,41.6095],[-91.5646,41.6095],[-91.5647,41.6096],[-91.5648,41.6096],[-91.565,41.6096],[-91.5651,41.6096],[-91.5652,41.6096],[-91.5653,41.6095],[-91.5654,41.6095],[-91.5655,41.6095],[-91.5656,41.6094],[-91.5657,41.6093],[-91.5657,41.6093],[-91.5658,41.6092],[-91.5659,41.6091],[-91.5659,41.609],[-91.5659,41.6089],[-91.5659,41.6088],[-91.5659,41.6087],[-91.5659,41.6086],[-91.5658,41.6085],[-91.5657,41.6085],[-91.5657,41.6084],[-91.5656,41.6083],[-91.5655,41.6083],[-91.5654,41.6082],[-91.5653,41.6082],[-91.5652,41.6082],[-91.5651,41.6082],[-91.565,41.6081],[-91.5648,41.6082],[-91.5647,41.6082],[-91.5646,41.6082],[-91.5645,41.6083],[-91.5644,41.6083],[-91.5643,41.6084],[-91.5642,41.6085],[-91.5641,41.6085],[-91.5641,41.6086],[-91.564,41.6087],[-91.564,41.6088],[-91.564,41.6089]],"type":"LineString"}},{"type":"Feature","properties":{"stroke":"#555555","stroke-width":2,"stroke-opacity":1,"name":""},"geometry":{"coordinates":[[-91.5738,41.5929],[-91.5738,41.594]],"type":"LineString"}},{"type":"Feature","properties":{"stroke":"#555555","stroke-width":2,"stroke-opacity":1,"name":""},"geometry":{"coordinates":[[-91.5734,41.5928],[-91.5734,41.5941]],"type":"LineString"}},{"type":"Feature","properties":{"stroke":"#555555","stroke-width":2,"stroke-opacity":1,"name":""},"geometry":{"coordinates":[[-91.5731,41.5928],[-91.5731,41.5941]],"type":"LineString"}},{"type":"Feature","properties":{"stroke":"#555555","stroke-width":2,"stroke-opacity":1,"name":""},"geometry":{"coordinates":[[-91.5727,41.5929],[-91.5727,41.594]],"type":"LineString"}},{"type":"Feature","properties":{"stroke":"#555555","stroke-width":2,"stroke-opacity":1,"name":""},"geometry":{"coordinates":[[-91.5723,41.5934],[-91.5723,41.5935],[-91.5724,41.5936],[-91.5724,41.5937],[-91.5724,41.5937],[-91.5725,41.5938],[-91.5726,41.5939],[-91.5727,41.594],[-91.5728,41.594],[-91.5729,41.5941],[-91.573,41.5941],[-91.5732,41.5941],[-91.5733,41.5941],[-91.5734,41.5941],[-91.5735,41.5941],[-91.5736,41.5941],[-91.5737,41.594],[-91.5738,41.594],[-91.5739,41.594],[-91.574,41.5939],[-91.5741,41.5938],[-91.5741,41.5937],[-91.5742,41.5937],[-91.5742,41.5936],[-91.5742,41.5935],[-91.5742,41.5934],[-91.5742,41.5933],[-91.5742,41.5932],[-91.5741,41.5931],[-91.5741,41.593],[-91.574,41.5929],[-91.5739,41.5929],[-91.5738,41.5928],[-91.5737,41.5928],[-91.5736,41.5927],[-91.5735,41.5927],[-91.5734,41.5927],[-91.5733,41.5927],[-91.5732,41.5927],[-91.573,41.5927],[-91.5729,41.5928],[-91.5728,41.5928],[-91.5727,41.5929],[-91.5726,41.5929],[-91.5725,41.593],[-91.5724,41.5931],[-91.5724,41.5932],[-91.5724,41.5933],[-91.5723,41.5933],[-91.5723,41.5934]],"type":"LineString"}},{"type":"Feature","properties":{"stroke":"#555555","stroke-width":2,"stroke-opacity":1,"name":""},"geometry":{"coordinates":[[-91.5821,41.5774],[-91.5821,41.5785]],"type":"LineString"}},{"type":"Feature","properties":{"stroke":"#555555","stroke-width":2,"stroke-opacity":1,"name":""},"geometry":{"coordinates":[[-91.5818,41.5773],[-91.5818,41.5786]],"type":"LineString"}},{"type":"Feature","properties":{"stroke":"#555555","stroke-width":2,"stroke-opacity":1,"name":""},"geometry":{"coordinates":[[-91.5814,41.5773],[-91.5814,41.5786]],"type":"LineString"}},{"type":"Feature","properties":{"stroke":"#555555","stroke-width":2,"stroke-opacity":1,"name":""},"geometry":{"coordinates":[[-91.581,41.5774],[-91.581,41.5785]],"type":"LineString"}},{"type":"Feature","properties":{"stroke":"#555555","stroke-width":2,"stroke-opacity":1,"name":""},"geometry":{"coordinates":[[-91.5807,41.578],[-91.5807,41.578],[-91.5807,41.5781],[-91.5807,41.5782],[-91.5808,41.5783],[-91.5808,41.5784],[-91.5809,41.5784],[-91.581,41.5785],[-91.5811,41.5786],[-91.5812,41.5786],[-91.5814,41.5786],[-91.5815,41.5787],[-91.5816,41.5787],[-91.5817,41.5787],[-91.5819,41.5786],[-91.582,41.5786],[-91.5821,41.5786],[-91.5821,41.5785],[-91.5822,41.5785],[-91.5823,41.5784],[-91.5824,41.5784],[-91.5825,41.5783],[-91.5825,41.5782],[-91.5825,41.5781],[-91.5826,41.578],[-91.5826,41.5779],[-91.5825,41.5778],[-91.5825,41.5777],[-91.5825,41.5776],[-91.5824,41.5775],[-91.5823,41.5775],[-91.5822,41.5774],[-91.5821,41.5774],[-91.5821,41.5773],[-91.582,41.5773],[-91.5819,41.5773],[-91.5817,41.5772],[-91.5816,41.5772],[-91.5815,41.5772],[-91.5814,41.5773],[-91.5812,41.5773],[-91.5811,41.5773],[-91.581,41.5774],[-91.5809,41.5775],[-91.5808,41.5775],[-91.5808,41.5776],[-91.5807,41.5777],[-91.5807,41.5778],[-91.5807,41.5779],[-91.5807,41.578]],"type":"LineString"}},{"type":"Feature","properties":{"stroke":"#555555","stroke-width":2,"stroke-opacity":1,"name":""},"geometry":{"coordinates":[[-91.5904,41.562],[-91.5904,41.5631]],"type":"LineString"}},{"type":"Feature","properties":{"stroke":"#555555","stroke-width":2,"stroke-opacity":1,"name":""},"geometry":{"coordinates":[[-91.5901,41.5618],[-91.5901,41.5632]],"type":"LineString"}},{"type":"Feature","properties":{"stroke":"#555555","stroke-width":2,"stroke-opacity":1,"name":""},"geometry":{"coordinates":[[-91.5897,41.5618],[-91.5897,41.5632]],"type":"LineString"}},{"type":"Feature","properties":{"stroke":"#555555","stroke-width":2,"stroke-opacity":1,"name":""},"geometry":{"coordinates":[[-91.5893,41.562],[-91.5893,41.5631]],"type":"LineString"}},{"type":"Feature","properties":{"stroke":"#555555","stroke-width":2,"stroke-opacity":1,"name":""},"geometry":{"coordinates":[[-91.589,41.5625],[-91.589,41.5626],[-91.589,41.5627],[-91.589,41.5627],[-91.5891,41.5628],[-91.5891,41.5629],[-91.5892,41.563],[-91.5893,41.5631],[-91.5894,41.5631],[-91.5896,41.5632],[-91.5897,41.5632],[-91.5898,41.5632],[-91.5899,41.5632],[-91.5901,41.5632],[-91.5902,41.5632],[-91.5903,41.5632],[-91.5904,41.5631],[-91.5905,41.5631],[-91.5905,41.563],[-91.5906,41.563],[-91.5907,41.5629],[-91.5908,41.5628],[-91.5908,41.5627],[-91.5909,41.5627],[-91.5909,41.5626],[-91.5909,41.5625],[-91.5909,41.5624],[-91.5908,41.5623],[-91.5908,41.5622],[-91.5907,41.5621],[-91.5906,41.562],[-91.5905,41.562],[-91.5905,41.5619],[-91.5904,41.5619],[-91.5903,41.5618],[-91.5902,41.5618],[-91.5901,41.5618],[-91.5899,41.5618],[-91.5898,41.5618],[-91.5897,41.5618],[-91.5896,41.5618],[-91.5894,41.5619],[-91.5893,41.562],[-91.5892,41.562],[-91.5891,41.5621],[-91.5891,41.5622],[-91.589,41.5623],[-91.589,41.5623],[-91.589,41.5624],[-91.589,41.5625]],"type":"LineString"}},{"type":"Feature","properties":{"stroke":"#555555","stroke-width":2,"stroke-opacity":1,"name":""},"geometry":{"coordinates":[[-91.5988,41.5465],[-91.5987,41.5476]],"type":"LineString"}},{"type":"Feature","properties":{"stroke":"#555555","stroke-width":2,"stroke-opacity":1,"name":""},"geometry":{"coordinates":[[-91.5984,41.5464],[-91.5984,41.5477]],"type":"LineString"}},{"type":"Feature","properties":{"stroke":"#555555","stroke-width":2,"stroke-opacity":1,"name":""},"geometry":{"coordinates":[[-91.598,41.5464],[-91.598,41.5477]],"type":"LineString"}},{"type":"Feature","properties":{"stroke":"#555555","stroke-width":2,"stroke-opacity":1,"name":""},"geometry":{"coordinates":[[-91.5977,41.5465],[-91.5977,41.5476]],"type":"LineString"}},{"type":"Feature","properties":{"stroke":"#555555","stroke-width":2,"stroke-opacity":1,"name":""},"geometry":{"coordinates":[[-91.5973,41.547],[-91.5973,41.5471],[-91.5973,41.5472],[-91.5973,41.5473],[-91.5974,41.5474],[-91.5975,41.5475],[-91.5975,41.5475],[-91.5976,41.5476],[-91.5977,41.5477],[-91.5979,41.5477],[-91.598,41.5477],[-91.5981,41.5478],[-91.5982,41.5478],[-91.5984,41.5478],[-91.5985,41.5477],[-91.5986,41.5477],[-91.5987,41.5477],[-91.5988,41.5476],[-91.5989,41.5476],[-91.5989,41.5475],[-91.599,41.5475],[-91.5991,41.5474],[-91.5991,41.5473],[-91.5992,41.5472],[-91.5992,41.5471],[-91.5992,41.547],[-91.5992,41.5469],[-91.5991,41.5468],[-91.5991,41.5467],[-91.599,41.5466],[-91.5989,41.5466],[-91.5989,41.5465],[-91.5988,41.5465],[-91.5987,41.5464],[-91.5986,41.5464],[-91.5985,41.5464],[-91.5984,41.5463],[-91.5982,41.5463],[-91.5981,41.5463],[-91.598,41.5464],[-91.5979,41.5464],[-91.5977,41.5464],[-91.5976,41.5465],[-91.5975,41.5466],[-91.5975,41.5466],[-91.5974,41.5467],[-91.5973,41.5468],[-91.5973,41.5469],[-91.5973,41.547],[-91.5973,41.547]],"type":"LineString"}},{"type":"Feature","properties":{"stroke":"#555555","stroke-width":2,"stroke-opacity":1,"name":""},"geometry":{"coordinates":[[-91.6069,41.531],[-91.6069,41.5321]],"type":"LineString"}},{"type":"Feature","properties":{"stroke":"#555555","stroke-width":2,"stroke-opacity":1,"name":""},"geometry":{"coordinates":[[-91.6066,41.5309],[-91.6066,41.5323]],"type":"LineString"}},{"type":"Feature","properties":{"stroke":"#555555","stroke-width":2,"stroke-opacity":1,"name":""},"geometry":{"coordinates":[[-91.6062,41.5309],[-91.6062,41.5323]],"type":"LineString"}},{"type":"Feature","properties":{"stroke":"#555555","stroke-width":2,"stroke-opacity":1,"name":""},"geometry":{"coordinates":[[-91.6058,41.531],[-91.6058,41.5321]],"type":"LineString"}},{"type":"Feature","properties":{"stroke":"#555555","stroke-width":2,"stroke-opacity":1,"name":""},"geometry":{"coordinates":[[-91.6055,41.5316],[-91.6055,41.5317],[-91.6055,41.5318],[-91.6055,41.5318],[-91.6056,41.5319],[-91.6056,41.532],[-91.6057,41.5321],[-91.6058,41.5321],[-91.6059,41.5322],[-91.606,41.5322],[-91.6062,41.5323],[-91.6063,41.5323],[-91.6064,41.5323],[-91.6066,41.5323],[-91.6067,41.5323],[-91.6068,41.5323],[-91.6069,41.5322],[-91.607,41.5322],[-91.607,41.5321],[-91.6071,41.5321],[-91.6072,41.532],[-91.6073,41.5319],[-91.6073,41.5318],[-91.6074,41.5317],[-91.6074,41.5316],[-91.6074,41.5315],[-91.6074,41.5314],[-91.6073,41.5313],[-91.6073,41.5313],[-91.6072,41.5312],[-91.6071,41.5311],[-91.607,41.5311],[-91.607,41.531],[-91.6069,41.531],[-91.6068,41.5309],[-91.6067,41.5309],[-91.6066,41.5309],[-91.6064,41.5309],[-91.6063,41.5309],[-91.6062,41.5309],[-91.6061,41.5309],[-91.6059,41.531],[-91.6058,41.531],[-91.6057,41.5311],[-91.6056,41.5312],[-91.6056,41.5313],[-91.6055,41.5313],[-91.6055,41.5314],[-91.6055,41.5315],[-91.6055,41.5316]],"type":"LineString"}},{"type":"Feature","properties":{"stroke":"#555555","stroke-width":2,"stroke-opacity":1,"name":""},"geometry":{"coordinates":[[-91.6152,41.5156],[-91.6152,41.5167]],"type":"LineString"}},{"type":"Feature","properties":{"stroke":"#555555","stroke-width":2,"stroke-opacity":1,"name":""},"geometry":{"coordinates":[[-91.6149,41.5155],[-91.6149,41.5168]],"type":"LineString"}},{"type":"Feature","properties":{"stroke":"#555555","stroke-width":2,"stroke-opacity":1,"name":""},"geometry":{"coordinates":[[-91.6145,41.5155],[-91.6145,41.5168]],"type":"LineString"}},{"type":"Feature","properties":{"stroke":"#555555","stroke-width":2,"stroke-opacity":1,"name":""},"geometry":{"coordinates":[[-91.6141,41.5156],[-91.6141,41.5167]],"type":"LineString"}},{"type":"Feature","properties":{"stroke":"#555555","stroke-width":2,"stroke-opacity":1,"name":""},"geometry":{"coordinates":[[-91.6138,41.5161],[-91.6138,41.5162],[-91.6138,41.5163],[-91.6138,41.5164],[-91.6139,41.5165],[-91.6139,41.5165],[-91.614,41.5166],[-91.6141,41.5167],[-91.6142,41.5167],[-91.6144,41.5168],[-91.6145,41.5168],[-91.6146,41.5168],[-91.6147,41.5169],[-91.6149,41.5168],[-91.615,41.5168],[-91.6151,41.5168],[-91.6152,41.5168],[-91.6153,41.5167],[-91.6153,41.5167],[-91.6154,41.5166],[-91.6155,41.5165],[-91.6156,41.5165],[-91.6156,41.5164],[-91.6157,41.5163],[-91.6157,41.5162],[-91.6157,41.5161],[-91.6157,41.516],[-91.6156,41.5159],[-91.6156,41.5158],[-91.6155,41.5157],[-91.6154,41.5157],[-91.6153,41.5156],[-91.6153,41.5155],[-91.6152,41.5155],[-91.6151,41.5155],[-91.615,41.5154],[-91.6149,41.5154],[-91.6147,41.5154],[-91.6146,41.5154],[-91.6145,41.5154],[-91.6144,41.5155],[-91.6142,41.5155],[-91.6141,41.5156],[-91.614,41.5157],[-91.614,41.5157],[-91.6139,41.5158],[-91.6138,41.5159],[-91.6138,41.516],[-91.6138,41.5161],[-91.6138,41.5161]],"type":"LineString"}},{"type":"Feature","properties":{"stroke":"#555555","stroke-width":2,"stroke-opacity":1,"name":""},"geometry":{"coordinates":[[-91.6235,41.5001],[-91.6235,41.5012]],"type":"LineString"}},{"type":"Feature","properties":{"stroke":"#555555","stroke-width":2,"stroke-opacity":1,"name":""},"geometry":{"coordinates":[[-91.6232,41.5],[-91.6232,41.5013]],"type":"LineString"}},{"type":"Feature","properties":{"stroke":"#555555","stroke-width":2,"stroke-opacity":1,"name":""},"geometry":{"coordinates":[[-91.6228,41.5],[-91.6228,41.5013]],"type":"LineString"}},{"type":"Feature","properties":{"stroke":"#555555","stroke-width":2,"stroke-opacity":1,"name":""},"geometry":{"coordinates":[[-91.6224,41.5001],[-91.6224,41.5012]],"type":"LineString"}},{"type":"Feature","properties":{"stroke":"#555555","stroke-width":2,"stroke-opacity":1,"name":""},"geometry":{"coordinates":[[-91.6221,41.5007],[-91.6221,41.5008],[-91.6221,41.5008],[-91.6221,41.5009],[-91.6222,41.501],[-91.6222,41.5011],[-91.6223,41.5012],[-91.6224,41.5012],[-91.6225,41.5013],[-91.6227,41.5013],[-91.6228,41.5014],[-91.6229,41.5014],[-91.623,41.5014],[-91.6232,41.5014],[-91.6233,41.5014],[-91.6234,41.5013],[-91.6235,41.5013],[-91.6236,41.5013],[-91.6236,41.5012],[-91.6237,41.5012],[-91.6238,41.5011],[-91.6239,41.501],[-91.6239,41.5009],[-91.624,41.5008],[-91.624,41.5007],[-91.624,41.5006],[-91.624,41.5005],[-91.6239,41.5004],[-91.6239,41.5003],[-91.6238,41.5003],[-91.6237,41.5002],[-91.6236,41.5001],[-91.6236,41.5001],[-91.6235,41.5],[-91.6234,41.5],[-91.6233,41.5],[-91.6232,41.5],[-91.623,41.5],[-91.6229,41.5],[-91.6228,41.5],[-91.6227,41.5],[-91.6225,41.5001],[-91.6224,41.5001],[-91.6223,41.5002],[-91.6223,41.5003],[-91.6222,41.5004],[-91.6221,41.5004],[-91.6221,41.5005],[-91.6221,41.5006],[-91.6221,41.5007]],"type":"LineString"}},{"type":"Feature","properties":{"stroke":"#555555","stroke-width":2,"stroke-opacity":1,"name":""},"geometry":{"coordinates":[[-91.6318,41.4847],[-91.6318,41.4858]],"type":"LineString"}},{"type":"Feature","properties":{"stroke":"#555555","stroke-width":2,"stroke-opacity":1,"name":""},"geometry":{"coordinates":[[-91.6315,41.4846],[-91.6315,41.4859]],"type":"LineString"}},{"type":"Feature","properties":{"stroke":"#555555","stroke-width":2,"stroke-opacity":1,"name":""},"geometry":{"coordinates":[[-91.6311,41.4846],[-91.6311,41.4859]],"type":"LineString"}},{"type":"Feature","properties":{"stroke":"#555555","stroke-width":2,"stroke-opacity":1,"name":""},"geometry":{"coordinates":[[-91.6307,41.4847],[-91.6307,41.4858]],"type":"LineString"}},{"type":"Feature","properties":{"stroke":"#555555","stroke-width":2,"stroke-opacity":1,"name":""},"geometry":{"coordinates":[[-91.6304,41.4852],[-91.6304,41.4853],[-91.6304,41.4854],[-91.6304,41.4855],[-91.6305,41.4855],[-91.6305,41.4856],[-91.6306,41.4857],[-91.6307,41.4858],[-91.6308,41.4858],[-91.6309,41.4859],[-91.6311,41.4859],[-91.6312,41.4859],[-91.6313,41.4859],[-91.6315,41.4859],[-91.6316,41.4859],[-91.6317,41.4859],[-91.6318,41.4859],[-91.6319,41.4858],[-91.6319,41.4858],[-91.632,41.4857],[-91.6321,41.4856],[-91.6322,41.4856],[-91.6322,41.4855],[-91.6323,41.4854],[-91.6323,41.4853],[-91.6323,41.4852],[-91.6323,41.4851],[-91.6322,41.485],[-91.6322,41.4849],[-91.6321,41.4848],[-91.632,41.4847],[-91.6319,41.4847],[-91.6319,41.4846],[-91.6318,41.4846],[-91.6317,41.4846],[-91.6316,41.4845],[-91.6315,41.4845],[-91.6313,41.4845],[-91.6312,41.4845],[-91.6311,41.4845],[-91.631,41.4846],[-91.6308,41.4846],[-91.6307,41.4847],[-91.6306,41.4847],[-91.6305,41.4848],[-91.6305,41.4849],[-91.6304,41.485],[-91.6304,41.4851],[-91.6304,41.4851],[-91.6304,41.4852]],"type":"LineString"}},{"type":"Feature","properties":{"stroke":"#555555","stroke-width":2,"stroke-opacity":1,"name":""},"geometry":{"coordinates":[[-91.64,41.4692],[-91.64,41.4703]],"type":"LineString"}},{"type":"Feature","properties":{"stroke":"#555555","stroke-width":2,"stroke-opacity":1,"name":""},"geometry":{"coordinates":[[-91.6396,41.4691],[-91.6396,41.4704]],"type":"LineString"}},{"type":"Feature","properties":{"stroke":"#555555","stroke-width":2,"stroke-opacity":1,"name":""},"geometry":{"coordinates":[[-91.6393,41.4691],[-91.6393,41.4704]],"type":"LineString"}},{"type":"Feature","properties":{"stroke":"#555555","stroke-width":2,"stroke-opacity":1,"name":""},"geometry":{"coordinates":[[-91.6389,41.4692],[-91.6389,41.4703]],"type":"LineString"}},{"type":"Feature","properties":{"stroke":"#555555","stroke-width":2,"stroke-opacity":1,"name":""},"geometry":{"coordinates":[[-91.6385,41.4698],[-91.6386,41.4698],[-91.6386,41.4699],[-91.6386,41.47],[-91.6387,41.4701],[-91.6387,41.4702],[-91.6388,41.4702],[-91.6389,41.4703],[-91.639,41.4704],[-91.6391,41.4704],[-91.6392,41.4705],[-91.6394,41.4705],[-91.6395,41.4705],[-91.6396,41.4705],[-91.6397,41.4705],[-91.6398,41.4704],[-91.6399,41.4704],[-91.64,41.4704],[-91.6401,41.4703],[-91.6402,41.4702],[-91.6403,41.4702],[-91.6403,41.4701],[-91.6404,41.47],[-91.6404,41.4699],[-91.6404,41.4698],[-91.6404,41.4697],[-91.6404,41.4696],[-91.6404,41.4695],[-91.6403,41.4694],[-91.6403,41.4694],[-91.6402,41.4693],[-91.6401,41.4692],[-91.64,41.4692],[-91.6399,41.4691],[-91.6398,41.4691],[-91.6397,41.4691],[-91.6396,41.4691],[-91.6395,41.4691],[-91.6394,41.4691],[-91.6392,41.4691],[-91.6391,41.4691],[-91.639,41.4692],[-91.6389,41.4692],[-91.6388,41.4693],[-91.6387,41.4694],[-91.6387,41.4694],[-91.6386,41.4695],[-91.6386,41.4696],[-91.6386,41.4697],[-91.6385,41.4698]],"type":"LineString"}},{"type":"Feature","properties":{"stroke":"#555555","stroke-width":2,"stroke-opacity":1,"name":""},"geometry":{"coordinates":[[-91.6483,41.4538],[-91.6483,41.4549]],"type":"LineString"}},{"type":"Feature","properties":{"stroke":"#555555","stroke-width":2,"stroke-opacity":1,"name":""},"geometry":{"coordinates":[[-91.6479,41.4536],[-91.6479,41.455]],"type":"LineString"}},{"type":"Feature","properties":{"stroke":"#555555","stroke-width":2,"stroke-opacity":1,"name":""},"geometry":{"coordinates":[[-91.6476,41.4536],[-91.6476,41.455]],"type":"LineString"}},{"type":"Feature","properties":{"stroke":"#555555","stroke-width":2,"stroke-opacity":1,"name":""},"geometry":{"coordinates":[[-91.6472,41.4538],[-91.6472,41.4549]],"type":"LineString"}},{"type":"Feature","properties":{"stroke":"#555555","stroke-width":2,"stroke-opacity":1,"name":""},"geometry":{"coordinates":[[-91.6468,41.4543],[-91.6468,41.4544],[-91.6469,41.4545],[-91.6469,41.4545],[-91.6469,41.4546],[-91.647,41.4547],[-91.6471,41.4548],[-91.6472,41.4549],[-91.6473,41.4549],[-91.6474,41.455],[-91.6475,41.455],[-91.6477,41.455],[-91.6478,41.455],[-91.6479,41.455],[-91.648,41.455],[-91.6481,41.455],[-91.6482,41.4549],[-91.6483,41.4549],[-91.6484,41.4548],[-91.6485,41.4548],[-91.6486,41.4547],[-91.6486,41.4546],[-91.6487,41.4546],[-91.6487,41.4545],[-91.6487,41.4544],[-91.6487,41.4543],[-91.6487,41.4542],[-91.6487,41.4541],[-91.6486,41.454],[-91.6486,41.4539],[-91.6485,41.4538],[-91.6484,41.4538],[-91.6483,41.4537],[-91.6482,41.4537],[-91.6481,41.4536],[-91.648,41.4536],[-91.6479,41.4536],[-91.6478,41.4536],[-91.6477,41.4536],[-91.6475,41.4536],[-91.6474,41.4537],[-91.6473,41.4537],[-91.6472,41.4538],[-91.6471,41.4538],[-91.647,41.4539],[-91.6469,41.454],[-91.6469,41.4541],[-91.6469,41.4541],[-91.6468,41.4542],[-91.6468,41.4543]],"type":"LineString"}},{"type":"Feature","properties":{"stroke":"#555555","stroke-width":2,"stroke-opacity":1,"name":""},"geometry":{"coordinates":[[-91.6566,41.4383],[-91.6566,41.4394]],"type":"LineString"}},{"type":"Feature","properties":{"stroke":"#555555","stroke-width":2,"stroke-opacity":1,"name":""},"geometry":{"coordinates":[[-91.6562,41.4382],[-91.6562,41.4395]],"type":"LineString"}},{"type":"Feature","properties":{"stroke":"#555555","stroke-width":2,"stroke-opacity":1,"name":""},"geometry":{"coordinates":[[-91.6558,41.4382],[-91.6558,41.4395]],"type":"LineString"}},{"type":"Feature","properties":{"stroke":"#555555","stroke-width":2,"stroke-opacity":1,"name":""},"geometry":{"coordinates":[[-91.6555,41.4383],[-91.6555,41.4394]],"type":"LineString"}},{"type":"Feature","properties":{"stroke":"#555555","stroke-width":2,"stroke-opacity":1,"name":""},"geometry":{"coordinates":[[-91.6551,41.4388],[-91.6551,41.4389],[-91.6551,41.439],[-91.6552,41.4391],[-91.6552,41.4392],[-91.6553,41.4393],[-91.6554,41.4393],[-91.6555,41.4394],[-91.6556,41.4395],[-91.6557,41.4395],[-91.6558,41.4395],[-91.6559,41.4396],[-91.6561,41.4396],[-91.6562,41.4396],[-91.6563,41.4395],[-91.6564,41.4395],[-91.6565,41.4395],[-91.6566,41.4394],[-91.6567,41.4394],[-91.6568,41.4393],[-91.6568,41.4393],[-91.6569,41.4392],[-91.657,41.4391],[-91.657,41.439],[-91.657,41.4389],[-91.657,41.4388],[-91.657,41.4387],[-91.657,41.4386],[-91.6569,41.4385],[-91.6568,41.4384],[-91.6568,41.4384],[-91.6567,41.4383],[-91.6566,41.4383],[-91.6565,41.4382],[-91.6564,41.4382],[-91.6563,41.4382],[-91.6562,41.4381],[-91.6561,41.4381],[-91.6559,41.4381],[-91.6558,41.4382],[-91.6557,41.4382],[-91.6556,41.4382],[-91.6555,41.4383],[-91.6554,41.4384],[-91.6553,41.4384],[-91.6552,41.4385],[-91.6552,41.4386],[-91.6551,41.4387],[-91.6551,41.4388],[-91.6551,41.4388]],"type":"LineString"}},{"type":"Feature","properties":{"stroke":"#555555","stroke-width":2,"stroke-opacity":1,"name":""},"geometry":{"coordinates":[[-91.6649,41.4228],[-91.6649,41.4239]],"type":"LineString"}},{"type":"Feature","properties":{"stroke":"#555555","stroke-width":2,"stroke-opacity":1,"name":""},"geometry":{"coordinates":[[-91.6645,41.4227],[-91.6645,41.424]],"type":"LineString"}},{"type":"Feature","properties":{"stroke":"#555555","stroke-width":2,"stroke-opacity":1,"name":""},"geometry":{"coordinates":[[-91.6641,41.4227],[-91.6641,41.424]],"type":"LineString"}},{"type":"Feature","properties":{"stroke":"#555555","stroke-width":2,"stroke-opacity":1,"name":""},"geometry":{"coordinates":[[-91.6638,41.4228],[-91.6638,41.4239]],"type":"LineString"}},{"type":"Feature","properties":{"stroke":"#555555","stroke-width":2,"stroke-opacity":1,"name":""},"geometry":{"coordinates":[[-91.6634,41.4234],[-91.6634,41.4235],[-91.6634,41.4235],[-91.6635,41.4236],[-91.6635,41.4237],[-91.6636,41.4238],[-91.6636,41.4239],[-91.6637,41.4239],[-91.6639,41.424],[-91.664,41.424],[-91.6641,41.4241],[-91.6642,41.4241],[-91.6644,41.4241],[-91.6645,41.4241],[-91.6646,41.4241],[-91.6647,41.4241],[-91.6648,41.424],[-91.6649,41.424],[-91.665,41.4239],[-91.665,41.4239],[-91.6651,41.4238],[-91.6652,41.4237],[-91.6652,41.4236],[-91.6653,41.4235],[-91.6653,41.4234],[-91.6653,41.4233],[-91.6653,41.4232],[-91.6652,41.4231],[-91.6652,41.4231],[-91.6651,41.423],[-91.665,41.4229],[-91.665,41.4228],[-91.6649,41.4228],[-91.6648,41.4228],[-91.6647,41.4227],[-91.6646,41.4227],[-91.6645,41.4227],[-91.6644,41.4227],[-91.6642,41.4227],[-91.6641,41.4227],[-91.664,41.4227],[-91.6639,41.4228],[-91.6637,41.4228],[-91.6637,41.4229],[-91.6636,41.423],[-91.6635,41.4231],[-91.6635,41.4231],[-91.6634,41.4232],[-91.6634,41.4233],[-91.6634,41.4234]],"type":"LineString"}},{"type":"Feature","properties":{"stroke":"#555555","stroke-width":2,"stroke-opacity":1,"name":""},"geometry":{"coordinates":[[-91.6731,41.4074],[-91.6731,41.4085]],"type":"LineString"}},{"type":"Feature","properties":{"stroke":"#555555","stroke-width":2,"stroke-opacity":1,"name":""},"geometry":{"coordinates":[[-91.6728,41.4073],[-91.6728,41.4086]],"type":"LineString"}},{"type":"Feature","properties":{"stroke":"#555555","stroke-width":2,"stroke-opacity":1,"name":""},"geometry":{"coordinates":[[-91.6724,41.4073],[-91.6724,41.4086]],"type":"LineString"}},{"type":"Feature","properties":{"stroke":"#555555","stroke-width":2,"stroke-opacity":1,"name":""},"geometry":{"coordinates":[[-91.672,41.4074],[-91.672,41.4085]],"type":"LineString"}},{"type":"Feature","properties":{"stroke":"#555555","stroke-width":2,"stroke-opacity":1,"name":""},"geometry":{"coordinates":[[-91.6717,41.4079],[-91.6717,41.408],[-91.6717,41.4081],[-91.6717,41.4082],[-91.6718,41.4083],[-91.6718,41.4083],[-91.6719,41.4084],[-91.672,41.4085],[-91.6721,41.4085],[-91.6722,41.4086],[-91.6724,41.4086],[-91.6725,41.4086],[-91.6726,41.4086],[-91.6728,41.4086],[-91.6729,41.4086],[-91.673,41.4086],[-91.6731,41.4086],[-91.6732,41.4085],[-91.6732,41.4085],[-91.6733,41.4084],[-91.6734,41.4083],[-91.6735,41.4083],[-91.6735,41.4082],[-91.6736,41.4081],[-91.6736,41.408],[-91.6736,41.4079],[-91.6736,41.4078],[-91.6735,41.4077],[-91.6735,41.4076],[-91.6734,41.4075],[-91.6733,41.4074],[-91.6732,41.4074],[-91.6732,41.4073],[-91.6731,41.4073],[-91.673,41.4073],[-91.6729,41.4072],[-91.6728,41.4072],[-91.6726,41.4072],[-91.6725,41.4072],[-91.6724,41.4072],[-91.6723,41.4073],[-91.6721,41.4073],[-91.672,41.4074],[-91.6719,41.4074],[-91.6718,41.4075],[-91.6718,41.4076],[-91.6717,41.4077],[-91.6717,41.4078],[-91.6717,41.4078],[-91.6717,41.4079]],"type":"LineString"}},{"type":"Feature","properties":{"stroke":"#555555","stroke-width":2,"stroke-opacity":1,"name":""},"geometry":{"coordinates":[[-91.6814,41.3919],[-91.6814,41.393]],"type":"LineString"}},{"type":"Feature","properties":{"stroke":"#555555","stroke-width":2,"stroke-opacity":1,"name":""},"geometry":{"coordinates":[[-91.681,41.3918],[-91.681,41.3931]],"type":"LineString"}},{"type":"Feature","properties":{"stroke":"#555555","stroke-width":2,"stroke-opacity":1,"name":""},"geometry":{"coordinates":[[-91.6807,41.3918],[-91.6807,41.3931]],"type":"LineString"}},{"type":"Feature","properties":{"stroke":"#555555","stroke-width":2,"stroke-opacity":1,"name":""},"geometry":{"coordinates":[[-91.6803,41.3919],[-91.6803,41.393]],"type":"LineString"}},{"type":"Feature","properties":{"stroke":"#555555","stroke-width":2,"stroke-opacity":1,"name":""},"geometry":{"coordinates":[[-91.6799,41.3925],[-91.68,41.3925],[-91.68,41.3926],[-91.68,41.3927],[-91.6801,41.3928],[-91.6801,41.3929],[-91.6802,41.3929],[-91.6803,41.393],[-91.6804,41.3931],[-91.6805,41.3931],[-91.6806,41.3932],[-91.6808,41.3932],[-91.6809,41.3932],[-91.681,41.3932],[-91.6811,41.3932],[-91.6812,41.3931],[-91.6813,41.3931],[-91.6814,41.3931],[-91.6815,41.393],[-91.6816,41.3929],[-91.6817,41.3929],[-91.6817,41.3928],[-91.6818,41.3927],[-91.6818,41.3926],[-91.6818,41.3925],[-91.6818,41.3924],[-91.6818,41.3923],[-91.6818,41.3922],[-91.6817,41.3921],[-91.6817,41.3921],[-91.6816,41.392],[-91.6815,41.3919],[-91.6814,41.3919],[-91.6813,41.3918],[-91.6812,41.3918],[-91.6811,41.3918],[-91.681,41.3918],[-91.6809,41.3918],[-91.6808,41.3918],[-91.6806,41.3918],[-91.6805,41.3918],[-91.6804,41.3919],[-91.6803,41.3919],[-91.6802,41.392],[-91.6801,41.3921],[-91.6801,41.3921],[-91.68,41.3922],[-91.68,41.3923],[-91.68,41.3924],[-91.6799,41.3925]],"type":"LineString"}},{"type":"Feature","properties":{"stroke":"#555555","stroke-width":2,"stroke-opacity":1,"name":""},"geometry":{"coordinates":[[-91.6897,41.3765],[-91.6897,41.3776]],"type":"LineString"}},{"type":"Feature","properties":{"stroke":"#555555","stroke-width":2,"stroke-opacity":1,"name":""},"geometry":{"coordinates":[[-91.6893,41.3763],[-91.6893,41.3777]],"type":"LineString"}},{"type":"Feature","properties":{"stroke":"#555555","stroke-width":2,"stroke-opacity":1,"name":""},"geometry":{"coordinates":[[-91.6889,41.3763],[-91.6889,41.3777]],"type":"LineString"}},{"type":"Feature","properties":{"stroke":"#555555","stroke-width":2,"stroke-opacity":1,"name":""},"geometry":{"coordinates":[[-91.6886,41.3765],[-91.6886,41.3776]],"type":"LineString"}},{"type":"Feature","properties":{"stroke":"#555555","stroke-width":2,"stroke-opacity":1,"name":""},"geometry":{"coordinates":[[-91.6882,41.377],[-91.6882,41.3771],[-91.6882,41.3772],[-91.6883,41.3772],[-91.6883,41.3773],[-91.6884,41.3774],[-91.6885,41.3775],[-91.6886,41.3776],[-91.6887,41.3776],[-91.6888,41.3777],[-91.6889,41.3777],[-91.689,41.3777],[-91.6892,41.3777],[-91.6893,41.3777],[-91.6894,41.3777],[-91.6895,41.3777],[-91.6896,41.3776],[-91.6897,41.3776],[-91.6898,41.3775],[-91.6899,41.3775],[-91.6899,41.3774],[-91.69,41.3773],[-91.6901,41.3772],[-91.6901,41.3772],[-91.6901,41.3771],[-91.6901,41.377],[-91.6901,41.3769],[-91.6901,41.3768],[-91.69,41.3767],[-91.6899,41.3766],[-91.6899,41.3765],[-91.6898,41.3765],[-91.6897,41.3764],[-91.6896,41.3764],[-91.6895,41.3763],[-91.6894,41.3763],[-91.6893,41.3763],[-91.6892,41.3763],[-91.689,41.3763],[-91.6889,41.3763],[-91.6888,41.3763],[-91.6887,41.3764],[-91.6886,41.3765],[-91.6885,41.3765],[-91.6884,41.3766],[-91.6883,41.3767],[-91.6883,41.3768],[-91.6882,41.3768],[-91.6882,41.3769],[-91.6882,41.377]],"type":"LineString"}},{"type":"Feature","properties":{"stroke":"#555555","stroke-width":2,"stroke-opacity":1,"name":""},"geometry":{"coordinates":[[-91.6979,41.361],[-91.6979,41.3621]],"type":"LineString"}},{"type":"Feature","properties":{"stroke":"#555555","stroke-width":2,"stroke-opacity":1,"name":""},"geometry":{"coordinates":[[-91.6976,41.3609],[-91.6976,41.3622]],"type":"LineString"}},{"type":"Feature","properties":{"stroke":"#555555","stroke-width":2,"stroke-opacity":1,"name":""},"geometry":{"coordinates":[[-91.6972,41.3609],[-91.6972,41.3622]],"type":"LineString"}},{"type":"Feature","properties":{"stroke":"#555555","stroke-width":2,"stroke-opacity":1,"name":""},"geometry":{"coordinates":[[-91.6968,41.361],[-91.6968,41.3621]],"type":"LineString"}},{"type":"Feature","properties":{"stroke":"#555555","stroke-width":2,"stroke-opacity":1,"name":""},"geometry":{"coordinates":[[-91.6965,41.3615],[-91.6965,41.3616],[-91.6965,41.3617],[-91.6965,41.3618],[-91.6966,41.3619],[-91.6967,41.3619],[-91.6967,41.362],[-91.6968,41.3621],[-91.6969,41.3622],[-91.6971,41.3622],[-91.6972,41.3622],[-91.6973,41.3622],[-91.6974,41.3623],[-91.6976,41.3622],[-91.6977,41.3622],[-91.6978,41.3622],[-91.6979,41.3622],[-91.698,41.3621],[-91.698,41.3621],[-91.6981,41.362],[-91.6982,41.362],[-91.6983,41.3619],[-91.6983,41.3618],[-91.6984,41.3617],[-91.6984,41.3616],[-91.6984,41.3615],[-91.6984,41.3614],[-91.6983,41.3613],[-91.6983,41.3612],[-91.6982,41.3611],[-91.6981,41.3611],[-91.698,41.361],[-91.698,41.361],[-91.6979,41.3609],[-91.6978,41.3609],[-91.6977,41.3609],[-91.6976,41.3608],[-91.6974,41.3608],[-91.6973,41.3608],[-91.6972,41.3609],[-91.6971,41.3609],[-91.6969,41.3609],[-91.6968,41.361],[-91.6967,41.3611],[-91.6967,41.3611],[-91.6966,41.3612],[-91.6965,41.3613],[-91.6965,41.3614],[-91.6965,41.3615],[-91.6965,41.3615]],"type":"LineString"}},{"type":"Feature","properties":{"stroke":"#555555","stroke-width":2,"stroke-opacity":1,"name":""},"geometry":{"coordinates":[[-93.2283,40.6655],[-93.2273,40.6656]],"type":"LineString"}},{"type":"Feature","properties":{"stroke":"#555555","stroke-width":2,"stroke-opacity":1,"name":""},"geometry":{"coordinates":[[-93.2289,40.6669],[-93.2289,40.6661]],"type":"LineString"}},{"type":"Feature","properties":{"stroke":"#555555","stroke-width":2,"stroke-opacity":1,"name":""},"geometry":{"coordinates":[[-93.2273,40.6675],[-93.2283,40.6674]],"type":"LineString"}},{"type":"Feature","properties":{"stroke":"#555555","stroke-width":2,"stroke-opacity":1,"name":""},"geometry":{"coordinates":[[-93.2269,40.6661],[-93.2269,40.6669]],"type":"LineString"}},{"type":"Feature","properties":{"stroke":"#555555","stroke-width":2,"stroke-opacity":1,"name":""},"geometry":{"coordinates":[[-93.2269,40.6661],[-93.2269,40.6659],[-93.2271,40.6659],[-93.2271,40.6657],[-93.2273,40.6657],[-93.2273,40.6656]],"type":"LineString"}},{"type":"Feature","properties":{"stroke":"#555555","stroke-width":2,"stroke-opacity":1,"name":""},"geometry":{"coordinates":[[-93.2289,40.6669],[-93.2287,40.6669],[-93.2287,40.6671],[-93.2287,40.6673],[-93.2285,40.6673],[-93.2283,40.6673],[-93.2283,40.6674]],"type":"LineString"}},{"type":"Feature","properties":{"stroke":"#555555","stroke-width":2,"stroke-opacity":1,"name":""},"geometry":{"coordinates":[[-93.2289,40.6661],[-93.2287,40.6661],[-93.2287,40.6659],[-93.2287,40.6657],[-93.2285,40.6657],[-93.2283,40.6657],[-93.2283,40.6655]],"type":"LineString"}},{"type":"Feature","properties":{"stroke":"#555555","stroke-width":2,"stroke-opacity":1,"name":""},"geometry":{"coordinates":[[-93.2269,40.6669],[-93.2269,40.6671],[-93.2271,40.6671],[-93.2271,40.6673],[-93.2273,40.6673],[-93.2273,40.6675]],"type":"LineString"}},{"type":"Feature","properties":{"stroke":"#555555","stroke-width":2,"stroke-opacity":1,"name":""},"geometry":{"coordinates":[[-92.8393,40.6705],[-92.8383,40.6705]],"type":"LineString"}},{"type":"Feature","properties":{"stroke":"#555555","stroke-width":2,"stroke-opacity":1,"name":""},"geometry":{"coordinates":[[-92.8399,40.6719],[-92.8399,40.671]],"type":"LineString"}},{"type":"Feature","properties":{"stroke":"#555555","stroke-width":2,"stroke-opacity":1,"name":""},"geometry":{"coordinates":[[-92.8383,40.6724],[-92.8393,40.6724]],"type":"LineString"}},{"type":"Feature","properties":{"stroke":"#555555","stroke-width":2,"stroke-opacity":1,"name":""},"geometry":{"coordinates":[[-92.8379,40.671],[-92.8379,40.6719]],"type":"LineString"}},{"type":"Feature","properties":{"stroke":"#555555","stroke-width":2,"stroke-opacity":1,"name":""},"geometry":{"coordinates":[[-92.8379,40.671],[-92.8379,40.6708],[-92.8381,40.6708],[-92.8381,40.6707],[-92.8383,40.6707],[-92.8383,40.6705]],"type":"LineString"}},{"type":"Feature","properties":{"stroke":"#555555","stroke-width":2,"stroke-opacity":1,"name":""},"geometry":{"coordinates":[[-92.8399,40.6719],[-92.8397,40.6719],[-92.8397,40.672],[-92.8397,40.6722],[-92.8395,40.6722],[-92.8393,40.6722],[-92.8393,40.6724]],"type":"LineString"}},{"type":"Feature","properties":{"stroke":"#555555","stroke-width":2,"stroke-opacity":1,"name":""},"geometry":{"coordinates":[[-92.8399,40.671],[-92.8397,40.671],[-92.8397,40.6708],[-92.8397,40.6707],[-92.8395,40.6707],[-92.8393,40.6707],[-92.8393,40.6705]],"type":"LineString"}},{"type":"Feature","properties":{"stroke":"#555555","stroke-width":2,"stroke-opacity":1,"name":""},"geometry":{"coordinates":[[-92.8379,40.6719],[-92.8379,40.6721],[-92.8381,40.672],[-92.8381,40.6722],[-92.8383,40.6722],[-92.8383,40.6724]],"type":"LineString"}},{"type":"Feature","properties":{"stroke":"#555555","stroke-width":2,"stroke-opacity":1,"name":""},"geometry":{"coordinates":[[-91.929,41.8868],[-91.929,41.8869],[-91.929,41.887],[-91.9291,41.8872],[-91.9292,41.8873],[-91.9293,41.8873],[-91.9294,41.8874],[-91.9296,41.8875],[-91.9298,41.8875],[-91.9299,41.8875],[-91.9301,41.8875],[-91.9303,41.8875],[-91.9304,41.8874],[-91.9306,41.8873],[-91.9307,41.8872],[-91.9308,41.8871],[-91.9308,41.887],[-91.9309,41.8869],[-91.9309,41.8868],[-91.9309,41.8866],[-91.9308,41.8865],[-91.9307,41.8864],[-91.9306,41.8863],[-91.9305,41.8862],[-91.9303,41.8862],[-91.9302,41.8861],[-91.93,41.8861],[-91.9298,41.8861],[-91.9297,41.8861],[-91.9295,41.8862],[-91.9294,41.8862],[-91.9292,41.8863],[-91.9291,41.8864],[-91.929,41.8865],[-91.929,41.8867],[-91.929,41.8868]],"type":"LineString"}},{"type":"Feature","properties":{"stroke":"#555555","stroke-width":2,"stroke-opacity":1,"name":""},"geometry":{"coordinates":[[-91.8635,41.8867],[-91.8636,41.8856]],"type":"LineString"}},{"type":"Feature","properties":{"stroke":"#555555","stroke-width":2,"stroke-opacity":1,"name":""},"geometry":{"coordinates":[[-91.8631,41.8868],[-91.8632,41.8855]],"type":"LineString"}},{"type":"Feature","properties":{"stroke":"#555555","stroke-width":2,"stroke-opacity":1,"name":""},"geometry":{"coordinates":[[-91.8628,41.8868],[-91.8628,41.8854]],"type":"LineString"}},{"type":"Feature","properties":{"stroke":"#555555","stroke-width":2,"stroke-opacity":1,"name":""},"geometry":{"coordinates":[[-91.8624,41.8866],[-91.8625,41.8856]],"type":"LineString"}},{"type":"Feature","properties":{"stroke":"#555555","stroke-width":2,"stroke-opacity":1,"name":""},"geometry":{"coordinates":[[-91.862,41.8861],[-91.862,41.8862],[-91.8621,41.8863],[-91.8622,41.8865],[-91.8623,41.8866],[-91.8624,41.8867],[-91.8625,41.8867],[-91.8627,41.8868],[-91.8628,41.8868],[-91.863,41.8868],[-91.8632,41.8868],[-91.8633,41.8868],[-91.8635,41.8867],[-91.8636,41.8866],[-91.8637,41.8865],[-91.8638,41.8864],[-91.8639,41.8863],[-91.8639,41.8862],[-91.8639,41.8861],[-91.8639,41.8859],[-91.8639,41.8858],[-91.8638,41.8857],[-91.8637,41.8856],[-91.8635,41.8855],[-91.8634,41.8855],[-91.8632,41.8854],[-91.8631,41.8854],[-91.8629,41.8854],[-91.8627,41.8854],[-91.8626,41.8855],[-91.8624,41.8855],[-91.8623,41.8856],[-91.8622,41.8857],[-91.8621,41.8858],[-91.8621,41.886],[-91.862,41.8861]],"type":"LineString"}},{"type":"Feature","properties":{"stroke":"#555555","stroke-width":2,"stroke-opacity":1,"name":""},"geometry":{"coordinates":[[-91.8412,41.8864],[-91.8413,41.8854]],"type":"LineString"}},{"type":"Feature","properties":{"stroke":"#555555","stroke-width":2,"stroke-opacity":1,"name":""},"geometry":{"coordinates":[[-91.8408,41.8865],[-91.8409,41.8852]],"type":"LineString"}},{"type":"Feature","properties":{"stroke":"#555555","stroke-width":2,"stroke-opacity":1,"name":""},"geometry":{"coordinates":[[-91.8405,41.8865],[-91.8405,41.8852]],"type":"LineString"}},{"type":"Feature","properties":{"stroke":"#555555","stroke-width":2,"stroke-opacity":1,"name":""},"geometry":{"coordinates":[[-91.8401,41.8864],[-91.8402,41.8853]],"type":"LineString"}},{"type":"Feature","properties":{"stroke":"#555555","stroke-width":2,"stroke-opacity":1,"name":""},"geometry":{"coordinates":[[-91.8397,41.8858],[-91.8397,41.886],[-91.8398,41.8861],[-91.8398,41.8862],[-91.8399,41.8863],[-91.8401,41.8864],[-91.8402,41.8865],[-91.8404,41.8865],[-91.8405,41.8866],[-91.8407,41.8866],[-91.8409,41.8866],[-91.841,41.8865],[-91.8412,41.8865],[-91.8413,41.8864],[-91.8414,41.8863],[-91.8415,41.8862],[-91.8416,41.8861],[-91.8416,41.886],[-91.8416,41.8858],[-91.8416,41.8857],[-91.8416,41.8856],[-91.8415,41.8855],[-91.8414,41.8854],[-91.8412,41.8853],[-91.8411,41.8852],[-91.8409,41.8852],[-91.8408,41.8852],[-91.8406,41.8852],[-91.8404,41.8852],[-91.8403,41.8852],[-91.8401,41.8853],[-91.84,41.8854],[-91.8399,41.8855],[-91.8398,41.8856],[-91.8397,41.8857],[-91.8397,41.8858]],"type":"LineString"}},{"type":"Feature","properties":{"stroke":"#555555","stroke-width":2,"stroke-opacity":1,"name":""},"geometry":{"coordinates":[[-91.8189,41.8862],[-91.8189,41.8851]],"type":"LineString"}},{"type":"Feature","properties":{"stroke":"#555555","stroke-width":2,"stroke-opacity":1,"name":""},"geometry":{"coordinates":[[-91.8185,41.8863],[-91.8186,41.885]],"type":"LineString"}},{"type":"Feature","properties":{"stroke":"#555555","stroke-width":2,"stroke-opacity":1,"name":""},"geometry":{"coordinates":[[-91.8182,41.8863],[-91.8182,41.885]],"type":"LineString"}},{"type":"Feature","properties":{"stroke":"#555555","stroke-width":2,"stroke-opacity":1,"name":""},"geometry":{"coordinates":[[-91.8178,41.8861],[-91.8178,41.8851]],"type":"LineString"}},{"type":"Feature","properties":{"stroke":"#555555","stroke-width":2,"stroke-opacity":1,"name":""},"geometry":{"coordinates":[[-91.8174,41.8856],[-91.8174,41.8857],[-91.8175,41.8859],[-91.8175,41.886],[-91.8176,41.8861],[-91.8177,41.8862],[-91.8179,41.8862],[-91.818,41.8863],[-91.8182,41.8863],[-91.8184,41.8863],[-91.8186,41.8863],[-91.8187,41.8863],[-91.8189,41.8862],[-91.819,41.8862],[-91.8191,41.8861],[-91.8192,41.886],[-91.8193,41.8858],[-91.8193,41.8857],[-91.8193,41.8856],[-91.8193,41.8855],[-91.8192,41.8853],[-91.8192,41.8852],[-91.8191,41.8851],[-91.8189,41.885],[-91.8188,41.885],[-91.8186,41.8849],[-91.8184,41.8849],[-91.8183,41.8849],[-91.8181,41.8849],[-91.8179,41.885],[-91.8178,41.8851],[-91.8177,41.8851],[-91.8176,41.8852],[-91.8175,41.8854],[-91.8174,41.8855],[-91.8174,41.8856]],"type":"LineString"}},{"type":"Feature","properties":{"stroke":"#555555","stroke-width":2,"stroke-opacity":1,"name":""},"geometry":{"coordinates":[[-91.7966,41.8859],[-91.7966,41.8849]],"type":"LineString"}},{"type":"Feature","properties":{"stroke":"#555555","stroke-width":2,"stroke-opacity":1,"name":""},"geometry":{"coordinates":[[-91.7962,41.886],[-91.7963,41.8847]],"type":"LineString"}},{"type":"Feature","properties":{"stroke":"#555555","stroke-width":2,"stroke-opacity":1,"name":""},"geometry":{"coordinates":[[-91.7958,41.886],[-91.7959,41.8847]],"type":"LineString"}},{"type":"Feature","properties":{"stroke":"#555555","stroke-width":2,"stroke-opacity":1,"name":""},"geometry":{"coordinates":[[-91.7955,41.8859],[-91.7955,41.8848]],"type":"LineString"}},{"type":"Feature","properties":{"stroke":"#555555","stroke-width":2,"stroke-opacity":1,"name":""},"geometry":{"coordinates":[[-91.7951,41.8854],[-91.7951,41.8855],[-91.7952,41.8856],[-91.7952,41.8857],[-91.7953,41.8858],[-91.7954,41.8859],[-91.7956,41.886],[-91.7957,41.886],[-91.7959,41.8861],[-91.7961,41.8861],[-91.7962,41.8861],[-91.7964,41.886],[-91.7966,41.886],[-91.7967,41.8859],[-91.7968,41.8858],[-91.7969,41.8857],[-91.797,41.8856],[-91.797,41.8855],[-91.797,41.8853],[-91.797,41.8852],[-91.7969,41.8851],[-91.7968,41.885],[-91.7967,41.8849],[-91.7966,41.8848],[-91.7965,41.8847],[-91.7963,41.8847],[-91.7961,41.8847],[-91.796,41.8847],[-91.7958,41.8847],[-91.7956,41.8847],[-91.7955,41.8848],[-91.7954,41.8849],[-91.7953,41.885],[-91.7952,41.8851],[-91.7951,41.8852],[-91.7951,41.8854]],"type":"LineString"}},{"type":"Feature","properties":{"stroke":"#555555","stroke-width":2,"stroke-opacity":1,"name":""},"geometry":{"coordinates":[[-91.7743,41.8857],[-91.7743,41.8846]],"type":"LineString"}},{"type":"Feature","properties":{"stroke":"#555555","stroke-width":2,"stroke-opacity":1,"name":""},"geometry":{"coordinates":[[-91.7739,41.8858],[-91.774,41.8845]],"type":"LineString"}},{"type":"Feature","properties":{"stroke":"#555555","stroke-width":2,"stroke-opacity":1,"name":""},"geometry":{"coordinates":[[-91.7735,41.8858],[-91.7736,41.8845]],"type":"LineString"}},{"type":"Feature","properties":{"stroke":"#555555","stroke-width":2,"stroke-opacity":1,"name":""},"geometry":{"coordinates":[[-91.7732,41.8856],[-91.7732,41.8846]],"type":"LineString"}},{"type":"Feature","properties":{"stroke":"#555555","stroke-width":2,"stroke-opacity":1,"name":""},"geometry":{"coordinates":[[-91.7728,41.8851],[-91.7728,41.8852],[-91.7728,41.8853],[-91.7729,41.8855],[-91.773,41.8856],[-91.7731,41.8857],[-91.7733,41.8857],[-91.7734,41.8858],[-91.7736,41.8858],[-91.7738,41.8858],[-91.7739,41.8858],[-91.7741,41.8858],[-91.7742,41.8857],[-91.7744,41.8857],[-91.7745,41.8856],[-91.7746,41.8855],[-91.7747,41.8853],[-91.7747,41.8852],[-91.7747,41.8851],[-91.7747,41.885],[-91.7746,41.8848],[-91.7745,41.8847],[-91.7744,41.8846],[-91.7743,41.8845],[-91.7742,41.8845],[-91.774,41.8844],[-91.7738,41.8844],[-91.7737,41.8844],[-91.7735,41.8844],[-91.7733,41.8845],[-91.7732,41.8845],[-91.7731,41.8846],[-91.7729,41.8847],[-91.7729,41.8848],[-91.7728,41.885],[-91.7728,41.8851]],"type":"LineString"}},{"type":"Feature","properties":{"stroke":"#555555","stroke-width":2,"stroke-opacity":1,"name":""},"geometry":{"coordinates":[[-92.2875,41.8904],[-92.2875,41.8893]],"type":"LineString"}},{"type":"Feature","properties":{"stroke":"#555555","stroke-width":2,"stroke-opacity":1,"name":""},"geometry":{"coordinates":[[-92.2871,41.8905],[-92.2871,41.8892]],"type":"LineString"}},{"type":"Feature","properties":{"stroke":"#555555","stroke-width":2,"stroke-opacity":1,"name":""},"geometry":{"coordinates":[[-92.2867,41.8905],[-92.2868,41.8892]],"type":"LineString"}},{"type":"Feature","properties":{"stroke":"#555555","stroke-width":2,"stroke-opacity":1,"name":""},"geometry":{"coordinates":[[-92.2864,41.8904],[-92.2864,41.8893]],"type":"LineString"}},{"type":"Feature","properties":{"stroke":"#555555","stroke-width":2,"stroke-opacity":1,"name":""},"geometry":{"coordinates":[[-92.286,41.8898],[-92.286,41.89],[-92.286,41.8901],[-92.2861,41.8902],[-92.2862,41.8903],[-92.2863,41.8904],[-92.2864,41.8905],[-92.2866,41.8905],[-92.2868,41.8906],[-92.2869,41.8906],[-92.2871,41.8906],[-92.2873,41.8905],[-92.2874,41.8905],[-92.2876,41.8904],[-92.2877,41.8903],[-92.2878,41.8902],[-92.2878,41.8901],[-92.2879,41.89],[-92.2879,41.8898],[-92.2879,41.8897],[-92.2878,41.8896],[-92.2877,41.8895],[-92.2876,41.8894],[-92.2875,41.8893],[-92.2873,41.8892],[-92.2872,41.8892],[-92.287,41.8892],[-92.2868,41.8892],[-92.2867,41.8892],[-92.2865,41.8892],[-92.2864,41.8893],[-92.2862,41.8894],[-92.2861,41.8895],[-92.286,41.8896],[-92.286,41.8897],[-92.286,41.8898]],"type":"LineString"}},{"type":"Feature","properties":{"stroke":"#555555","stroke-width":2,"stroke-opacity":1,"name":""},"geometry":{"coordinates":[[-92.2428,41.8901],[-92.2429,41.889]],"type":"LineString"}},{"type":"Feature","properties":{"stroke":"#555555","stroke-width":2,"stroke-opacity":1,"name":""},"geometry":{"coordinates":[[-92.2425,41.8902],[-92.2425,41.8889]],"type":"LineString"}},{"type":"Feature","properties":{"stroke":"#555555","stroke-width":2,"stroke-opacity":1,"name":""},"geometry":{"coordinates":[[-92.2421,41.8902],[-92.2421,41.8889]],"type":"LineString"}},{"type":"Feature","properties":{"stroke":"#555555","stroke-width":2,"stroke-opacity":1,"name":""},"geometry":{"coordinates":[[-92.2417,41.8901],[-92.2418,41.889]],"type":"LineString"}},{"type":"Feature","properties":{"stroke":"#555555","stroke-width":2,"stroke-opacity":1,"name":""},"geometry":{"coordinates":[[-92.2413,41.8895],[-92.2414,41.8897],[-92.2414,41.8898],[-92.2415,41.8899],[-92.2416,41.89],[-92.2417,41.8901],[-92.2418,41.8902],[-92.242,41.8902],[-92.2421,41.8903],[-92.2423,41.8903],[-92.2425,41.8902],[-92.2426,41.8902],[-92.2428,41.8902],[-92.2429,41.8901],[-92.2431,41.89],[-92.2431,41.8899],[-92.2432,41.8898],[-92.2432,41.8896],[-92.2433,41.8895],[-92.2432,41.8894],[-92.2432,41.8893],[-92.2431,41.8891],[-92.243,41.889],[-92.2428,41.889],[-92.2427,41.8889],[-92.2425,41.8889],[-92.2424,41.8888],[-92.2422,41.8888],[-92.242,41.8889],[-92.2419,41.8889],[-92.2417,41.889],[-92.2416,41.8891],[-92.2415,41.8892],[-92.2414,41.8893],[-92.2414,41.8894],[-92.2413,41.8895]],"type":"LineString"}},{"type":"Feature","properties":{"stroke":"#555555","stroke-width":2,"stroke-opacity":1,"name":""},"geometry":{"coordinates":[[-92.1982,41.8898],[-92.1982,41.8887]],"type":"LineString"}},{"type":"Feature","properties":{"stroke":"#555555","stroke-width":2,"stroke-opacity":1,"name":""},"geometry":{"coordinates":[[-92.1978,41.8899],[-92.1979,41.8886]],"type":"LineString"}},{"type":"Feature","properties":{"stroke":"#555555","stroke-width":2,"stroke-opacity":1,"name":""},"geometry":{"coordinates":[[-92.1975,41.8899],[-92.1975,41.8885]],"type":"LineString"}},{"type":"Feature","properties":{"stroke":"#555555","stroke-width":2,"stroke-opacity":1,"name":""},"geometry":{"coordinates":[[-92.1971,41.8897],[-92.1971,41.8887]],"type":"LineString"}},{"type":"Feature","properties":{"stroke":"#555555","stroke-width":2,"stroke-opacity":1,"name":""},"geometry":{"coordinates":[[-92.1967,41.8892],[-92.1967,41.8893],[-92.1968,41.8894],[-92.1968,41.8896],[-92.1969,41.8897],[-92.1971,41.8898],[-92.1972,41.8898],[-92.1974,41.8899],[-92.1975,41.8899],[-92.1977,41.8899],[-92.1979,41.8899],[-92.198,41.8899],[-92.1982,41.8898],[-92.1983,41.8897],[-92.1984,41.8896],[-92.1985,41.8895],[-92.1986,41.8894],[-92.1986,41.8893],[-92.1986,41.8892],[-92.1986,41.889],[-92.1985,41.8889],[-92.1985,41.8888],[-92.1984,41.8887],[-92.1982,41.8886],[-92.1981,41.8886],[-92.1979,41.8885],[-92.1977,41.8885],[-92.1976,41.8885],[-92.1974,41.8885],[-92.1972,41.8886],[-92.1971,41.8886],[-92.197,41.8887],[-92.1969,41.8888],[-92.1968,41.8889],[-92.1967,41.8891],[-92.1967,41.8892]],"type":"LineString"}},{"type":"Feature","properties":{"stroke":"#555555","stroke-width":2,"stroke-opacity":1,"name":""},"geometry":{"coordinates":[[-92.1536,41.8894],[-92.1536,41.8883]],"type":"LineString"}},{"type":"Feature","properties":{"stroke":"#555555","stroke-width":2,"stroke-opacity":1,"name":""},"geometry":{"coordinates":[[-92.1532,41.8895],[-92.1533,41.8882]],"type":"LineString"}},{"type":"Feature","properties":{"stroke":"#555555","stroke-width":2,"stroke-opacity":1,"name":""},"geometry":{"coordinates":[[-92.1528,41.8895],[-92.1529,41.8882]],"type":"LineString"}},{"type":"Feature","properties":{"stroke":"#555555","stroke-width":2,"stroke-opacity":1,"name":""},"geometry":{"coordinates":[[-92.1525,41.8894],[-92.1525,41.8883]],"type":"LineString"}},{"type":"Feature","properties":{"stroke":"#555555","stroke-width":2,"stroke-opacity":1,"name":""},"geometry":{"coordinates":[[-92.1521,41.8888],[-92.1521,41.889],[-92.1521,41.8891],[-92.1522,41.8892],[-92.1523,41.8893],[-92.1524,41.8894],[-92.1526,41.8895],[-92.1527,41.8895],[-92.1529,41.8896],[-92.1531,41.8896],[-92.1532,41.8896],[-92.1534,41.8895],[-92.1535,41.8895],[-92.1537,41.8894],[-92.1538,41.8893],[-92.1539,41.8892],[-92.154,41.8891],[-92.154,41.8889],[-92.154,41.8888],[-92.154,41.8887],[-92.1539,41.8886],[-92.1538,41.8884],[-92.1537,41.8883],[-92.1536,41.8883],[-92.1534,41.8882],[-92.1533,41.8882],[-92.1531,41.8881],[-92.1529,41.8881],[-92.1528,41.8882],[-92.1526,41.8882],[-92.1525,41.8883],[-92.1523,41.8884],[-92.1522,41.8885],[-92.1522,41.8886],[-92.1521,41.8887],[-92.1521,41.8888]],"type":"LineString"}},{"type":"Feature","properties":{"stroke":"#555555","stroke-width":2,"stroke-opacity":1,"name":""},"geometry":{"coordinates":[[-92.1089,41.889],[-92.109,41.888]],"type":"LineString"}},{"type":"Feature","properties":{"stroke":"#555555","stroke-width":2,"stroke-opacity":1,"name":""},"geometry":{"coordinates":[[-92.1086,41.8891],[-92.1086,41.8878]],"type":"LineString"}},{"type":"Feature","properties":{"stroke":"#555555","stroke-width":2,"stroke-opacity":1,"name":""},"geometry":{"coordinates":[[-92.1082,41.8891],[-92.1083,41.8878]],"type":"LineString"}},{"type":"Feature","properties":{"stroke":"#555555","stroke-width":2,"stroke-opacity":1,"name":""},"geometry":{"coordinates":[[-92.1078,41.889],[-92.1079,41.8879]],"type":"LineString"}},{"type":"Feature","properties":{"stroke":"#555555","stroke-width":2,"stroke-opacity":1,"name":""},"geometry":{"coordinates":[[-92.1075,41.8885],[-92.1075,41.8886],[-92.1075,41.8887],[-92.1076,41.8888],[-92.1077,41.8889],[-92.1078,41.889],[-92.1079,41.8891],[-92.1081,41.8891],[-92.1083,41.8892],[-92.1084,41.8892],[-92.1086,41.8892],[-92.1088,41.8891],[-92.1089,41.8891],[-92.1091,41.889],[-92.1092,41.8889],[-92.1093,41.8888],[-92.1093,41.8887],[-92.1094,41.8886],[-92.1094,41.8884],[-92.1093,41.8883],[-92.1093,41.8882],[-92.1092,41.8881],[-92.1091,41.888],[-92.109,41.8879],[-92.1088,41.8878],[-92.1087,41.8878],[-92.1085,41.8878],[-92.1083,41.8878],[-92.1082,41.8878],[-92.108,41.8878],[-92.1078,41.8879],[-92.1077,41.888],[-92.1076,41.8881],[-92.1075,41.8882],[-92.1075,41.8883],[-92.1075,41.8885]],"type":"LineString"}},{"type":"Feature","properties":{"stroke":"#555555","stroke-width":2,"stroke-opacity":1,"name":""},"geometry":{"coordinates":[[-92.0643,41.8886],[-92.0644,41.8876]],"type":"LineString"}},{"type":"Feature","properties":{"stroke":"#555555","stroke-width":2,"stroke-opacity":1,"name":""},"geometry":{"coordinates":[[-92.064,41.8887],[-92.064,41.8874]],"type":"LineString"}},{"type":"Feature","properties":{"stroke":"#555555","stroke-width":2,"stroke-opacity":1,"name":""},"geometry":{"coordinates":[[-92.0636,41.8887],[-92.0636,41.8874]],"type":"LineString"}},{"type":"Feature","properties":{"stroke":"#555555","stroke-width":2,"stroke-opacity":1,"name":""},"geometry":{"coordinates":[[-92.0632,41.8886],[-92.0633,41.8875]],"type":"LineString"}},{"type":"Feature","properties":{"stroke":"#555555","stroke-width":2,"stroke-opacity":1,"name":""},"geometry":{"coordinates":[[-92.0628,41.8881],[-92.0629,41.8882],[-92.0629,41.8883],[-92.063,41.8884],[-92.0631,41.8885],[-92.0632,41.8886],[-92.0633,41.8887],[-92.0635,41.8888],[-92.0636,41.8888],[-92.0638,41.8888],[-92.064,41.8888],[-92.0641,41.8887],[-92.0643,41.8887],[-92.0644,41.8886],[-92.0646,41.8885],[-92.0646,41.8884],[-92.0647,41.8883],[-92.0647,41.8882],[-92.0647,41.888],[-92.0647,41.8879],[-92.0647,41.8878],[-92.0646,41.8877],[-92.0645,41.8876],[-92.0643,41.8875],[-92.0642,41.8874],[-92.064,41.8874],[-92.0639,41.8874],[-92.0637,41.8874],[-92.0635,41.8874],[-92.0634,41.8874],[-92.0632,41.8875],[-92.0631,41.8876],[-92.063,41.8877],[-92.0629,41.8878],[-92.0629,41.8879],[-92.0628,41.8881]],"type":"LineString"}},{"type":"Feature","properties":{"stroke":"#555555","stroke-width":2,"stroke-opacity":1,"name":""},"geometry":{"coordinates":[[-92.042,41.8884],[-92.0421,41.8874]],"type":"LineString"}},{"type":"Feature","properties":{"stroke":"#555555","stroke-width":2,"stroke-opacity":1,"name":""},"geometry":{"coordinates":[[-92.0416,41.8885],[-92.0417,41.8872]],"type":"LineString"}},{"type":"Feature","properties":{"stroke":"#555555","stroke-width":2,"stroke-opacity":1,"name":""},"geometry":{"coordinates":[[-92.0413,41.8885],[-92.0413,41.8872]],"type":"LineString"}},{"type":"Feature","properties":{"stroke":"#555555","stroke-width":2,"stroke-opacity":1,"name":""},"geometry":{"coordinates":[[-92.0409,41.8884],[-92.041,41.8873]],"type":"LineString"}},{"type":"Feature","properties":{"stroke":"#555555","stroke-width":2,"stroke-opacity":1,"name":""},"geometry":{"coordinates":[[-92.0405,41.8879],[-92.0405,41.888],[-92.0406,41.8881],[-92.0406,41.8882],[-92.0407,41.8883],[-92.0409,41.8884],[-92.041,41.8885],[-92.0412,41.8886],[-92.0413,41.8886],[-92.0415,41.8886],[-92.0417,41.8886],[-92.0418,41.8885],[-92.042,41.8885],[-92.0421,41.8884],[-92.0422,41.8883],[-92.0423,41.8882],[-92.0424,41.8881],[-92.0424,41.888],[-92.0424,41.8878],[-92.0424,41.8877],[-92.0424,41.8876],[-92.0423,41.8875],[-92.0422,41.8874],[-92.042,41.8873],[-92.0419,41.8872],[-92.0417,41.8872],[-92.0416,41.8872],[-92.0414,41.8872],[-92.0412,41.8872],[-92.0411,41.8872],[-92.0409,41.8873],[-92.0408,41.8874],[-92.0407,41.8875],[-92.0406,41.8876],[-92.0406,41.8877],[-92.0405,41.8879]],"type":"LineString"}},{"type":"Feature","properties":{"stroke":"#555555","stroke-width":2,"stroke-opacity":1,"name":""},"geometry":{"coordinates":[[-92.0197,41.8882],[-92.0197,41.8872]],"type":"LineString"}},{"type":"Feature","properties":{"stroke":"#555555","stroke-width":2,"stroke-opacity":1,"name":""},"geometry":{"coordinates":[[-92.0193,41.8883],[-92.0194,41.887]],"type":"LineString"}},{"type":"Feature","properties":{"stroke":"#555555","stroke-width":2,"stroke-opacity":1,"name":""},"geometry":{"coordinates":[[-92.019,41.8883],[-92.019,41.887]],"type":"LineString"}},{"type":"Feature","properties":{"stroke":"#555555","stroke-width":2,"stroke-opacity":1,"name":""},"geometry":{"coordinates":[[-92.0186,41.8882],[-92.0186,41.8871]],"type":"LineString"}},{"type":"Feature","properties":{"stroke":"#555555","stroke-width":2,"stroke-opacity":1,"name":""},"geometry":{"coordinates":[[-92.0182,41.8877],[-92.0182,41.8878],[-92.0183,41.8879],[-92.0183,41.888],[-92.0184,41.8881],[-92.0186,41.8882],[-92.0187,41.8883],[-92.0188,41.8883],[-92.019,41.8884],[-92.0192,41.8884],[-92.0194,41.8884],[-92.0195,41.8883],[-92.0197,41.8883],[-92.0198,41.8882],[-92.0199,41.8881],[-92.02,41.888],[-92.0201,41.8879],[-92.0201,41.8878],[-92.0201,41.8876],[-92.0201,41.8875],[-92.02,41.8874],[-92.02,41.8873],[-92.0199,41.8872],[-92.0197,41.8871],[-92.0196,41.887],[-92.0194,41.887],[-92.0192,41.887],[-92.0191,41.887],[-92.0189,41.887],[-92.0187,41.887],[-92.0186,41.8871],[-92.0185,41.8872],[-92.0184,41.8873],[-92.0183,41.8874],[-92.0182,41.8875],[-92.0182,41.8877]],"type":"LineString"}},{"type":"Feature","properties":{"stroke":"#555555","stroke-width":2,"stroke-opacity":1,"name":""},"geometry":{"coordinates":[[-91.9974,41.888],[-91.9974,41.8869]],"type":"LineString"}},{"type":"Feature","properties":{"stroke":"#555555","stroke-width":2,"stroke-opacity":1,"name":""},"geometry":{"coordinates":[[-91.997,41.8881],[-91.9971,41.8868]],"type":"LineString"}},{"type":"Feature","properties":{"stroke":"#555555","stroke-width":2,"stroke-opacity":1,"name":""},"geometry":{"coordinates":[[-91.9966,41.8881],[-91.9967,41.8868]],"type":"LineString"}},{"type":"Feature","properties":{"stroke":"#555555","stroke-width":2,"stroke-opacity":1,"name":""},"geometry":{"coordinates":[[-91.9963,41.888],[-91.9963,41.8869]],"type":"LineString"}},{"type":"Feature","properties":{"stroke":"#555555","stroke-width":2,"stroke-opacity":1,"name":""},"geometry":{"coordinates":[[-91.9959,41.8874],[-91.9959,41.8876],[-91.996,41.8877],[-91.996,41.8878],[-91.9961,41.8879],[-91.9962,41.888],[-91.9964,41.8881],[-91.9965,41.8881],[-91.9967,41.8882],[-91.9969,41.8882],[-91.997,41.8882],[-91.9972,41.8881],[-91.9974,41.8881],[-91.9975,41.888],[-91.9976,41.8879],[-91.9977,41.8878],[-91.9978,41.8877],[-91.9978,41.8876],[-91.9978,41.8874],[-91.9978,41.8873],[-91.9977,41.8872],[-91.9976,41.8871],[-91.9975,41.887],[-91.9974,41.8869],[-91.9973,41.8868],[-91.9971,41.8868],[-91.9969,41.8868],[-91.9968,41.8868],[-91.9966,41.8868],[-91.9964,41.8868],[-91.9963,41.8869],[-91.9962,41.887],[-91.9961,41.8871],[-91.996,41.8872],[-91.9959,41.8873],[-91.9959,41.8874]],"type":"LineString"}},{"type":"Feature","properties":{"stroke":"#555555","stroke-width":2,"stroke-opacity":1,"name":""},"geometry":{"coordinates":[[-91.7777,41.9395],[-91.7778,41.9385]],"type":"LineString"}},{"type":"Feature","properties":{"stroke":"#555555","stroke-width":2,"stroke-opacity":1,"name":""},"geometry":{"coordinates":[[-91.7773,41.9396],[-91.7774,41.9383]],"type":"LineString"}},{"type":"Feature","properties":{"stroke":"#555555","stroke-width":2,"stroke-opacity":1,"name":""},"geometry":{"coordinates":[[-91.777,41.9396],[-91.777,41.9383]],"type":"LineString"}},{"type":"Feature","properties":{"stroke":"#555555","stroke-width":2,"stroke-opacity":1,"name":""},"geometry":{"coordinates":[[-91.7766,41.9395],[-91.7767,41.9384]],"type":"LineString"}},{"type":"Feature","properties":{"stroke":"#555555","stroke-width":2,"stroke-opacity":1,"name":""},"geometry":{"coordinates":[[-91.7762,41.9389],[-91.7763,41.9391],[-91.7763,41.9392],[-91.7764,41.9393],[-91.7765,41.9394],[-91.7766,41.9395],[-91.7767,41.9396],[-91.7769,41.9396],[-91.777,41.9397],[-91.7772,41.9397],[-91.7774,41.9397],[-91.7775,41.9396],[-91.7777,41.9396],[-91.7778,41.9395],[-91.7779,41.9394],[-91.778,41.9393],[-91.7781,41.9392],[-91.7781,41.9391],[-91.7781,41.9389],[-91.7781,41.9388],[-91.7781,41.9387],[-91.778,41.9386],[-91.7779,41.9385],[-91.7777,41.9384],[-91.7776,41.9383],[-91.7774,41.9383],[-91.7773,41.9383],[-91.7771,41.9383],[-91.7769,41.9383],[-91.7768,41.9383],[-91.7766,41.9384],[-91.7765,41.9385],[-91.7764,41.9386],[-91.7763,41.9387],[-91.7763,41.9388],[-91.7762,41.9389]],"type":"LineString"}},{"type":"Feature","properties":{"stroke":"#555555","stroke-width":2,"stroke-opacity":1,"name":""},"geometry":{"coordinates":[[-91.7622,41.9275],[-91.7622,41.9265]],"type":"LineString"}},{"type":"Feature","properties":{"stroke":"#555555","stroke-width":2,"stroke-opacity":1,"name":""},"geometry":{"coordinates":[[-91.7618,41.9277],[-91.7619,41.9263]],"type":"LineString"}},{"type":"Feature","properties":{"stroke":"#555555","stroke-width":2,"stroke-opacity":1,"name":""},"geometry":{"coordinates":[[-91.7614,41.9277],[-91.7615,41.9263]],"type":"LineString"}},{"type":"Feature","properties":{"stroke":"#555555","stroke-width":2,"stroke-opacity":1,"name":""},"geometry":{"coordinates":[[-91.7611,41.9275],[-91.7611,41.9265]],"type":"LineString"}},{"type":"Feature","properties":{"stroke":"#555555","stroke-width":2,"stroke-opacity":1,"name":""},"geometry":{"coordinates":[[-91.7607,41.927],[-91.7607,41.9271],[-91.7608,41.9272],[-91.7608,41.9273],[-91.7609,41.9275],[-91.761,41.9275],[-91.7612,41.9276],[-91.7613,41.9277],[-91.7615,41.9277],[-91.7617,41.9277],[-91.7618,41.9277],[-91.762,41.9277],[-91.7622,41.9276],[-91.7623,41.9275],[-91.7624,41.9274],[-91.7625,41.9273],[-91.7626,41.9272],[-91.7626,41.9271],[-91.7626,41.927],[-91.7626,41.9268],[-91.7625,41.9267],[-91.7624,41.9266],[-91.7623,41.9265],[-91.7622,41.9264],[-91.7621,41.9264],[-91.7619,41.9263],[-91.7617,41.9263],[-91.7616,41.9263],[-91.7614,41.9263],[-91.7612,41.9264],[-91.7611,41.9264],[-91.761,41.9265],[-91.7609,41.9266],[-91.7608,41.9267],[-91.7607,41.9268],[-91.7607,41.927]],"type":"LineString"}},{"type":"Feature","properties":{"stroke":"#555555","stroke-width":2,"stroke-opacity":1,"name":""},"geometry":{"coordinates":[[-91.7466,41.9156],[-91.7467,41.9145]],"type":"LineString"}},{"type":"Feature","properties":{"stroke":"#555555","stroke-width":2,"stroke-opacity":1,"name":""},"geometry":{"coordinates":[[-91.7463,41.9157],[-91.7463,41.9144]],"type":"LineString"}},{"type":"Feature","properties":{"stroke":"#555555","stroke-width":2,"stroke-opacity":1,"name":""},"geometry":{"coordinates":[[-91.7459,41.9157],[-91.746,41.9144]],"type":"LineString"}},{"type":"Feature","properties":{"stroke":"#555555","stroke-width":2,"stroke-opacity":1,"name":""},"geometry":{"coordinates":[[-91.7455,41.9155],[-91.7456,41.9145]],"type":"LineString"}},{"type":"Feature","properties":{"stroke":"#555555","stroke-width":2,"stroke-opacity":1,"name":""},"geometry":{"coordinates":[[-91.7452,41.915],[-91.7452,41.9151],[-91.7452,41.9153],[-91.7453,41.9154],[-91.7454,41.9155],[-91.7455,41.9156],[-91.7456,41.9156],[-91.7458,41.9157],[-91.746,41.9157],[-91.7461,41.9157],[-91.7463,41.9157],[-91.7465,41.9157],[-91.7466,41.9156],[-91.7468,41.9156],[-91.7469,41.9155],[-91.747,41.9154],[-91.747,41.9152],[-91.7471,41.9151],[-91.7471,41.915],[-91.7471,41.9149],[-91.747,41.9147],[-91.7469,41.9146],[-91.7468,41.9145],[-91.7467,41.9144],[-91.7465,41.9144],[-91.7464,41.9143],[-91.7462,41.9143],[-91.746,41.9143],[-91.7459,41.9143],[-91.7457,41.9144],[-91.7456,41.9145],[-91.7454,41.9145],[-91.7453,41.9146],[-91.7452,41.9148],[-91.7452,41.9149],[-91.7452,41.915]],"type":"LineString"}},{"type":"Feature","properties":{"stroke":"#555555","stroke-width":2,"stroke-opacity":1,"name":""},"geometry":{"coordinates":[[-91.7311,41.9036],[-91.7312,41.9025]],"type":"LineString"}},{"type":"Feature","properties":{"stroke":"#555555","stroke-width":2,"stroke-opacity":1,"name":""},"geometry":{"coordinates":[[-91.7307,41.9037],[-91.7308,41.9024]],"type":"LineString"}},{"type":"Feature","properties":{"stroke":"#555555","stroke-width":2,"stroke-opacity":1,"name":""},"geometry":{"coordinates":[[-91.7304,41.9037],[-91.7304,41.9024]],"type":"LineString"}},{"type":"Feature","properties":{"stroke":"#555555","stroke-width":2,"stroke-opacity":1,"name":""},"geometry":{"coordinates":[[-91.73,41.9036],[-91.7301,41.9025]],"type":"LineString"}},{"type":"Feature","properties":{"stroke":"#555555","stroke-width":2,"stroke-opacity":1,"name":""},"geometry":{"coordinates":[[-91.7296,41.903],[-91.7296,41.9031],[-91.7297,41.9033],[-91.7298,41.9034],[-91.7299,41.9035],[-91.73,41.9036],[-91.7301,41.9037],[-91.7303,41.9037],[-91.7304,41.9037],[-91.7306,41.9038],[-91.7308,41.9037],[-91.7309,41.9037],[-91.7311,41.9037],[-91.7312,41.9036],[-91.7313,41.9035],[-91.7314,41.9034],[-91.7315,41.9033],[-91.7315,41.9031],[-91.7315,41.903],[-91.7315,41.9029],[-91.7315,41.9028],[-91.7314,41.9026],[-91.7313,41.9025],[-91.7311,41.9025],[-91.731,41.9024],[-91.7308,41.9024],[-91.7307,41.9023],[-91.7305,41.9023],[-91.7303,41.9024],[-91.7302,41.9024],[-91.73,41.9025],[-91.7299,41.9026],[-91.7298,41.9027],[-91.7297,41.9028],[-91.7297,41.9029],[-91.7296,41.903]],"type":"LineString"}},{"type":"Feature","properties":{"stroke":"#555555","stroke-width":2,"stroke-opacity":1,"name":""},"geometry":{"coordinates":[[-91.752,41.8854],[-91.752,41.8843]],"type":"LineString"}},{"type":"Feature","properties":{"stroke":"#555555","stroke-width":2,"stroke-opacity":1,"name":""},"geometry":{"coordinates":[[-91.7516,41.8855],[-91.7517,41.8842]],"type":"LineString"}},{"type":"Feature","properties":{"stroke":"#555555","stroke-width":2,"stroke-opacity":1,"name":""},"geometry":{"coordinates":[[-91.7512,41.8855],[-91.7513,41.8842]],"type":"LineString"}},{"type":"Feature","properties":{"stroke":"#555555","stroke-width":2,"stroke-opacity":1,"name":""},"geometry":{"coordinates":[[-91.7509,41.8854],[-91.7509,41.8843]],"type":"LineString"}},{"type":"Feature","properties":{"stroke":"#555555","stroke-width":2,"stroke-opacity":1,"name":""},"geometry":{"coordinates":[[-91.7505,41.8848],[-91.7505,41.885],[-91.7505,41.8851],[-91.7506,41.8852],[-91.7507,41.8853],[-91.7508,41.8854],[-91.751,41.8855],[-91.7511,41.8855],[-91.7513,41.8856],[-91.7514,41.8856],[-91.7516,41.8856],[-91.7518,41.8855],[-91.7519,41.8855],[-91.7521,41.8854],[-91.7522,41.8853],[-91.7523,41.8852],[-91.7523,41.8851],[-91.7524,41.8849],[-91.7524,41.8848],[-91.7524,41.8847],[-91.7523,41.8846],[-91.7522,41.8845],[-91.7521,41.8844],[-91.752,41.8843],[-91.7518,41.8842],[-91.7517,41.8842],[-91.7515,41.8841],[-91.7513,41.8842],[-91.7512,41.8842],[-91.751,41.8842],[-91.7509,41.8843],[-91.7507,41.8844],[-91.7506,41.8845],[-91.7506,41.8846],[-91.7505,41.8847],[-91.7505,41.8848]],"type":"LineString"}},{"type":"Feature","properties":{"stroke":"#555555","stroke-width":2,"stroke-opacity":1,"name":""},"geometry":{"coordinates":[[-91.6843,41.8674],[-91.6843,41.8663]],"type":"LineString"}},{"type":"Feature","properties":{"stroke":"#555555","stroke-width":2,"stroke-opacity":1,"name":""},"geometry":{"coordinates":[[-91.6839,41.8675],[-91.6839,41.8662]],"type":"LineString"}},{"type":"Feature","properties":{"stroke":"#555555","stroke-width":2,"stroke-opacity":1,"name":""},"geometry":{"coordinates":[[-91.6835,41.8675],[-91.6836,41.8662]],"type":"LineString"}},{"type":"Feature","properties":{"stroke":"#555555","stroke-width":2,"stroke-opacity":1,"name":""},"geometry":{"coordinates":[[-91.6832,41.8674],[-91.6832,41.8663]],"type":"LineString"}},{"type":"Feature","properties":{"stroke":"#555555","stroke-width":2,"stroke-opacity":1,"name":""},"geometry":{"coordinates":[[-91.6828,41.8668],[-91.6828,41.867],[-91.6828,41.8671],[-91.6829,41.8672],[-91.683,41.8673],[-91.6831,41.8674],[-91.6832,41.8675],[-91.6834,41.8675],[-91.6836,41.8676],[-91.6837,41.8676],[-91.6839,41.8676],[-91.6841,41.8675],[-91.6842,41.8675],[-91.6844,41.8674],[-91.6845,41.8673],[-91.6846,41.8672],[-91.6846,41.8671],[-91.6847,41.8669],[-91.6847,41.8668],[-91.6847,41.8667],[-91.6846,41.8666],[-91.6845,41.8665],[-91.6844,41.8664],[-91.6843,41.8663],[-91.6841,41.8662],[-91.684,41.8662],[-91.6838,41.8661],[-91.6836,41.8661],[-91.6835,41.8662],[-91.6833,41.8662],[-91.6832,41.8663],[-91.683,41.8664],[-91.6829,41.8665],[-91.6829,41.8666],[-91.6828,41.8667],[-91.6828,41.8668]],"type":"LineString"}},{"type":"Feature","properties":{"stroke":"#555555","stroke-width":2,"stroke-opacity":1,"name":""},"geometry":{"coordinates":[[-91.6688,41.8554],[-91.6688,41.8544]],"type":"LineString"}},{"type":"Feature","properties":{"stroke":"#555555","stroke-width":2,"stroke-opacity":1,"name":""},"geometry":{"coordinates":[[-91.6684,41.8555],[-91.6684,41.8542]],"type":"LineString"}},{"type":"Feature","properties":{"stroke":"#555555","stroke-width":2,"stroke-opacity":1,"name":""},"geometry":{"coordinates":[[-91.668,41.8555],[-91.6681,41.8542]],"type":"LineString"}},{"type":"Feature","properties":{"stroke":"#555555","stroke-width":2,"stroke-opacity":1,"name":""},"geometry":{"coordinates":[[-91.6677,41.8554],[-91.6677,41.8543]],"type":"LineString"}},{"type":"Feature","properties":{"stroke":"#555555","stroke-width":2,"stroke-opacity":1,"name":""},"geometry":{"coordinates":[[-91.6673,41.8548],[-91.6673,41.855],[-91.6673,41.8551],[-91.6674,41.8552],[-91.6675,41.8553],[-91.6676,41.8554],[-91.6677,41.8555],[-91.6679,41.8555],[-91.6681,41.8556],[-91.6682,41.8556],[-91.6684,41.8556],[-91.6686,41.8555],[-91.6687,41.8555],[-91.6689,41.8554],[-91.669,41.8553],[-91.6691,41.8552],[-91.6691,41.8551],[-91.6692,41.855],[-91.6692,41.8548],[-91.6692,41.8547],[-91.6691,41.8546],[-91.669,41.8545],[-91.6689,41.8544],[-91.6688,41.8543],[-91.6686,41.8542],[-91.6685,41.8542],[-91.6683,41.8542],[-91.6681,41.8542],[-91.668,41.8542],[-91.6678,41.8542],[-91.6677,41.8543],[-91.6675,41.8544],[-91.6674,41.8545],[-91.6673,41.8546],[-91.6673,41.8547],[-91.6673,41.8548]],"type":"LineString"}},{"type":"Feature","properties":{"stroke":"#555555","stroke-width":2,"stroke-opacity":1,"name":""},"geometry":{"coordinates":[[-91.6533,41.8434],[-91.6533,41.8424]],"type":"LineString"}},{"type":"Feature","properties":{"stroke":"#555555","stroke-width":2,"stroke-opacity":1,"name":""},"geometry":{"coordinates":[[-91.6529,41.8435],[-91.6529,41.8422]],"type":"LineString"}},{"type":"Feature","properties":{"stroke":"#555555","stroke-width":2,"stroke-opacity":1,"name":""},"geometry":{"coordinates":[[-91.6525,41.8435],[-91.6526,41.8422]],"type":"LineString"}},{"type":"Feature","properties":{"stroke":"#555555","stroke-width":2,"stroke-opacity":1,"name":""},"geometry":{"coordinates":[[-91.6522,41.8434],[-91.6522,41.8423]],"type":"LineString"}},{"type":"Feature","properties":{"stroke":"#555555","stroke-width":2,"stroke-opacity":1,"name":""},"geometry":{"coordinates":[[-91.6518,41.8429],[-91.6518,41.843],[-91.6518,41.8431],[-91.6519,41.8432],[-91.652,41.8433],[-91.6521,41.8434],[-91.6523,41.8435],[-91.6524,41.8435],[-91.6526,41.8436],[-91.6527,41.8436],[-91.6529,41.8436],[-91.6531,41.8435],[-91.6532,41.8435],[-91.6534,41.8434],[-91.6535,41.8433],[-91.6536,41.8432],[-91.6536,41.8431],[-91.6537,41.843],[-91.6537,41.8428],[-91.6537,41.8427],[-91.6536,41.8426],[-91.6535,41.8425],[-91.6534,41.8424],[-91.6533,41.8423],[-91.6531,41.8422],[-91.653,41.8422],[-91.6528,41.8422],[-91.6526,41.8422],[-91.6525,41.8422],[-91.6523,41.8422],[-91.6522,41.8423],[-91.652,41.8424],[-91.6519,41.8425],[-91.6519,41.8426],[-91.6518,41.8427],[-91.6518,41.8429]],"type":"LineString"}},{"type":"Feature","properties":{"stroke":"#555555","stroke-width":2,"stroke-opacity":1,"name":""},"geometry":{"coordinates":[[-91.6378,41.8314],[-91.6378,41.8304]],"type":"LineString"}},{"type":"Feature","properties":{"stroke":"#555555","stroke-width":2,"stroke-opacity":1,"name":""},"geometry":{"coordinates":[[-91.6374,41.8315],[-91.6375,41.8302]],"type":"LineString"}},{"type":"Feature","properties":{"stroke":"#555555","stroke-width":2,"stroke-opacity":1,"name":""},"geometry":{"coordinates":[[-91.637,41.8315],[-91.6371,41.8302]],"type":"LineString"}},{"type":"Feature","properties":{"stroke":"#555555","stroke-width":2,"stroke-opacity":1,"name":""},"geometry":{"coordinates":[[-91.6367,41.8314],[-91.6367,41.8303]],"type":"LineString"}},{"type":"Feature","properties":{"stroke":"#555555","stroke-width":2,"stroke-opacity":1,"name":""},"geometry":{"coordinates":[[-91.6363,41.8309],[-91.6363,41.831],[-91.6363,41.8311],[-91.6364,41.8312],[-91.6365,41.8313],[-91.6366,41.8314],[-91.6368,41.8315],[-91.6369,41.8316],[-91.6371,41.8316],[-91.6373,41.8316],[-91.6374,41.8316],[-91.6376,41.8316],[-91.6377,41.8315],[-91.6379,41.8314],[-91.638,41.8313],[-91.6381,41.8312],[-91.6382,41.8311],[-91.6382,41.831],[-91.6382,41.8308],[-91.6382,41.8307],[-91.6381,41.8306],[-91.638,41.8305],[-91.6379,41.8304],[-91.6378,41.8303],[-91.6376,41.8302],[-91.6375,41.8302],[-91.6373,41.8302],[-91.6371,41.8302],[-91.637,41.8302],[-91.6368,41.8302],[-91.6367,41.8303],[-91.6365,41.8304],[-91.6364,41.8305],[-91.6364,41.8306],[-91.6363,41.8307],[-91.6363,41.8309]],"type":"LineString"}},{"type":"Feature","properties":{"stroke":"#555555","stroke-width":2,"stroke-opacity":1,"name":""},"geometry":{"coordinates":[[-91.6758,41.8845],[-91.6758,41.8834]],"type":"LineString"}},{"type":"Feature","properties":{"stroke":"#555555","stroke-width":2,"stroke-opacity":1,"name":""},"geometry":{"coordinates":[[-91.6754,41.8846],[-91.6754,41.8833]],"type":"LineString"}},{"type":"Feature","properties":{"stroke":"#555555","stroke-width":2,"stroke-opacity":1,"name":""},"geometry":{"coordinates":[[-91.675,41.8846],[-91.6751,41.8833]],"type":"LineString"}},{"type":"Feature","properties":{"stroke":"#555555","stroke-width":2,"stroke-opacity":1,"name":""},"geometry":{"coordinates":[[-91.6747,41.8845],[-91.6747,41.8834]],"type":"LineString"}},{"type":"Feature","properties":{"stroke":"#555555","stroke-width":2,"stroke-opacity":1,"name":""},"geometry":{"coordinates":[[-91.6743,41.8839],[-91.6743,41.884],[-91.6743,41.8842],[-91.6744,41.8843],[-91.6745,41.8844],[-91.6746,41.8845],[-91.6748,41.8846],[-91.6749,41.8846],[-91.6751,41.8846],[-91.6752,41.8846],[-91.6754,41.8846],[-91.6756,41.8846],[-91.6757,41.8845],[-91.6759,41.8845],[-91.676,41.8844],[-91.6761,41.8843],[-91.6761,41.8841],[-91.6762,41.884],[-91.6762,41.8839],[-91.6762,41.8838],[-91.6761,41.8836],[-91.676,41.8835],[-91.6759,41.8834],[-91.6758,41.8834],[-91.6756,41.8833],[-91.6755,41.8832],[-91.6753,41.8832],[-91.6751,41.8832],[-91.675,41.8832],[-91.6748,41.8833],[-91.6747,41.8834],[-91.6745,41.8834],[-91.6744,41.8835],[-91.6744,41.8837],[-91.6743,41.8838],[-91.6743,41.8839]],"type":"LineString"}},{"type":"Feature","properties":{"stroke":"#555555","stroke-width":2,"stroke-opacity":1,"name":""},"geometry":{"coordinates":[[-91.6535,41.8842],[-91.6535,41.8831]],"type":"LineString"}},{"type":"Feature","properties":{"stroke":"#555555","stroke-width":2,"stroke-opacity":1,"name":""},"geometry":{"coordinates":[[-91.6531,41.8843],[-91.6531,41.883]],"type":"LineString"}},{"type":"Feature","properties":{"stroke":"#555555","stroke-width":2,"stroke-opacity":1,"name":""},"geometry":{"coordinates":[[-91.6527,41.8843],[-91.6528,41.883]],"type":"LineString"}},{"type":"Feature","properties":{"stroke":"#555555","stroke-width":2,"stroke-opacity":1,"name":""},"geometry":{"coordinates":[[-91.6523,41.8842],[-91.6524,41.8831]],"type":"LineString"}},{"type":"Feature","properties":{"stroke":"#555555","stroke-width":2,"stroke-opacity":1,"name":""},"geometry":{"coordinates":[[-91.652,41.8836],[-91.652,41.8838],[-91.652,41.8839],[-91.6521,41.884],[-91.6522,41.8841],[-91.6523,41.8842],[-91.6524,41.8843],[-91.6526,41.8843],[-91.6528,41.8844],[-91.6529,41.8844],[-91.6531,41.8844],[-91.6533,41.8843],[-91.6534,41.8843],[-91.6536,41.8842],[-91.6537,41.8841],[-91.6538,41.884],[-91.6538,41.8839],[-91.6539,41.8838],[-91.6539,41.8836],[-91.6539,41.8835],[-91.6538,41.8834],[-91.6537,41.8833],[-91.6536,41.8832],[-91.6535,41.8831],[-91.6533,41.883],[-91.6532,41.883],[-91.653,41.8829],[-91.6528,41.883],[-91.6527,41.883],[-91.6525,41.883],[-91.6524,41.8831],[-91.6522,41.8832],[-91.6521,41.8833],[-91.652,41.8834],[-91.652,41.8835],[-91.652,41.8836]],"type":"LineString"}},{"type":"Feature","properties":{"stroke":"#555555","stroke-width":2,"stroke-opacity":1,"name":""},"geometry":{"coordinates":[[-91.6311,41.8839],[-91.6312,41.8829]],"type":"LineString"}},{"type":"Feature","properties":{"stroke":"#555555","stroke-width":2,"stroke-opacity":1,"name":""},"geometry":{"coordinates":[[-91.6308,41.884],[-91.6308,41.8827]],"type":"LineString"}},{"type":"Feature","properties":{"stroke":"#555555","stroke-width":2,"stroke-opacity":1,"name":""},"geometry":{"coordinates":[[-91.6304,41.884],[-91.6305,41.8827]],"type":"LineString"}},{"type":"Feature","properties":{"stroke":"#555555","stroke-width":2,"stroke-opacity":1,"name":""},"geometry":{"coordinates":[[-91.63,41.8839],[-91.6301,41.8828]],"type":"LineString"}},{"type":"Feature","properties":{"stroke":"#555555","stroke-width":2,"stroke-opacity":1,"name":""},"geometry":{"coordinates":[[-91.6297,41.8834],[-91.6297,41.8835],[-91.6297,41.8836],[-91.6298,41.8837],[-91.6299,41.8838],[-91.63,41.8839],[-91.6301,41.884],[-91.6303,41.8841],[-91.6305,41.8841],[-91.6306,41.8841],[-91.6308,41.8841],[-91.631,41.884],[-91.6311,41.884],[-91.6313,41.8839],[-91.6314,41.8838],[-91.6315,41.8837],[-91.6315,41.8836],[-91.6316,41.8835],[-91.6316,41.8833],[-91.6315,41.8832],[-91.6315,41.8831],[-91.6314,41.883],[-91.6313,41.8829],[-91.6312,41.8828],[-91.631,41.8827],[-91.6309,41.8827],[-91.6307,41.8827],[-91.6305,41.8827],[-91.6304,41.8827],[-91.6302,41.8827],[-91.63,41.8828],[-91.6299,41.8829],[-91.6298,41.883],[-91.6297,41.8831],[-91.6297,41.8832],[-91.6297,41.8834]],"type":"LineString"}},{"type":"Feature","properties":{"stroke":"#555555","stroke-width":2,"stroke-opacity":1,"name":""},"geometry":{"coordinates":[[-91.6088,41.8836],[-91.6089,41.8826]],"type":"LineString"}},{"type":"Feature","properties":{"stroke":"#555555","stroke-width":2,"stroke-opacity":1,"name":""},"geometry":{"coordinates":[[-91.6085,41.8838],[-91.6085,41.8824]],"type":"LineString"}},{"type":"Feature","properties":{"stroke":"#555555","stroke-width":2,"stroke-opacity":1,"name":""},"geometry":{"coordinates":[[-91.6081,41.8838],[-91.6082,41.8824]],"type":"LineString"}},{"type":"Feature","properties":{"stroke":"#555555","stroke-width":2,"stroke-opacity":1,"name":""},"geometry":{"coordinates":[[-91.6077,41.8836],[-91.6078,41.8826]],"type":"LineString"}},{"type":"Feature","properties":{"stroke":"#555555","stroke-width":2,"stroke-opacity":1,"name":""},"geometry":{"coordinates":[[-91.6074,41.8831],[-91.6074,41.8832],[-91.6074,41.8833],[-91.6075,41.8834],[-91.6076,41.8835],[-91.6077,41.8836],[-91.6078,41.8837],[-91.608,41.8838],[-91.6081,41.8838],[-91.6083,41.8838],[-91.6085,41.8838],[-91.6087,41.8838],[-91.6088,41.8837],[-91.6089,41.8836],[-91.6091,41.8835],[-91.6092,41.8834],[-91.6092,41.8833],[-91.6093,41.8832],[-91.6093,41.8831],[-91.6092,41.8829],[-91.6092,41.8828],[-91.6091,41.8827],[-91.609,41.8826],[-91.6089,41.8825],[-91.6087,41.8825],[-91.6086,41.8824],[-91.6084,41.8824],[-91.6082,41.8824],[-91.608,41.8824],[-91.6079,41.8825],[-91.6077,41.8825],[-91.6076,41.8826],[-91.6075,41.8827],[-91.6074,41.8828],[-91.6074,41.8829],[-91.6074,41.8831]],"type":"LineString"}},{"type":"Feature","properties":{"stroke":"#555555","stroke-width":2,"stroke-opacity":1,"name":""},"geometry":{"coordinates":[[-91.5865,41.8834],[-91.5866,41.8823]],"type":"LineString"}},{"type":"Feature","properties":{"stroke":"#555555","stroke-width":2,"stroke-opacity":1,"name":""},"geometry":{"coordinates":[[-91.5861,41.8835],[-91.5862,41.8822]],"type":"LineString"}},{"type":"Feature","properties":{"stroke":"#555555","stroke-width":2,"stroke-opacity":1,"name":""},"geometry":{"coordinates":[[-91.5858,41.8835],[-91.5858,41.8821]],"type":"LineString"}},{"type":"Feature","properties":{"stroke":"#555555","stroke-width":2,"stroke-opacity":1,"name":""},"geometry":{"coordinates":[[-91.5854,41.8833],[-91.5855,41.8823]],"type":"LineString"}},{"type":"Feature","properties":{"stroke":"#555555","stroke-width":2,"stroke-opacity":1,"name":""},"geometry":{"coordinates":[[-91.585,41.8828],[-91.5851,41.8829],[-91.5851,41.883],[-91.5852,41.8832],[-91.5853,41.8833],[-91.5854,41.8834],[-91.5855,41.8834],[-91.5857,41.8835],[-91.5858,41.8835],[-91.586,41.8835],[-91.5862,41.8835],[-91.5863,41.8835],[-91.5865,41.8834],[-91.5866,41.8833],[-91.5867,41.8833],[-91.5868,41.8831],[-91.5869,41.883],[-91.5869,41.8829],[-91.587,41.8828],[-91.5869,41.8826],[-91.5869,41.8825],[-91.5868,41.8824],[-91.5867,41.8823],[-91.5866,41.8822],[-91.5864,41.8822],[-91.5862,41.8821],[-91.5861,41.8821],[-91.5859,41.8821],[-91.5857,41.8821],[-91.5856,41.8822],[-91.5854,41.8822],[-91.5853,41.8823],[-91.5852,41.8824],[-91.5851,41.8825],[-91.5851,41.8827],[-91.585,41.8828]],"type":"LineString"}},{"type":"Feature","properties":{"stroke":"#555555","stroke-width":2,"stroke-opacity":1,"name":""},"geometry":{"coordinates":[[-91.7933,41.9515],[-91.7933,41.9504]],"type":"LineString"}},{"type":"Feature","properties":{"stroke":"#555555","stroke-width":2,"stroke-opacity":1,"name":""},"geometry":{"coordinates":[[-91.7929,41.9516],[-91.793,41.9503]],"type":"LineString"}},{"type":"Feature","properties":{"stroke":"#555555","stroke-width":2,"stroke-opacity":1,"name":""},"geometry":{"coordinates":[[-91.7925,41.9516],[-91.7926,41.9503]],"type":"LineString"}},{"type":"Feature","properties":{"stroke":"#555555","stroke-width":2,"stroke-opacity":1,"name":""},"geometry":{"coordinates":[[-91.7922,41.9515],[-91.7922,41.9504]],"type":"LineString"}},{"type":"Feature","properties":{"stroke":"#555555","stroke-width":2,"stroke-opacity":1,"name":""},"geometry":{"coordinates":[[-91.7918,41.9509],[-91.7918,41.951],[-91.7918,41.9512],[-91.7919,41.9513],[-91.792,41.9514],[-91.7921,41.9515],[-91.7923,41.9516],[-91.7924,41.9516],[-91.7926,41.9516],[-91.7928,41.9517],[-91.7929,41.9516],[-91.7931,41.9516],[-91.7932,41.9516],[-91.7934,41.9515],[-91.7935,41.9514],[-91.7936,41.9513],[-91.7937,41.9512],[-91.7937,41.951],[-91.7937,41.9509],[-91.7937,41.9508],[-91.7936,41.9507],[-91.7935,41.9505],[-91.7934,41.9504],[-91.7933,41.9504],[-91.7931,41.9503],[-91.793,41.9503],[-91.7928,41.9502],[-91.7926,41.9502],[-91.7925,41.9503],[-91.7923,41.9503],[-91.7922,41.9504],[-91.792,41.9505],[-91.7919,41.9506],[-91.7919,41.9507],[-91.7918,41.9508],[-91.7918,41.9509]],"type":"LineString"}},{"type":"Feature","properties":{"stroke":"#555555","stroke-width":2,"stroke-opacity":1,"name":""},"geometry":{"coordinates":[[-91.8088,41.9635],[-91.8089,41.9624]],"type":"LineString"}},{"type":"Feature","properties":{"stroke":"#555555","stroke-width":2,"stroke-opacity":1,"name":""},"geometry":{"coordinates":[[-91.8084,41.9636],[-91.8085,41.9623]],"type":"LineString"}},{"type":"Feature","properties":{"stroke":"#555555","stroke-width":2,"stroke-opacity":1,"name":""},"geometry":{"coordinates":[[-91.8081,41.9636],[-91.8081,41.9623]],"type":"LineString"}},{"type":"Feature","properties":{"stroke":"#555555","stroke-width":2,"stroke-opacity":1,"name":""},"geometry":{"coordinates":[[-91.8077,41.9634],[-91.8078,41.9624]],"type":"LineString"}},{"type":"Feature","properties":{"stroke":"#555555","stroke-width":2,"stroke-opacity":1,"name":""},"geometry":{"coordinates":[[-91.8073,41.9629],[-91.8073,41.963],[-91.8074,41.9631],[-91.8075,41.9633],[-91.8076,41.9634],[-91.8077,41.9635],[-91.8078,41.9635],[-91.808,41.9636],[-91.8081,41.9636],[-91.8083,41.9636],[-91.8085,41.9636],[-91.8086,41.9636],[-91.8088,41.9635],[-91.8089,41.9634],[-91.809,41.9634],[-91.8091,41.9632],[-91.8092,41.9631],[-91.8092,41.963],[-91.8092,41.9629],[-91.8092,41.9627],[-91.8092,41.9626],[-91.8091,41.9625],[-91.809,41.9624],[-91.8088,41.9623],[-91.8087,41.9623],[-91.8085,41.9622],[-91.8084,41.9622],[-91.8082,41.9622],[-91.808,41.9622],[-91.8079,41.9623],[-91.8077,41.9623],[-91.8076,41.9624],[-91.8075,41.9625],[-91.8074,41.9626],[-91.8074,41.9628],[-91.8073,41.9629]],"type":"LineString"}},{"type":"Feature","properties":{"stroke":"#555555","stroke-width":2,"stroke-opacity":1,"name":""},"geometry":{"coordinates":[[-91.8711,42.0113],[-91.8711,42.0103]],"type":"LineString"}},{"type":"Feature","properties":{"stroke":"#555555","stroke-width":2,"stroke-opacity":1,"name":""},"geometry":{"coordinates":[[-91.8707,42.0114],[-91.8708,42.0101]],"type":"LineString"}},{"type":"Feature","properties":{"stroke":"#555555","stroke-width":2,"stroke-opacity":1,"name":""},"geometry":{"coordinates":[[-91.8703,42.0114],[-91.8704,42.0101]],"type":"LineString"}},{"type":"Feature","properties":{"stroke":"#555555","stroke-width":2,"stroke-opacity":1,"name":""},"geometry":{"coordinates":[[-91.87,42.0113],[-91.87,42.0102]],"type":"LineString"}},{"type":"Feature","properties":{"stroke":"#555555","stroke-width":2,"stroke-opacity":1,"name":""},"geometry":{"coordinates":[[-91.8696,42.0108],[-91.8696,42.0109],[-91.8696,42.011],[-91.8697,42.0111],[-91.8698,42.0112],[-91.8699,42.0113],[-91.8701,42.0114],[-91.8702,42.0114],[-91.8704,42.0115],[-91.8706,42.0115],[-91.8707,42.0115],[-91.8709,42.0114],[-91.871,42.0114],[-91.8712,42.0113],[-91.8713,42.0112],[-91.8714,42.0111],[-91.8715,42.011],[-91.8715,42.0109],[-91.8715,42.0107],[-91.8715,42.0106],[-91.8714,42.0105],[-91.8713,42.0104],[-91.8712,42.0103],[-91.8711,42.0102],[-91.871,42.0101],[-91.8708,42.0101],[-91.8706,42.0101],[-91.8705,42.0101],[-91.8703,42.0101],[-91.8701,42.0101],[-91.87,42.0102],[-91.8698,42.0103],[-91.8697,42.0104],[-91.8697,42.0105],[-91.8696,42.0106],[-91.8696,42.0108]],"type":"LineString"}},{"type":"Feature","properties":{"stroke":"#555555","stroke-width":2,"stroke-opacity":1,"name":""},"geometry":{"coordinates":[[-91.8555,41.9994],[-91.8556,41.9983]],"type":"LineString"}},{"type":"Feature","properties":{"stroke":"#555555","stroke-width":2,"stroke-opacity":1,"name":""},"geometry":{"coordinates":[[-91.8551,41.9995],[-91.8552,41.9982]],"type":"LineString"}},{"type":"Feature","properties":{"stroke":"#555555","stroke-width":2,"stroke-opacity":1,"name":""},"geometry":{"coordinates":[[-91.8548,41.9995],[-91.8548,41.9982]],"type":"LineString"}},{"type":"Feature","properties":{"stroke":"#555555","stroke-width":2,"stroke-opacity":1,"name":""},"geometry":{"coordinates":[[-91.8544,41.9993],[-91.8544,41.9983]],"type":"LineString"}},{"type":"Feature","properties":{"stroke":"#555555","stroke-width":2,"stroke-opacity":1,"name":""},"geometry":{"coordinates":[[-91.854,41.9988],[-91.854,41.9989],[-91.8541,41.999],[-91.8541,41.9992],[-91.8542,41.9993],[-91.8544,41.9994],[-91.8545,41.9994],[-91.8546,41.9995],[-91.8548,41.9995],[-91.855,41.9995],[-91.8552,41.9995],[-91.8553,41.9995],[-91.8555,41.9994],[-91.8556,41.9993],[-91.8557,41.9993],[-91.8558,41.9991],[-91.8559,41.999],[-91.8559,41.9989],[-91.8559,41.9988],[-91.8559,41.9986],[-91.8559,41.9985],[-91.8558,41.9984],[-91.8557,41.9983],[-91.8555,41.9982],[-91.8554,41.9982],[-91.8552,41.9981],[-91.8551,41.9981],[-91.8549,41.9981],[-91.8547,41.9981],[-91.8546,41.9982],[-91.8544,41.9982],[-91.8543,41.9983],[-91.8542,41.9984],[-91.8541,41.9985],[-91.854,41.9987],[-91.854,41.9988]],"type":"LineString"}},{"type":"Feature","properties":{"stroke":"#555555","stroke-width":2,"stroke-opacity":1,"name":""},"geometry":{"coordinates":[[-91.8399,41.9874],[-91.84,41.9863]],"type":"LineString"}},{"type":"Feature","properties":{"stroke":"#555555","stroke-width":2,"stroke-opacity":1,"name":""},"geometry":{"coordinates":[[-91.8396,41.9875],[-91.8396,41.9862]],"type":"LineString"}},{"type":"Feature","properties":{"stroke":"#555555","stroke-width":2,"stroke-opacity":1,"name":""},"geometry":{"coordinates":[[-91.8392,41.9875],[-91.8393,41.9862]],"type":"LineString"}},{"type":"Feature","properties":{"stroke":"#555555","stroke-width":2,"stroke-opacity":1,"name":""},"geometry":{"coordinates":[[-91.8388,41.9874],[-91.8389,41.9863]],"type":"LineString"}},{"type":"Feature","properties":{"stroke":"#555555","stroke-width":2,"stroke-opacity":1,"name":""},"geometry":{"coordinates":[[-91.8385,41.9868],[-91.8385,41.987],[-91.8385,41.9871],[-91.8386,41.9872],[-91.8387,41.9873],[-91.8388,41.9874],[-91.8389,41.9875],[-91.8391,41.9875],[-91.8392,41.9876],[-91.8394,41.9876],[-91.8396,41.9876],[-91.8398,41.9875],[-91.8399,41.9875],[-91.84,41.9874],[-91.8402,41.9873],[-91.8403,41.9872],[-91.8403,41.9871],[-91.8404,41.9869],[-91.8404,41.9868],[-91.8403,41.9867],[-91.8403,41.9866],[-91.8402,41.9864],[-91.8401,41.9864],[-91.84,41.9863],[-91.8398,41.9862],[-91.8397,41.9862],[-91.8395,41.9861],[-91.8393,41.9861],[-91.8391,41.9862],[-91.839,41.9862],[-91.8388,41.9863],[-91.8387,41.9864],[-91.8386,41.9865],[-91.8385,41.9866],[-91.8385,41.9867],[-91.8385,41.9868]],"type":"LineString"}},{"type":"Feature","properties":{"stroke":"#555555","stroke-width":2,"stroke-opacity":1,"name":""},"geometry":{"coordinates":[[-91.8244,41.9754],[-91.8244,41.9744]],"type":"LineString"}},{"type":"Feature","properties":{"stroke":"#555555","stroke-width":2,"stroke-opacity":1,"name":""},"geometry":{"coordinates":[[-91.824,41.9755],[-91.8241,41.9742]],"type":"LineString"}},{"type":"Feature","properties":{"stroke":"#555555","stroke-width":2,"stroke-opacity":1,"name":""},"geometry":{"coordinates":[[-91.8236,41.9755],[-91.8237,41.9742]],"type":"LineString"}},{"type":"Feature","properties":{"stroke":"#555555","stroke-width":2,"stroke-opacity":1,"name":""},"geometry":{"coordinates":[[-91.8233,41.9754],[-91.8233,41.9743]],"type":"LineString"}},{"type":"Feature","properties":{"stroke":"#555555","stroke-width":2,"stroke-opacity":1,"name":""},"geometry":{"coordinates":[[-91.8229,41.9749],[-91.8229,41.975],[-91.8229,41.9751],[-91.823,41.9752],[-91.8231,41.9753],[-91.8232,41.9754],[-91.8234,41.9755],[-91.8235,41.9756],[-91.8237,41.9756],[-91.8239,41.9756],[-91.824,41.9756],[-91.8242,41.9755],[-91.8243,41.9755],[-91.8245,41.9754],[-91.8246,41.9753],[-91.8247,41.9752],[-91.8248,41.9751],[-91.8248,41.975],[-91.8248,41.9748],[-91.8248,41.9747],[-91.8247,41.9746],[-91.8246,41.9745],[-91.8245,41.9744],[-91.8244,41.9743],[-91.8243,41.9742],[-91.8241,41.9742],[-91.8239,41.9742],[-91.8238,41.9742],[-91.8236,41.9742],[-91.8234,41.9742],[-91.8233,41.9743],[-91.8231,41.9744],[-91.823,41.9745],[-91.823,41.9746],[-91.8229,41.9747],[-91.8229,41.9749]],"type":"LineString"}},{"type":"Feature","properties":{"stroke":"#555555","stroke-width":2,"stroke-opacity":1,"name":""},"geometry":{"coordinates":[[-91.5642,41.8831],[-91.5643,41.882]],"type":"LineString"}},{"type":"Feature","properties":{"stroke":"#555555","stroke-width":2,"stroke-opacity":1,"name":""},"geometry":{"coordinates":[[-91.5638,41.8832],[-91.5639,41.8819]],"type":"LineString"}},{"type":"Feature","properties":{"stroke":"#555555","stroke-width":2,"stroke-opacity":1,"name":""},"geometry":{"coordinates":[[-91.5635,41.8832],[-91.5635,41.8819]],"type":"LineString"}},{"type":"Feature","properties":{"stroke":"#555555","stroke-width":2,"stroke-opacity":1,"name":""},"geometry":{"coordinates":[[-91.5631,41.883],[-91.5632,41.882]],"type":"LineString"}},{"type":"Feature","properties":{"stroke":"#555555","stroke-width":2,"stroke-opacity":1,"name":""},"geometry":{"coordinates":[[-91.5627,41.8825],[-91.5627,41.8826],[-91.5628,41.8827],[-91.5629,41.8829],[-91.5629,41.883],[-91.5631,41.8831],[-91.5632,41.8831],[-91.5634,41.8832],[-91.5635,41.8832],[-91.5637,41.8832],[-91.5639,41.8832],[-91.564,41.8832],[-91.5642,41.8831],[-91.5643,41.8831],[-91.5644,41.883],[-91.5645,41.8829],[-91.5646,41.8827],[-91.5646,41.8826],[-91.5646,41.8825],[-91.5646,41.8824],[-91.5646,41.8822],[-91.5645,41.8821],[-91.5644,41.882],[-91.5642,41.8819],[-91.5641,41.8819],[-91.5639,41.8818],[-91.5638,41.8818],[-91.5636,41.8818],[-91.5634,41.8818],[-91.5633,41.8819],[-91.5631,41.8819],[-91.563,41.882],[-91.5629,41.8821],[-91.5628,41.8822],[-91.5628,41.8824],[-91.5627,41.8825]],"type":"LineString"}},{"type":"Feature","properties":{"stroke":"#555555","stroke-width":2,"stroke-opacity":1,"name":""},"geometry":{"coordinates":[[-91.5419,41.8828],[-91.542,41.8817]],"type":"LineString"}},{"type":"Feature","properties":{"stroke":"#555555","stroke-width":2,"stroke-opacity":1,"name":""},"geometry":{"coordinates":[[-91.5415,41.8829],[-91.5416,41.8816]],"type":"LineString"}},{"type":"Feature","properties":{"stroke":"#555555","stroke-width":2,"stroke-opacity":1,"name":""},"geometry":{"coordinates":[[-91.5412,41.8829],[-91.5412,41.8816]],"type":"LineString"}},{"type":"Feature","properties":{"stroke":"#555555","stroke-width":2,"stroke-opacity":1,"name":""},"geometry":{"coordinates":[[-91.5408,41.8827],[-91.5409,41.8817]],"type":"LineString"}},{"type":"Feature","properties":{"stroke":"#555555","stroke-width":2,"stroke-opacity":1,"name":""},"geometry":{"coordinates":[[-91.5404,41.8822],[-91.5404,41.8823],[-91.5405,41.8824],[-91.5405,41.8826],[-91.5406,41.8827],[-91.5408,41.8828],[-91.5409,41.8828],[-91.5411,41.8829],[-91.5412,41.8829],[-91.5414,41.8829],[-91.5416,41.8829],[-91.5417,41.8829],[-91.5419,41.8828],[-91.542,41.8828],[-91.5421,41.8827],[-91.5422,41.8826],[-91.5423,41.8824],[-91.5423,41.8823],[-91.5423,41.8822],[-91.5423,41.8821],[-91.5423,41.8819],[-91.5422,41.8818],[-91.5421,41.8817],[-91.5419,41.8816],[-91.5418,41.8816],[-91.5416,41.8815],[-91.5415,41.8815],[-91.5413,41.8815],[-91.5411,41.8815],[-91.541,41.8816],[-91.5408,41.8816],[-91.5407,41.8817],[-91.5406,41.8818],[-91.5405,41.8819],[-91.5404,41.8821],[-91.5404,41.8822]],"type":"LineString"}},{"type":"Feature","properties":{"stroke":"#555555","stroke-width":2,"stroke-opacity":1,"name":""},"geometry":{"coordinates":[[-91.5196,41.8825],[-91.5196,41.8814]],"type":"LineString"}},{"type":"Feature","properties":{"stroke":"#555555","stroke-width":2,"stroke-opacity":1,"name":""},"geometry":{"coordinates":[[-91.5192,41.8826],[-91.5193,41.8813]],"type":"LineString"}},{"type":"Feature","properties":{"stroke":"#555555","stroke-width":2,"stroke-opacity":1,"name":""},"geometry":{"coordinates":[[-91.5189,41.8826],[-91.5189,41.8813]],"type":"LineString"}},{"type":"Feature","properties":{"stroke":"#555555","stroke-width":2,"stroke-opacity":1,"name":""},"geometry":{"coordinates":[[-91.5185,41.8824],[-91.5185,41.8814]],"type":"LineString"}},{"type":"Feature","properties":{"stroke":"#555555","stroke-width":2,"stroke-opacity":1,"name":""},"geometry":{"coordinates":[[-91.5181,41.8819],[-91.5181,41.882],[-91.5182,41.8821],[-91.5182,41.8823],[-91.5183,41.8824],[-91.5185,41.8825],[-91.5186,41.8825],[-91.5187,41.8826],[-91.5189,41.8826],[-91.5191,41.8826],[-91.5193,41.8826],[-91.5194,41.8826],[-91.5196,41.8825],[-91.5197,41.8825],[-91.5198,41.8824],[-91.5199,41.8822],[-91.52,41.8821],[-91.52,41.882],[-91.52,41.8819],[-91.52,41.8818],[-91.5199,41.8816],[-91.5199,41.8815],[-91.5198,41.8814],[-91.5196,41.8813],[-91.5195,41.8813],[-91.5193,41.8812],[-91.5192,41.8812],[-91.519,41.8812],[-91.5188,41.8812],[-91.5187,41.8813],[-91.5185,41.8813],[-91.5184,41.8814],[-91.5183,41.8815],[-91.5182,41.8816],[-91.5181,41.8818],[-91.5181,41.8819]],"type":"LineString"}},{"type":"Feature","properties":{"stroke":"#555555","stroke-width":2,"stroke-opacity":1,"name":""},"geometry":{"coordinates":[[-91.4973,41.8822],[-91.4973,41.8811]],"type":"LineString"}},{"type":"Feature","properties":{"stroke":"#555555","stroke-width":2,"stroke-opacity":1,"name":""},"geometry":{"coordinates":[[-91.4969,41.8823],[-91.497,41.881]],"type":"LineString"}},{"type":"Feature","properties":{"stroke":"#555555","stroke-width":2,"stroke-opacity":1,"name":""},"geometry":{"coordinates":[[-91.4965,41.8823],[-91.4966,41.8809]],"type":"LineString"}},{"type":"Feature","properties":{"stroke":"#555555","stroke-width":2,"stroke-opacity":1,"name":""},"geometry":{"coordinates":[[-91.4962,41.8821],[-91.4962,41.8811]],"type":"LineString"}},{"type":"Feature","properties":{"stroke":"#555555","stroke-width":2,"stroke-opacity":1,"name":""},"geometry":{"coordinates":[[-91.4958,41.8816],[-91.4958,41.8817],[-91.4959,41.8818],[-91.4959,41.882],[-91.496,41.8821],[-91.4961,41.8821],[-91.4963,41.8822],[-91.4964,41.8823],[-91.4966,41.8823],[-91.4968,41.8823],[-91.4969,41.8823],[-91.4971,41.8823],[-91.4973,41.8822],[-91.4974,41.8821],[-91.4975,41.882],[-91.4976,41.8819],[-91.4977,41.8818],[-91.4977,41.8817],[-91.4977,41.8816],[-91.4977,41.8814],[-91.4976,41.8813],[-91.4976,41.8812],[-91.4974,41.8811],[-91.4973,41.881],[-91.4972,41.881],[-91.497,41.8809],[-91.4968,41.8809],[-91.4967,41.8809],[-91.4965,41.8809],[-91.4963,41.881],[-91.4962,41.881],[-91.4961,41.8811],[-91.496,41.8812],[-91.4959,41.8813],[-91.4958,41.8815],[-91.4958,41.8816]],"type":"LineString"}},{"type":"Feature","properties":{"stroke":"#555555","stroke-width":2,"stroke-opacity":1,"name":""},"geometry":{"coordinates":[[-91.475,41.8818],[-91.475,41.8808]],"type":"LineString"}},{"type":"Feature","properties":{"stroke":"#555555","stroke-width":2,"stroke-opacity":1,"name":""},"geometry":{"coordinates":[[-91.4746,41.882],[-91.4747,41.8806]],"type":"LineString"}},{"type":"Feature","properties":{"stroke":"#555555","stroke-width":2,"stroke-opacity":1,"name":""},"geometry":{"coordinates":[[-91.4742,41.882],[-91.4743,41.8806]],"type":"LineString"}},{"type":"Feature","properties":{"stroke":"#555555","stroke-width":2,"stroke-opacity":1,"name":""},"geometry":{"coordinates":[[-91.4739,41.8818],[-91.4739,41.8808]],"type":"LineString"}},{"type":"Feature","properties":{"stroke":"#555555","stroke-width":2,"stroke-opacity":1,"name":""},"geometry":{"coordinates":[[-91.4735,41.8813],[-91.4735,41.8814],[-91.4736,41.8815],[-91.4736,41.8816],[-91.4737,41.8817],[-91.4738,41.8818],[-91.474,41.8819],[-91.4741,41.882],[-91.4743,41.882],[-91.4745,41.882],[-91.4746,41.882],[-91.4748,41.882],[-91.475,41.8819],[-91.4751,41.8818],[-91.4752,41.8817],[-91.4753,41.8816],[-91.4754,41.8815],[-91.4754,41.8814],[-91.4754,41.8813],[-91.4754,41.8811],[-91.4753,41.881],[-91.4752,41.8809],[-91.4751,41.8808],[-91.475,41.8807],[-91.4749,41.8807],[-91.4747,41.8806],[-91.4745,41.8806],[-91.4744,41.8806],[-91.4742,41.8806],[-91.474,41.8807],[-91.4739,41.8807],[-91.4738,41.8808],[-91.4737,41.8809],[-91.4736,41.881],[-91.4735,41.8811],[-91.4735,41.8813]],"type":"LineString"}},{"type":"Feature","properties":{"stroke":"#555555","stroke-width":2,"stroke-opacity":1,"name":""},"geometry":{"coordinates":[[-91.4527,41.8815],[-91.4527,41.8805]],"type":"LineString"}},{"type":"Feature","properties":{"stroke":"#555555","stroke-width":2,"stroke-opacity":1,"name":""},"geometry":{"coordinates":[[-91.4523,41.8816],[-91.4524,41.8803]],"type":"LineString"}},{"type":"Feature","properties":{"stroke":"#555555","stroke-width":2,"stroke-opacity":1,"name":""},"geometry":{"coordinates":[[-91.4519,41.8816],[-91.452,41.8803]],"type":"LineString"}},{"type":"Feature","properties":{"stroke":"#555555","stroke-width":2,"stroke-opacity":1,"name":""},"geometry":{"coordinates":[[-91.4516,41.8815],[-91.4516,41.8804]],"type":"LineString"}},{"type":"Feature","properties":{"stroke":"#555555","stroke-width":2,"stroke-opacity":1,"name":""},"geometry":{"coordinates":[[-91.4512,41.881],[-91.4512,41.8811],[-91.4512,41.8812],[-91.4513,41.8813],[-91.4514,41.8814],[-91.4515,41.8815],[-91.4517,41.8816],[-91.4518,41.8817],[-91.452,41.8817],[-91.4522,41.8817],[-91.4523,41.8817],[-91.4525,41.8816],[-91.4526,41.8816],[-91.4528,41.8815],[-91.4529,41.8814],[-91.453,41.8813],[-91.4531,41.8812],[-91.4531,41.8811],[-91.4531,41.8809],[-91.4531,41.8808],[-91.453,41.8807],[-91.4529,41.8806],[-91.4528,41.8805],[-91.4527,41.8804],[-91.4526,41.8803],[-91.4524,41.8803],[-91.4522,41.8803],[-91.4521,41.8803],[-91.4519,41.8803],[-91.4517,41.8803],[-91.4516,41.8804],[-91.4515,41.8805],[-91.4513,41.8806],[-91.4513,41.8807],[-91.4512,41.8808],[-91.4512,41.881]],"type":"LineString"}},{"type":"Feature","properties":{"stroke":"#555555","stroke-width":2,"stroke-opacity":1,"name":""},"geometry":{"coordinates":[[-91.4304,41.8812],[-91.4304,41.8801]],"type":"LineString"}},{"type":"Feature","properties":{"stroke":"#555555","stroke-width":2,"stroke-opacity":1,"name":""},"geometry":{"coordinates":[[-91.43,41.8813],[-91.4301,41.88]],"type":"LineString"}},{"type":"Feature","properties":{"stroke":"#555555","stroke-width":2,"stroke-opacity":1,"name":""},"geometry":{"coordinates":[[-91.4296,41.8813],[-91.4297,41.88]],"type":"LineString"}},{"type":"Feature","properties":{"stroke":"#555555","stroke-width":2,"stroke-opacity":1,"name":""},"geometry":{"coordinates":[[-91.4293,41.8812],[-91.4293,41.8801]],"type":"LineString"}},{"type":"Feature","properties":{"stroke":"#555555","stroke-width":2,"stroke-opacity":1,"name":""},"geometry":{"coordinates":[[-91.4289,41.8806],[-91.4289,41.8808],[-91.4289,41.8809],[-91.429,41.881],[-91.4291,41.8811],[-91.4292,41.8812],[-91.4294,41.8813],[-91.4295,41.8813],[-91.4297,41.8814],[-91.4298,41.8814],[-91.43,41.8814],[-91.4302,41.8813],[-91.4303,41.8813],[-91.4305,41.8812],[-91.4306,41.8811],[-91.4307,41.881],[-91.4308,41.8809],[-91.4308,41.8808],[-91.4308,41.8806],[-91.4308,41.8805],[-91.4307,41.8804],[-91.4306,41.8803],[-91.4305,41.8802],[-91.4304,41.8801],[-91.4303,41.88],[-91.4301,41.88],[-91.4299,41.8799],[-91.4298,41.88],[-91.4296,41.88],[-91.4294,41.88],[-91.4293,41.8801],[-91.4291,41.8802],[-91.429,41.8803],[-91.429,41.8804],[-91.4289,41.8805],[-91.4289,41.8806]],"type":"LineString"}},{"type":"Feature","properties":{"stroke":"#555555","stroke-width":2,"stroke-opacity":1,"name":""},"geometry":{"coordinates":[[-91.4081,41.8809],[-91.4081,41.8798]],"type":"LineString"}},{"type":"Feature","properties":{"stroke":"#555555","stroke-width":2,"stroke-opacity":1,"name":""},"geometry":{"coordinates":[[-91.4077,41.881],[-91.4078,41.8797]],"type":"LineString"}},{"type":"Feature","properties":{"stroke":"#555555","stroke-width":2,"stroke-opacity":1,"name":""},"geometry":{"coordinates":[[-91.4073,41.881],[-91.4074,41.8797]],"type":"LineString"}},{"type":"Feature","properties":{"stroke":"#555555","stroke-width":2,"stroke-opacity":1,"name":""},"geometry":{"coordinates":[[-91.407,41.8809],[-91.407,41.8798]],"type":"LineString"}},{"type":"Feature","properties":{"stroke":"#555555","stroke-width":2,"stroke-opacity":1,"name":""},"geometry":{"coordinates":[[-91.4066,41.8803],[-91.4066,41.8804],[-91.4066,41.8806],[-91.4067,41.8807],[-91.4068,41.8808],[-91.4069,41.8809],[-91.4071,41.881],[-91.4072,41.881],[-91.4074,41.881],[-91.4075,41.881],[-91.4077,41.881],[-91.4079,41.881],[-91.408,41.8809],[-91.4082,41.8809],[-91.4083,41.8808],[-91.4084,41.8807],[-91.4084,41.8806],[-91.4085,41.8804],[-91.4085,41.8803],[-91.4085,41.8802],[-91.4084,41.8801],[-91.4083,41.8799],[-91.4082,41.8798],[-91.4081,41.8798],[-91.4079,41.8797],[-91.4078,41.8796],[-91.4076,41.8796],[-91.4074,41.8796],[-91.4073,41.8796],[-91.4071,41.8797],[-91.407,41.8798],[-91.4068,41.8798],[-91.4067,41.8799],[-91.4067,41.8801],[-91.4066,41.8802],[-91.4066,41.8803]],"type":"LineString"}},{"type":"Feature","properties":{"stroke":"#555555","stroke-width":2,"stroke-opacity":1,"name":""},"geometry":{"coordinates":[[-91.3858,41.8806],[-91.3858,41.8795]],"type":"LineString"}},{"type":"Feature","properties":{"stroke":"#555555","stroke-width":2,"stroke-opacity":1,"name":""},"geometry":{"coordinates":[[-91.3854,41.8807],[-91.3854,41.8794]],"type":"LineString"}},{"type":"Feature","properties":{"stroke":"#555555","stroke-width":2,"stroke-opacity":1,"name":""},"geometry":{"coordinates":[[-91.385,41.8807],[-91.3851,41.8793]],"type":"LineString"}},{"type":"Feature","properties":{"stroke":"#555555","stroke-width":2,"stroke-opacity":1,"name":""},"geometry":{"coordinates":[[-91.3847,41.8805],[-91.3847,41.8795]],"type":"LineString"}},{"type":"Feature","properties":{"stroke":"#555555","stroke-width":2,"stroke-opacity":1,"name":""},"geometry":{"coordinates":[[-91.3843,41.88],[-91.3843,41.8801],[-91.3843,41.8802],[-91.3844,41.8803],[-91.3845,41.8805],[-91.3846,41.8805],[-91.3847,41.8806],[-91.3849,41.8807],[-91.3851,41.8807],[-91.3852,41.8807],[-91.3854,41.8807],[-91.3856,41.8807],[-91.3857,41.8806],[-91.3859,41.8805],[-91.386,41.8804],[-91.3861,41.8803],[-91.3861,41.8802],[-91.3862,41.8801],[-91.3862,41.88],[-91.3862,41.8798],[-91.3861,41.8797],[-91.386,41.8796],[-91.3859,41.8795],[-91.3858,41.8794],[-91.3856,41.8794],[-91.3855,41.8793],[-91.3853,41.8793],[-91.3851,41.8793],[-91.385,41.8793],[-91.3848,41.8794],[-91.3847,41.8794],[-91.3845,41.8795],[-91.3844,41.8796],[-91.3843,41.8797],[-91.3843,41.8799],[-91.3843,41.88]],"type":"LineString"}},{"type":"Feature","properties":{"stroke":"#555555","stroke-width":2,"stroke-opacity":1,"name":""},"geometry":{"coordinates":[[-91.3634,41.8802],[-91.3635,41.8792]],"type":"LineString"}},{"type":"Feature","properties":{"stroke":"#555555","stroke-width":2,"stroke-opacity":1,"name":""},"geometry":{"coordinates":[[-91.3631,41.8803],[-91.3631,41.879]],"type":"LineString"}},{"type":"Feature","properties":{"stroke":"#555555","stroke-width":2,"stroke-opacity":1,"name":""},"geometry":{"coordinates":[[-91.3627,41.8803],[-91.3628,41.879]],"type":"LineString"}},{"type":"Feature","properties":{"stroke":"#555555","stroke-width":2,"stroke-opacity":1,"name":""},"geometry":{"coordinates":[[-91.3623,41.8802],[-91.3624,41.8791]],"type":"LineString"}},{"type":"Feature","properties":{"stroke":"#555555","stroke-width":2,"stroke-opacity":1,"name":""},"geometry":{"coordinates":[[-91.362,41.8796],[-91.362,41.8798],[-91.362,41.8799],[-91.3621,41.88],[-91.3622,41.8801],[-91.3623,41.8802],[-91.3624,41.8803],[-91.3626,41.8803],[-91.3628,41.8804],[-91.3629,41.8804],[-91.3631,41.8804],[-91.3633,41.8803],[-91.3634,41.8803],[-91.3636,41.8802],[-91.3637,41.8801],[-91.3638,41.88],[-91.3638,41.8799],[-91.3639,41.8798],[-91.3639,41.8796],[-91.3639,41.8795],[-91.3638,41.8794],[-91.3637,41.8793],[-91.3636,41.8792],[-91.3635,41.8791],[-91.3633,41.879],[-91.3632,41.879],[-91.363,41.879],[-91.3628,41.879],[-91.3627,41.879],[-91.3625,41.879],[-91.3624,41.8791],[-91.3622,41.8792],[-91.3621,41.8793],[-91.362,41.8794],[-91.362,41.8795],[-91.362,41.8796]],"type":"LineString"}},{"type":"Feature","properties":{"stroke":"#555555","stroke-width":2,"stroke-opacity":1,"name":""},"geometry":{"coordinates":[[-91.3188,41.8795],[-91.3189,41.8785]],"type":"LineString"}},{"type":"Feature","properties":{"stroke":"#555555","stroke-width":2,"stroke-opacity":1,"name":""},"geometry":{"coordinates":[[-91.3185,41.8797],[-91.3185,41.8783]],"type":"LineString"}},{"type":"Feature","properties":{"stroke":"#555555","stroke-width":2,"stroke-opacity":1,"name":""},"geometry":{"coordinates":[[-91.3181,41.8796],[-91.3182,41.8783]],"type":"LineString"}},{"type":"Feature","properties":{"stroke":"#555555","stroke-width":2,"stroke-opacity":1,"name":""},"geometry":{"coordinates":[[-91.3177,41.8795],[-91.3178,41.8784]],"type":"LineString"}},{"type":"Feature","properties":{"stroke":"#555555","stroke-width":2,"stroke-opacity":1,"name":""},"geometry":{"coordinates":[[-91.3174,41.879],[-91.3174,41.8791],[-91.3174,41.8792],[-91.3175,41.8793],[-91.3176,41.8794],[-91.3177,41.8795],[-91.3178,41.8796],[-91.318,41.8797],[-91.3181,41.8797],[-91.3183,41.8797],[-91.3185,41.8797],[-91.3186,41.8797],[-91.3188,41.8796],[-91.3189,41.8795],[-91.3191,41.8794],[-91.3192,41.8793],[-91.3192,41.8792],[-91.3193,41.8791],[-91.3193,41.879],[-91.3192,41.8788],[-91.3192,41.8787],[-91.3191,41.8786],[-91.319,41.8785],[-91.3189,41.8784],[-91.3187,41.8783],[-91.3186,41.8783],[-91.3184,41.8783],[-91.3182,41.8783],[-91.3181,41.8783],[-91.3179,41.8784],[-91.3177,41.8784],[-91.3176,41.8785],[-91.3175,41.8786],[-91.3174,41.8787],[-91.3174,41.8788],[-91.3174,41.879]],"type":"LineString"}},{"type":"Feature","properties":{"stroke":"#555555","stroke-width":2,"stroke-opacity":1,"name":""},"geometry":{"coordinates":[[-91.2742,41.8788],[-91.2743,41.8778]],"type":"LineString"}},{"type":"Feature","properties":{"stroke":"#555555","stroke-width":2,"stroke-opacity":1,"name":""},"geometry":{"coordinates":[[-91.2738,41.879],[-91.2739,41.8776]],"type":"LineString"}},{"type":"Feature","properties":{"stroke":"#555555","stroke-width":2,"stroke-opacity":1,"name":""},"geometry":{"coordinates":[[-91.2735,41.8789],[-91.2735,41.8776]],"type":"LineString"}},{"type":"Feature","properties":{"stroke":"#555555","stroke-width":2,"stroke-opacity":1,"name":""},"geometry":{"coordinates":[[-91.2731,41.8788],[-91.2732,41.8777]],"type":"LineString"}},{"type":"Feature","properties":{"stroke":"#555555","stroke-width":2,"stroke-opacity":1,"name":""},"geometry":{"coordinates":[[-91.2727,41.8783],[-91.2728,41.8784],[-91.2728,41.8785],[-91.2729,41.8786],[-91.273,41.8787],[-91.2731,41.8788],[-91.2732,41.8789],[-91.2734,41.879],[-91.2735,41.879],[-91.2737,41.879],[-91.2739,41.879],[-91.274,41.879],[-91.2742,41.8789],[-91.2743,41.8788],[-91.2744,41.8787],[-91.2745,41.8786],[-91.2746,41.8785],[-91.2746,41.8784],[-91.2747,41.8783],[-91.2746,41.8781],[-91.2746,41.878],[-91.2745,41.8779],[-91.2744,41.8778],[-91.2743,41.8777],[-91.2741,41.8777],[-91.2739,41.8776],[-91.2738,41.8776],[-91.2736,41.8776],[-91.2734,41.8776],[-91.2733,41.8777],[-91.2731,41.8777],[-91.273,41.8778],[-91.2729,41.8779],[-91.2728,41.878],[-91.2728,41.8781],[-91.2727,41.8783]],"type":"LineString"}},{"type":"Feature","properties":{"stroke":"#555555","stroke-width":2,"stroke-opacity":1,"name":""},"geometry":{"coordinates":[[-91.2296,41.8781],[-91.2297,41.8771]],"type":"LineString"}},{"type":"Feature","properties":{"stroke":"#555555","stroke-width":2,"stroke-opacity":1,"name":""},"geometry":{"coordinates":[[-91.2292,41.8782],[-91.2293,41.8769]],"type":"LineString"}},{"type":"Feature","properties":{"stroke":"#555555","stroke-width":2,"stroke-opacity":1,"name":""},"geometry":{"coordinates":[[-91.2289,41.8782],[-91.2289,41.8769]],"type":"LineString"}},{"type":"Feature","properties":{"stroke":"#555555","stroke-width":2,"stroke-opacity":1,"name":""},"geometry":{"coordinates":[[-91.2285,41.8781],[-91.2286,41.877]],"type":"LineString"}},{"type":"Feature","properties":{"stroke":"#555555","stroke-width":2,"stroke-opacity":1,"name":""},"geometry":{"coordinates":[[-91.2281,41.8776],[-91.2281,41.8777],[-91.2282,41.8778],[-91.2282,41.8779],[-91.2283,41.878],[-91.2285,41.8781],[-91.2286,41.8782],[-91.2288,41.8783],[-91.2289,41.8783],[-91.2291,41.8783],[-91.2293,41.8783],[-91.2294,41.8782],[-91.2296,41.8782],[-91.2297,41.8781],[-91.2298,41.878],[-91.2299,41.8779],[-91.23,41.8778],[-91.23,41.8777],[-91.23,41.8775],[-91.23,41.8774],[-91.23,41.8773],[-91.2299,41.8772],[-91.2298,41.8771],[-91.2296,41.877],[-91.2295,41.8769],[-91.2293,41.8769],[-91.2292,41.8769],[-91.229,41.8769],[-91.2288,41.8769],[-91.2287,41.8769],[-91.2285,41.877],[-91.2284,41.8771],[-91.2283,41.8772],[-91.2282,41.8773],[-91.2282,41.8774],[-91.2281,41.8776]],"type":"LineString"}},{"type":"Feature","properties":{"stroke":"#555555","stroke-width":2,"stroke-opacity":1,"name":""},"geometry":{"coordinates":[[-91.185,41.8774],[-91.1851,41.8763]],"type":"LineString"}},{"type":"Feature","properties":{"stroke":"#555555","stroke-width":2,"stroke-opacity":1,"name":""},"geometry":{"coordinates":[[-91.1846,41.8775],[-91.1847,41.8762]],"type":"LineString"}},{"type":"Feature","properties":{"stroke":"#555555","stroke-width":2,"stroke-opacity":1,"name":""},"geometry":{"coordinates":[[-91.1843,41.8775],[-91.1843,41.8762]],"type":"LineString"}},{"type":"Feature","properties":{"stroke":"#555555","stroke-width":2,"stroke-opacity":1,"name":""},"geometry":{"coordinates":[[-91.1839,41.8774],[-91.184,41.8763]],"type":"LineString"}},{"type":"Feature","properties":{"stroke":"#555555","stroke-width":2,"stroke-opacity":1,"name":""},"geometry":{"coordinates":[[-91.1835,41.8768],[-91.1835,41.8769],[-91.1836,41.8771],[-91.1836,41.8772],[-91.1837,41.8773],[-91.1839,41.8774],[-91.184,41.8775],[-91.1841,41.8775],[-91.1843,41.8776],[-91.1845,41.8776],[-91.1847,41.8776],[-91.1848,41.8775],[-91.185,41.8775],[-91.1851,41.8774],[-91.1852,41.8773],[-91.1853,41.8772],[-91.1854,41.8771],[-91.1854,41.8769],[-91.1854,41.8768],[-91.1854,41.8767],[-91.1854,41.8766],[-91.1853,41.8765],[-91.1852,41.8764],[-91.185,41.8763],[-91.1849,41.8762],[-91.1847,41.8762],[-91.1846,41.8761],[-91.1844,41.8761],[-91.1842,41.8762],[-91.1841,41.8762],[-91.1839,41.8763],[-91.1838,41.8764],[-91.1837,41.8765],[-91.1836,41.8766],[-91.1835,41.8767],[-91.1835,41.8768]],"type":"LineString"}},{"type":"Feature","properties":{"stroke":"#555555","stroke-width":2,"stroke-opacity":1,"name":""},"geometry":{"coordinates":[[-91.1404,41.8767],[-91.1404,41.8756]],"type":"LineString"}},{"type":"Feature","properties":{"stroke":"#555555","stroke-width":2,"stroke-opacity":1,"name":""},"geometry":{"coordinates":[[-91.14,41.8768],[-91.1401,41.8755]],"type":"LineString"}},{"type":"Feature","properties":{"stroke":"#555555","stroke-width":2,"stroke-opacity":1,"name":""},"geometry":{"coordinates":[[-91.1396,41.8768],[-91.1397,41.8754]],"type":"LineString"}},{"type":"Feature","properties":{"stroke":"#555555","stroke-width":2,"stroke-opacity":1,"name":""},"geometry":{"coordinates":[[-91.1393,41.8766],[-91.1393,41.8756]],"type":"LineString"}},{"type":"Feature","properties":{"stroke":"#555555","stroke-width":2,"stroke-opacity":1,"name":""},"geometry":{"coordinates":[[-91.1389,41.8761],[-91.1389,41.8762],[-91.139,41.8763],[-91.139,41.8764],[-91.1391,41.8765],[-91.1392,41.8766],[-91.1394,41.8767],[-91.1395,41.8768],[-91.1397,41.8768],[-91.1399,41.8768],[-91.14,41.8768],[-91.1402,41.8768],[-91.1404,41.8767],[-91.1405,41.8766],[-91.1406,41.8765],[-91.1407,41.8764],[-91.1408,41.8763],[-91.1408,41.8762],[-91.1408,41.8761],[-91.1408,41.8759],[-91.1407,41.8758],[-91.1407,41.8757],[-91.1406,41.8756],[-91.1404,41.8755],[-91.1403,41.8755],[-91.1401,41.8754],[-91.14,41.8754],[-91.1398,41.8754],[-91.1396,41.8754],[-91.1395,41.8755],[-91.1393,41.8755],[-91.1392,41.8756],[-91.1391,41.8757],[-91.139,41.8758],[-91.1389,41.8759],[-91.1389,41.8761]],"type":"LineString"}},{"type":"Feature","properties":{"stroke":"#555555","stroke-width":2,"stroke-opacity":1,"name":""},"geometry":{"coordinates":[[-91.6068,41.8074],[-91.6069,41.8064]],"type":"LineString"}},{"type":"Feature","properties":{"stroke":"#555555","stroke-width":2,"stroke-opacity":1,"name":""},"geometry":{"coordinates":[[-91.6064,41.8076],[-91.6065,41.8062]],"type":"LineString"}},{"type":"Feature","properties":{"stroke":"#555555","stroke-width":2,"stroke-opacity":1,"name":""},"geometry":{"coordinates":[[-91.6061,41.8075],[-91.6061,41.8062]],"type":"LineString"}},{"type":"Feature","properties":{"stroke":"#555555","stroke-width":2,"stroke-opacity":1,"name":""},"geometry":{"coordinates":[[-91.6057,41.8074],[-91.6058,41.8063]],"type":"LineString"}},{"type":"Feature","properties":{"stroke":"#555555","stroke-width":2,"stroke-opacity":1,"name":""},"geometry":{"coordinates":[[-91.6053,41.8069],[-91.6053,41.807],[-91.6054,41.8071],[-91.6054,41.8072],[-91.6055,41.8073],[-91.6057,41.8074],[-91.6058,41.8075],[-91.606,41.8076],[-91.6061,41.8076],[-91.6063,41.8076],[-91.6065,41.8076],[-91.6066,41.8076],[-91.6068,41.8075],[-91.6069,41.8074],[-91.607,41.8073],[-91.6071,41.8072],[-91.6072,41.8071],[-91.6072,41.807],[-91.6072,41.8069],[-91.6072,41.8067],[-91.6072,41.8066],[-91.6071,41.8065],[-91.607,41.8064],[-91.6068,41.8063],[-91.6067,41.8063],[-91.6065,41.8062],[-91.6064,41.8062],[-91.6062,41.8062],[-91.606,41.8062],[-91.6059,41.8063],[-91.6057,41.8063],[-91.6056,41.8064],[-91.6055,41.8065],[-91.6054,41.8066],[-91.6053,41.8067],[-91.6053,41.8069]],"type":"LineString"}},{"type":"Feature","properties":{"stroke":"#555555","stroke-width":2,"stroke-opacity":1,"name":""},"geometry":{"coordinates":[[-91.5913,41.7954],[-91.5914,41.7944]],"type":"LineString"}},{"type":"Feature","properties":{"stroke":"#555555","stroke-width":2,"stroke-opacity":1,"name":""},"geometry":{"coordinates":[[-91.591,41.7956],[-91.591,41.7942]],"type":"LineString"}},{"type":"Feature","properties":{"stroke":"#555555","stroke-width":2,"stroke-opacity":1,"name":""},"geometry":{"coordinates":[[-91.5906,41.7956],[-91.5907,41.7942]],"type":"LineString"}},{"type":"Feature","properties":{"stroke":"#555555","stroke-width":2,"stroke-opacity":1,"name":""},"geometry":{"coordinates":[[-91.5902,41.7954],[-91.5903,41.7944]],"type":"LineString"}},{"type":"Feature","properties":{"stroke":"#555555","stroke-width":2,"stroke-opacity":1,"name":""},"geometry":{"coordinates":[[-91.5899,41.7949],[-91.5899,41.795],[-91.5899,41.7951],[-91.59,41.7952],[-91.5901,41.7953],[-91.5902,41.7954],[-91.5903,41.7955],[-91.5905,41.7956],[-91.5906,41.7956],[-91.5908,41.7956],[-91.591,41.7956],[-91.5911,41.7956],[-91.5913,41.7955],[-91.5914,41.7954],[-91.5916,41.7953],[-91.5916,41.7952],[-91.5917,41.7951],[-91.5917,41.795],[-91.5918,41.7949],[-91.5917,41.7947],[-91.5917,41.7946],[-91.5916,41.7945],[-91.5915,41.7944],[-91.5914,41.7943],[-91.5912,41.7943],[-91.591,41.7942],[-91.5909,41.7942],[-91.5907,41.7942],[-91.5905,41.7942],[-91.5904,41.7943],[-91.5902,41.7943],[-91.5901,41.7944],[-91.59,41.7945],[-91.5899,41.7946],[-91.5899,41.7947],[-91.5899,41.7949]],"type":"LineString"}},{"type":"Feature","properties":{"stroke":"#555555","stroke-width":2,"stroke-opacity":1,"name":""},"geometry":{"coordinates":[[-91.5449,41.7594],[-91.545,41.7584]],"type":"LineString"}},{"type":"Feature","properties":{"stroke":"#555555","stroke-width":2,"stroke-opacity":1,"name":""},"geometry":{"coordinates":[[-91.5446,41.7596],[-91.5446,41.7582]],"type":"LineString"}},{"type":"Feature","properties":{"stroke":"#555555","stroke-width":2,"stroke-opacity":1,"name":""},"geometry":{"coordinates":[[-91.5442,41.7595],[-91.5443,41.7582]],"type":"LineString"}},{"type":"Feature","properties":{"stroke":"#555555","stroke-width":2,"stroke-opacity":1,"name":""},"geometry":{"coordinates":[[-91.5438,41.7594],[-91.5439,41.7583]],"type":"LineString"}},{"type":"Feature","properties":{"stroke":"#555555","stroke-width":2,"stroke-opacity":1,"name":""},"geometry":{"coordinates":[[-91.5435,41.7589],[-91.5435,41.759],[-91.5435,41.7591],[-91.5436,41.7592],[-91.5437,41.7593],[-91.5438,41.7594],[-91.5439,41.7595],[-91.5441,41.7596],[-91.5442,41.7596],[-91.5444,41.7596],[-91.5446,41.7596],[-91.5448,41.7596],[-91.5449,41.7595],[-91.545,41.7594],[-91.5452,41.7593],[-91.5453,41.7592],[-91.5453,41.7591],[-91.5454,41.759],[-91.5454,41.7589],[-91.5453,41.7587],[-91.5453,41.7586],[-91.5452,41.7585],[-91.5451,41.7584],[-91.545,41.7583],[-91.5448,41.7582],[-91.5447,41.7582],[-91.5445,41.7582],[-91.5443,41.7582],[-91.5442,41.7582],[-91.544,41.7583],[-91.5438,41.7583],[-91.5437,41.7584],[-91.5436,41.7585],[-91.5435,41.7586],[-91.5435,41.7587],[-91.5435,41.7589]],"type":"LineString"}},{"type":"Feature","properties":{"stroke":"#555555","stroke-width":2,"stroke-opacity":1,"name":""},"geometry":{"coordinates":[[-91.5604,41.7714],[-91.5604,41.7704]],"type":"LineString"}},{"type":"Feature","properties":{"stroke":"#555555","stroke-width":2,"stroke-opacity":1,"name":""},"geometry":{"coordinates":[[-91.56,41.7716],[-91.5601,41.7702]],"type":"LineString"}},{"type":"Feature","properties":{"stroke":"#555555","stroke-width":2,"stroke-opacity":1,"name":""},"geometry":{"coordinates":[[-91.5597,41.7715],[-91.5597,41.7702]],"type":"LineString"}},{"type":"Feature","properties":{"stroke":"#555555","stroke-width":2,"stroke-opacity":1,"name":""},"geometry":{"coordinates":[[-91.5593,41.7714],[-91.5593,41.7703]],"type":"LineString"}},{"type":"Feature","properties":{"stroke":"#555555","stroke-width":2,"stroke-opacity":1,"name":""},"geometry":{"coordinates":[[-91.5589,41.7709],[-91.5589,41.771],[-91.559,41.7711],[-91.559,41.7712],[-91.5591,41.7713],[-91.5592,41.7714],[-91.5594,41.7715],[-91.5595,41.7716],[-91.5597,41.7716],[-91.5599,41.7716],[-91.56,41.7716],[-91.5602,41.7716],[-91.5604,41.7715],[-91.5605,41.7714],[-91.5606,41.7713],[-91.5607,41.7712],[-91.5608,41.7711],[-91.5608,41.771],[-91.5608,41.7709],[-91.5608,41.7707],[-91.5607,41.7706],[-91.5607,41.7705],[-91.5606,41.7704],[-91.5604,41.7703],[-91.5603,41.7703],[-91.5601,41.7702],[-91.5599,41.7702],[-91.5598,41.7702],[-91.5596,41.7702],[-91.5594,41.7703],[-91.5593,41.7703],[-91.5592,41.7704],[-91.5591,41.7705],[-91.559,41.7706],[-91.5589,41.7707],[-91.5589,41.7709]],"type":"LineString"}},{"type":"Feature","properties":{"stroke":"#555555","stroke-width":2,"stroke-opacity":1,"name":""},"geometry":{"coordinates":[[-91.5759,41.7834],[-91.5759,41.7824]],"type":"LineString"}},{"type":"Feature","properties":{"stroke":"#555555","stroke-width":2,"stroke-opacity":1,"name":""},"geometry":{"coordinates":[[-91.5755,41.7836],[-91.5755,41.7822]],"type":"LineString"}},{"type":"Feature","properties":{"stroke":"#555555","stroke-width":2,"stroke-opacity":1,"name":""},"geometry":{"coordinates":[[-91.5751,41.7836],[-91.5752,41.7822]],"type":"LineString"}},{"type":"Feature","properties":{"stroke":"#555555","stroke-width":2,"stroke-opacity":1,"name":""},"geometry":{"coordinates":[[-91.5748,41.7834],[-91.5748,41.7824]],"type":"LineString"}},{"type":"Feature","properties":{"stroke":"#555555","stroke-width":2,"stroke-opacity":1,"name":""},"geometry":{"coordinates":[[-91.5744,41.7829],[-91.5744,41.783],[-91.5744,41.7831],[-91.5745,41.7832],[-91.5746,41.7833],[-91.5747,41.7834],[-91.5749,41.7835],[-91.575,41.7836],[-91.5752,41.7836],[-91.5753,41.7836],[-91.5755,41.7836],[-91.5757,41.7836],[-91.5758,41.7835],[-91.576,41.7834],[-91.5761,41.7833],[-91.5762,41.7832],[-91.5762,41.7831],[-91.5763,41.783],[-91.5763,41.7829],[-91.5763,41.7827],[-91.5762,41.7826],[-91.5761,41.7825],[-91.576,41.7824],[-91.5759,41.7823],[-91.5757,41.7823],[-91.5756,41.7822],[-91.5754,41.7822],[-91.5752,41.7822],[-91.5751,41.7822],[-91.5749,41.7823],[-91.5748,41.7823],[-91.5746,41.7824],[-91.5745,41.7825],[-91.5745,41.7826],[-91.5744,41.7827],[-91.5744,41.7829]],"type":"LineString"}},{"type":"Feature","properties":{"stroke":"#555555","stroke-width":2,"stroke-opacity":1,"name":""},"geometry":{"coordinates":[[-91.4918,42.4902],[-91.4892,42.4902]],"type":"LineString"}},{"type":"Feature","properties":{"stroke":"#555555","stroke-width":2,"stroke-opacity":1,"name":""},"geometry":{"coordinates":[[-91.4976,42.4948],[-91.4975,42.4968]],"type":"LineString"}},{"type":"Feature","properties":{"stroke":"#555555","stroke-width":2,"stroke-opacity":1,"name":""},"geometry":{"coordinates":[[-91.498,42.486],[-91.4981,42.484]],"type":"LineString"}},{"type":"Feature","properties":{"stroke":"#555555","stroke-width":2,"stroke-opacity":1,"name":""},"geometry":{"coordinates":[[-91.5038,42.4906],[-91.5064,42.4906]],"type":"LineString"}},{"type":"Feature","properties":{"stroke":"#555555","stroke-width":2,"stroke-opacity":1,"name":""},"geometry":{"coordinates":[[-91.4918,42.4902],[-91.4919,42.491],[-91.4921,42.4918],[-91.4926,42.4925],[-91.4932,42.4932],[-91.4939,42.4938],[-91.4948,42.4942],[-91.4957,42.4946],[-91.4968,42.4948],[-91.4979,42.4949],[-91.4989,42.4948],[-91.5,42.4946],[-91.5009,42.4942],[-91.5018,42.4937],[-91.5025,42.4932],[-91.5031,42.4925],[-91.5035,42.4917],[-91.5038,42.491],[-91.5038,42.4902],[-91.5037,42.4894],[-91.5033,42.4886],[-91.5028,42.4879],[-91.5021,42.4873],[-91.5013,42.4868],[-91.5004,42.4864],[-91.4994,42.4861],[-91.4983,42.486],[-91.4972,42.486],[-91.4962,42.4861],[-91.4952,42.4864],[-91.4943,42.4868],[-91.4934,42.4874],[-91.4928,42.488],[-91.4923,42.4887],[-91.492,42.4894],[-91.4918,42.4902]],"type":"LineString"}},{"type":"Feature","properties":{"stroke":"#555555","stroke-width":2,"stroke-opacity":1,"name":""},"geometry":{"coordinates":[[-91.9416,42.4567],[-91.939,42.4566]],"type":"LineString"}},{"type":"Feature","properties":{"stroke":"#555555","stroke-width":2,"stroke-opacity":1,"name":""},"geometry":{"coordinates":[[-91.9474,42.4613],[-91.9473,42.4632]],"type":"LineString"}},{"type":"Feature","properties":{"stroke":"#555555","stroke-width":2,"stroke-opacity":1,"name":""},"geometry":{"coordinates":[[-91.9478,42.4524],[-91.9479,42.4505]],"type":"LineString"}},{"type":"Feature","properties":{"stroke":"#555555","stroke-width":2,"stroke-opacity":1,"name":""},"geometry":{"coordinates":[[-91.9536,42.457],[-91.9562,42.457]],"type":"LineString"}},{"type":"Feature","properties":{"stroke":"#555555","stroke-width":2,"stroke-opacity":1,"name":""},"geometry":{"coordinates":[[-91.9416,42.4567],[-91.9417,42.4575],[-91.9419,42.4583],[-91.9424,42.459],[-91.943,42.4596],[-91.9437,42.4602],[-91.9446,42.4607],[-91.9456,42.461],[-91.9466,42.4612],[-91.9477,42.4613],[-91.9488,42.4612],[-91.9498,42.461],[-91.9508,42.4606],[-91.9516,42.4601],[-91.9524,42.4596],[-91.9529,42.4589],[-91.9534,42.4581],[-91.9536,42.4574],[-91.9536,42.4566],[-91.9535,42.4558],[-91.9531,42.455],[-91.9526,42.4543],[-91.9519,42.4537],[-91.9511,42.4532],[-91.9502,42.4528],[-91.9491,42.4525],[-91.9481,42.4524],[-91.947,42.4524],[-91.946,42.4526],[-91.945,42.4528],[-91.944,42.4533],[-91.9432,42.4538],[-91.9426,42.4544],[-91.9421,42.4551],[-91.9418,42.4559],[-91.9416,42.4567]],"type":"LineString"}},{"type":"Feature","properties":{"stroke":"#555555","stroke-width":2,"stroke-opacity":1,"name":""},"geometry":{"coordinates":[[-92.0198,42.2183],[-92.0173,42.2183]],"type":"LineString"}},{"type":"Feature","properties":{"stroke":"#555555","stroke-width":2,"stroke-opacity":1,"name":""},"geometry":{"coordinates":[[-92.0256,42.2229],[-92.0256,42.2248]],"type":"LineString"}},{"type":"Feature","properties":{"stroke":"#555555","stroke-width":2,"stroke-opacity":1,"name":""},"geometry":{"coordinates":[[-92.026,42.214],[-92.0261,42.2121]],"type":"LineString"}},{"type":"Feature","properties":{"stroke":"#555555","stroke-width":2,"stroke-opacity":1,"name":""},"geometry":{"coordinates":[[-92.0318,42.2186],[-92.0344,42.2187]],"type":"LineString"}},{"type":"Feature","properties":{"stroke":"#555555","stroke-width":2,"stroke-opacity":1,"name":""},"geometry":{"coordinates":[[-92.0198,42.2183],[-92.0199,42.2191],[-92.0202,42.2199],[-92.0206,42.2206],[-92.0212,42.2213],[-92.0219,42.2219],[-92.0228,42.2223],[-92.0238,42.2227],[-92.0248,42.2229],[-92.0259,42.2229],[-92.027,42.2228],[-92.028,42.2226],[-92.029,42.2223],[-92.0298,42.2218],[-92.0305,42.2212],[-92.0311,42.2205],[-92.0315,42.2198],[-92.0318,42.219],[-92.0318,42.2182],[-92.0316,42.2174],[-92.0313,42.2167],[-92.0308,42.216],[-92.0301,42.2154],[-92.0293,42.2149],[-92.0283,42.2145],[-92.0273,42.2142],[-92.0263,42.2141],[-92.0252,42.2141],[-92.0242,42.2142],[-92.0232,42.2145],[-92.0222,42.2149],[-92.0214,42.2155],[-92.0208,42.2161],[-92.0203,42.2168],[-92.02,42.2176],[-92.0198,42.2183]],"type":"LineString"}},{"type":"Feature","properties":{"stroke":"#555555","stroke-width":2,"stroke-opacity":1,"name":""},"geometry":{"coordinates":[[-92.4506,42.2007],[-92.448,42.2006]],"type":"LineString"}},{"type":"Feature","properties":{"stroke":"#555555","stroke-width":2,"stroke-opacity":1,"name":""},"geometry":{"coordinates":[[-92.4564,42.2052],[-92.4564,42.2071]],"type":"LineString"}},{"type":"Feature","properties":{"stroke":"#555555","stroke-width":2,"stroke-opacity":1,"name":""},"geometry":{"coordinates":[[-92.4568,42.1963],[-92.4568,42.1944]],"type":"LineString"}},{"type":"Feature","properties":{"stroke":"#555555","stroke-width":2,"stroke-opacity":1,"name":""},"geometry":{"coordinates":[[-92.4626,42.2009],[-92.4652,42.2009]],"type":"LineString"}},{"type":"Feature","properties":{"stroke":"#555555","stroke-width":2,"stroke-opacity":1,"name":""},"geometry":{"coordinates":[[-92.4506,42.2007],[-92.4507,42.2014],[-92.4509,42.2022],[-92.4514,42.2029],[-92.452,42.2036],[-92.4527,42.2042],[-92.4536,42.2046],[-92.4546,42.205],[-92.4556,42.2052],[-92.4567,42.2052],[-92.4578,42.2051],[-92.4588,42.2049],[-92.4598,42.2045],[-92.4606,42.2041],[-92.4613,42.2035],[-92.4619,42.2028],[-92.4623,42.2021],[-92.4625,42.2013],[-92.4626,42.2005],[-92.4624,42.1997],[-92.462,42.1989],[-92.4615,42.1983],[-92.4608,42.1976],[-92.46,42.1971],[-92.4591,42.1967],[-92.4581,42.1965],[-92.457,42.1963],[-92.4559,42.1963],[-92.4549,42.1965],[-92.4539,42.1968],[-92.453,42.1972],[-92.4522,42.1978],[-92.4515,42.1984],[-92.4511,42.1991],[-92.4507,42.1999],[-92.4506,42.2007]],"type":"LineString"}},{"type":"Feature","properties":{"stroke":"#555555","stroke-width":2,"stroke-opacity":1,"name":""},"geometry":{"coordinates":[[-92.542,41.988],[-92.5394,41.988]],"type":"LineString"}},{"type":"Feature","properties":{"stroke":"#555555","stroke-width":2,"stroke-opacity":1,"name":""},"geometry":{"coordinates":[[-92.5478,41.9926],[-92.5477,41.9945]],"type":"LineString"}},{"type":"Feature","properties":{"stroke":"#555555","stroke-width":2,"stroke-opacity":1,"name":""},"geometry":{"coordinates":[[-92.5481,41.9837],[-92.5481,41.9818]],"type":"LineString"}},{"type":"Feature","properties":{"stroke":"#555555","stroke-width":2,"stroke-opacity":1,"name":""},"geometry":{"coordinates":[[-92.5539,41.9883],[-92.5565,41.9883]],"type":"LineString"}},{"type":"Feature","properties":{"stroke":"#555555","stroke-width":2,"stroke-opacity":1,"name":""},"geometry":{"coordinates":[[-92.542,41.988],[-92.542,41.9888],[-92.5423,41.9896],[-92.5427,41.9903],[-92.5433,41.991],[-92.5441,41.9916],[-92.545,41.992],[-92.5459,41.9923],[-92.547,41.9925],[-92.548,41.9926],[-92.5491,41.9925],[-92.5501,41.9923],[-92.5511,41.9919],[-92.5519,41.9914],[-92.5527,41.9909],[-92.5532,41.9902],[-92.5536,41.9894],[-92.5538,41.9887],[-92.5539,41.9879],[-92.5537,41.9871],[-92.5534,41.9863],[-92.5528,41.9856],[-92.5522,41.985],[-92.5513,41.9845],[-92.5504,41.9841],[-92.5494,41.9838],[-92.5483,41.9837],[-92.5473,41.9837],[-92.5462,41.9839],[-92.5452,41.9842],[-92.5443,41.9846],[-92.5435,41.9851],[-92.5429,41.9858],[-92.5424,41.9865],[-92.5421,41.9873],[-92.542,41.988]],"type":"LineString"}},{"type":"Feature","properties":{"stroke":"#555555","stroke-width":2,"stroke-opacity":1,"name":""},"geometry":{"coordinates":[[-92.2785,41.8786],[-92.2759,41.8785]],"type":"LineString"}},{"type":"Feature","properties":{"stroke":"#555555","stroke-width":2,"stroke-opacity":1,"name":""},"geometry":{"coordinates":[[-92.2843,41.8832],[-92.2842,41.8851]],"type":"LineString"}},{"type":"Feature","properties":{"stroke":"#555555","stroke-width":2,"stroke-opacity":1,"name":""},"geometry":{"coordinates":[[-92.2846,41.8743],[-92.2847,41.8724]],"type":"LineString"}},{"type":"Feature","properties":{"stroke":"#555555","stroke-width":2,"stroke-opacity":1,"name":""},"geometry":{"coordinates":[[-92.2904,41.8788],[-92.293,41.8789]],"type":"LineString"}},{"type":"Feature","properties":{"stroke":"#555555","stroke-width":2,"stroke-opacity":1,"name":""},"geometry":{"coordinates":[[-92.2785,41.8786],[-92.2786,41.8794],[-92.2788,41.8802],[-92.2793,41.8809],[-92.2799,41.8815],[-92.2806,41.8821],[-92.2815,41.8826],[-92.2825,41.8829],[-92.2835,41.8831],[-92.2846,41.8832],[-92.2856,41.8831],[-92.2866,41.8829],[-92.2876,41.8825],[-92.2884,41.882],[-92.2892,41.8814],[-92.2897,41.8808],[-92.2901,41.88],[-92.2904,41.8792],[-92.2904,41.8784],[-92.2902,41.8777],[-92.2899,41.8769],[-92.2894,41.8762],[-92.2887,41.8756],[-92.2879,41.8751],[-92.287,41.8747],[-92.2859,41.8744],[-92.2849,41.8743],[-92.2838,41.8743],[-92.2828,41.8745],[-92.2818,41.8747],[-92.2809,41.8752],[-92.2801,41.8757],[-92.2794,41.8763],[-92.279,41.877],[-92.2786,41.8778],[-92.2785,41.8786]],"type":"LineString"}},{"type":"Feature","properties":{"stroke":"#555555","stroke-width":2,"stroke-opacity":1,"name":""},"geometry":{"coordinates":[[-92.4034,41.7456],[-92.4008,41.7456]],"type":"LineString"}},{"type":"Feature","properties":{"stroke":"#555555","stroke-width":2,"stroke-opacity":1,"name":""},"geometry":{"coordinates":[[-92.4091,41.7502],[-92.4091,41.7521]],"type":"LineString"}},{"type":"Feature","properties":{"stroke":"#555555","stroke-width":2,"stroke-opacity":1,"name":""},"geometry":{"coordinates":[[-92.4094,41.7413],[-92.4095,41.7394]],"type":"LineString"}},{"type":"Feature","properties":{"stroke":"#555555","stroke-width":2,"stroke-opacity":1,"name":""},"geometry":{"coordinates":[[-92.4152,41.7458],[-92.4178,41.7459]],"type":"LineString"}},{"type":"Feature","properties":{"stroke":"#555555","stroke-width":2,"stroke-opacity":1,"name":""},"geometry":{"coordinates":[[-92.4034,41.7456],[-92.4034,41.7464],[-92.4037,41.7472],[-92.4041,41.7479],[-92.4047,41.7486],[-92.4055,41.7491],[-92.4063,41.7496],[-92.4073,41.7499],[-92.4083,41.7501],[-92.4094,41.7502],[-92.4105,41.7501],[-92.4115,41.7499],[-92.4124,41.7495],[-92.4133,41.749],[-92.414,41.7484],[-92.4146,41.7478],[-92.415,41.747],[-92.4152,41.7462],[-92.4152,41.7454],[-92.415,41.7447],[-92.4147,41.7439],[-92.4142,41.7432],[-92.4135,41.7426],[-92.4127,41.7421],[-92.4118,41.7417],[-92.4108,41.7414],[-92.4097,41.7413],[-92.4086,41.7413],[-92.4076,41.7415],[-92.4066,41.7418],[-92.4057,41.7422],[-92.4049,41.7427],[-92.4043,41.7433],[-92.4038,41.7441],[-92.4035,41.7448],[-92.4034,41.7456]],"type":"LineString"}},{"type":"Feature","properties":{"stroke":"#555555","stroke-width":2,"stroke-opacity":1,"name":""},"geometry":{"coordinates":[[-91.6692,41.2748],[-91.6667,41.2747]],"type":"LineString"}},{"type":"Feature","properties":{"stroke":"#555555","stroke-width":2,"stroke-opacity":1,"name":""},"geometry":{"coordinates":[[-91.6749,41.2794],[-91.6748,41.2813]],"type":"LineString"}},{"type":"Feature","properties":{"stroke":"#555555","stroke-width":2,"stroke-opacity":1,"name":""},"geometry":{"coordinates":[[-91.6753,41.2705],[-91.6754,41.2686]],"type":"LineString"}},{"type":"Feature","properties":{"stroke":"#555555","stroke-width":2,"stroke-opacity":1,"name":""},"geometry":{"coordinates":[[-91.681,41.2751],[-91.6836,41.2752]],"type":"LineString"}},{"type":"Feature","properties":{"stroke":"#555555","stroke-width":2,"stroke-opacity":1,"name":""},"geometry":{"coordinates":[[-91.6692,41.2748],[-91.6693,41.2756],[-91.6695,41.2764],[-91.67,41.2771],[-91.6706,41.2778],[-91.6713,41.2783],[-91.6721,41.2788],[-91.6731,41.2791],[-91.6741,41.2793],[-91.6752,41.2794],[-91.6762,41.2793],[-91.6772,41.2791],[-91.6782,41.2788],[-91.679,41.2783],[-91.6798,41.2777],[-91.6803,41.277],[-91.6807,41.2763],[-91.681,41.2755],[-91.681,41.2747],[-91.6809,41.2739],[-91.6805,41.2732],[-91.68,41.2725],[-91.6793,41.2719],[-91.6785,41.2713],[-91.6776,41.2709],[-91.6766,41.2707],[-91.6756,41.2705],[-91.6745,41.2705],[-91.6735,41.2707],[-91.6725,41.271],[-91.6716,41.2714],[-91.6708,41.2719],[-91.6702,41.2725],[-91.6697,41.2733],[-91.6694,41.274],[-91.6692,41.2748]],"type":"LineString"}},{"type":"Feature","properties":{"stroke":"#555555","stroke-width":2,"stroke-opacity":1,"name":""},"geometry":{"coordinates":[[-91.1423,41.3676],[-91.1397,41.3675]],"type":"LineString"}},{"type":"Feature","properties":{"stroke":"#555555","stroke-width":2,"stroke-opacity":1,"name":""},"geometry":{"coordinates":[[-91.1479,41.3722],[-91.1478,41.3741]],"type":"LineString"}},{"type":"Feature","properties":{"stroke":"#555555","stroke-width":2,"stroke-opacity":1,"name":""},"geometry":{"coordinates":[[-91.1484,41.3633],[-91.1485,41.3614]],"type":"LineString"}},{"type":"Feature","properties":{"stroke":"#555555","stroke-width":2,"stroke-opacity":1,"name":""},"geometry":{"coordinates":[[-91.1541,41.368],[-91.1566,41.3681]],"type":"LineString"}},{"type":"Feature","properties":{"stroke":"#555555","stroke-width":2,"stroke-opacity":1,"name":""},"geometry":{"coordinates":[[-91.1423,41.3676],[-91.1423,41.3684],[-91.1426,41.3692],[-91.143,41.3699],[-91.1436,41.3706],[-91.1443,41.3711],[-91.1452,41.3716],[-91.1461,41.372],[-91.1471,41.3722],[-91.1482,41.3722],[-91.1492,41.3722],[-91.1503,41.3719],[-91.1512,41.3716],[-91.1521,41.3711],[-91.1528,41.3705],[-91.1534,41.3699],[-91.1538,41.3691],[-91.154,41.3684],[-91.1541,41.3676],[-91.1539,41.3668],[-91.1536,41.366],[-91.1531,41.3653],[-91.1524,41.3647],[-91.1516,41.3642],[-91.1507,41.3638],[-91.1497,41.3635],[-91.1487,41.3634],[-91.1476,41.3634],[-91.1466,41.3635],[-91.1456,41.3638],[-91.1447,41.3642],[-91.1439,41.3647],[-91.1432,41.3654],[-91.1427,41.3661],[-91.1424,41.3668],[-91.1423,41.3676]],"type":"LineString"}},{"type":"Feature","properties":{"stroke":"#555555","stroke-width":2,"stroke-opacity":1,"name":""},"geometry":{"coordinates":[[-91.2142,41.5858],[-91.2116,41.5858]],"type":"LineString"}},{"type":"Feature","properties":{"stroke":"#555555","stroke-width":2,"stroke-opacity":1,"name":""},"geometry":{"coordinates":[[-91.2199,41.5905],[-91.2197,41.5924]],"type":"LineString"}},{"type":"Feature","properties":{"stroke":"#555555","stroke-width":2,"stroke-opacity":1,"name":""},"geometry":{"coordinates":[[-91.2203,41.5816],[-91.2204,41.5797]],"type":"LineString"}},{"type":"Feature","properties":{"stroke":"#555555","stroke-width":2,"stroke-opacity":1,"name":""},"geometry":{"coordinates":[[-91.226,41.5862],[-91.2286,41.5863]],"type":"LineString"}},{"type":"Feature","properties":{"stroke":"#555555","stroke-width":2,"stroke-opacity":1,"name":""},"geometry":{"coordinates":[[-91.2142,41.5858],[-91.2142,41.5866],[-91.2145,41.5874],[-91.2149,41.5881],[-91.2155,41.5888],[-91.2162,41.5894],[-91.2171,41.5899],[-91.218,41.5902],[-91.2191,41.5904],[-91.2201,41.5905],[-91.2212,41.5904],[-91.2222,41.5902],[-91.2232,41.5898],[-91.224,41.5894],[-91.2247,41.5888],[-91.2253,41.5881],[-91.2257,41.5874],[-91.226,41.5866],[-91.226,41.5858],[-91.2259,41.585],[-91.2255,41.5843],[-91.225,41.5836],[-91.2244,41.5829],[-91.2236,41.5824],[-91.2226,41.582],[-91.2216,41.5817],[-91.2206,41.5816],[-91.2195,41.5816],[-91.2185,41.5817],[-91.2175,41.582],[-91.2166,41.5824],[-91.2158,41.583],[-91.2151,41.5836],[-91.2146,41.5843],[-91.2143,41.5851],[-91.2142,41.5858]],"type":"LineString"}},{"type":"Feature","properties":{"stroke":"#555555","stroke-width":2,"stroke-opacity":1,"name":""},"geometry":{"coordinates":[[-91.1469,41.7631],[-91.1444,41.763]],"type":"LineString"}},{"type":"Feature","properties":{"stroke":"#555555","stroke-width":2,"stroke-opacity":1,"name":""},"geometry":{"coordinates":[[-91.1526,41.7677],[-91.1525,41.7696]],"type":"LineString"}},{"type":"Feature","properties":{"stroke":"#555555","stroke-width":2,"stroke-opacity":1,"name":""},"geometry":{"coordinates":[[-91.1531,41.7588],[-91.1532,41.7569]],"type":"LineString"}},{"type":"Feature","properties":{"stroke":"#555555","stroke-width":2,"stroke-opacity":1,"name":""},"geometry":{"coordinates":[[-91.1588,41.7634],[-91.1614,41.7635]],"type":"LineString"}},{"type":"Feature","properties":{"stroke":"#555555","stroke-width":2,"stroke-opacity":1,"name":""},"geometry":{"coordinates":[[-91.1469,41.7631],[-91.147,41.7639],[-91.1472,41.7646],[-91.1477,41.7654],[-91.1482,41.766],[-91.149,41.7666],[-91.1498,41.7671],[-91.1508,41.7674],[-91.1518,41.7676],[-91.1529,41.7677],[-91.154,41.7676],[-91.155,41.7674],[-91.1559,41.7671],[-91.1568,41.7666],[-91.1575,41.766],[-91.1581,41.7653],[-91.1585,41.7646],[-91.1588,41.7638],[-91.1588,41.763],[-91.1587,41.7622],[-91.1583,41.7615],[-91.1578,41.7608],[-91.1571,41.7602],[-91.1563,41.7596],[-91.1554,41.7592],[-91.1544,41.759],[-91.1534,41.7588],[-91.1523,41.7588],[-91.1513,41.759],[-91.1503,41.7592],[-91.1494,41.7597],[-91.1486,41.7602],[-91.1479,41.7608],[-91.1474,41.7615],[-91.1471,41.7623],[-91.1469,41.7631]],"type":"LineString"}},{"type":"Feature","properties":{"stroke":"#555555","stroke-width":2,"stroke-opacity":1,"name":""},"geometry":{"coordinates":[[-91.7137,41.7562],[-91.7111,41.7561]],"type":"LineString"}},{"type":"Feature","properties":{"stroke":"#555555","stroke-width":2,"stroke-opacity":1,"name":""},"geometry":{"coordinates":[[-91.7194,41.7608],[-91.7193,41.7627]],"type":"LineString"}},{"type":"Feature","properties":{"stroke":"#555555","stroke-width":2,"stroke-opacity":1,"name":""},"geometry":{"coordinates":[[-91.7199,41.7519],[-91.7199,41.75]],"type":"LineString"}},{"type":"Feature","properties":{"stroke":"#555555","stroke-width":2,"stroke-opacity":1,"name":""},"geometry":{"coordinates":[[-91.7256,41.7565],[-91.7281,41.7566]],"type":"LineString"}},{"type":"Feature","properties":{"stroke":"#555555","stroke-width":2,"stroke-opacity":1,"name":""},"geometry":{"coordinates":[[-91.7137,41.7562],[-91.7138,41.757],[-91.714,41.7578],[-91.7144,41.7585],[-91.715,41.7592],[-91.7158,41.7597],[-91.7167,41.7602],[-91.7176,41.7605],[-91.7186,41.7607],[-91.7197,41.7608],[-91.7208,41.7607],[-91.7218,41.7605],[-91.7227,41.7601],[-91.7236,41.7597],[-91.7243,41.7591],[-91.7249,41.7584],[-91.7253,41.7577],[-91.7255,41.7569],[-91.7256,41.7561],[-91.7254,41.7553],[-91.7251,41.7546],[-91.7246,41.7539],[-91.7239,41.7533],[-91.7231,41.7527],[-91.7222,41.7523],[-91.7212,41.7521],[-91.7201,41.7519],[-91.7191,41.7519],[-91.718,41.7521],[-91.717,41.7524],[-91.7161,41.7528],[-91.7153,41.7533],[-91.7147,41.7539],[-91.7142,41.7546],[-91.7138,41.7554],[-91.7137,41.7562]],"type":"LineString"}},{"type":"Feature","properties":{"stroke":"#555555","stroke-width":2,"stroke-opacity":1,"name":""},"geometry":{"coordinates":[[-91.8588,41.7934],[-91.8562,41.7933]],"type":"LineString"}},{"type":"Feature","properties":{"stroke":"#555555","stroke-width":2,"stroke-opacity":1,"name":""},"geometry":{"coordinates":[[-91.8645,41.798],[-91.8644,41.7999]],"type":"LineString"}},{"type":"Feature","properties":{"stroke":"#555555","stroke-width":2,"stroke-opacity":1,"name":""},"geometry":{"coordinates":[[-91.8649,41.7891],[-91.865,41.7872]],"type":"LineString"}},{"type":"Feature","properties":{"stroke":"#555555","stroke-width":2,"stroke-opacity":1,"name":""},"geometry":{"coordinates":[[-91.8706,41.7937],[-91.8732,41.7937]],"type":"LineString"}},{"type":"Feature","properties":{"stroke":"#555555","stroke-width":2,"stroke-opacity":1,"name":""},"geometry":{"coordinates":[[-91.8588,41.7934],[-91.8588,41.7942],[-91.8591,41.7949],[-91.8595,41.7957],[-91.8601,41.7963],[-91.8609,41.7969],[-91.8617,41.7974],[-91.8627,41.7977],[-91.8637,41.7979],[-91.8648,41.798],[-91.8658,41.7979],[-91.8669,41.7977],[-91.8678,41.7973],[-91.8687,41.7968],[-91.8694,41.7962],[-91.87,41.7956],[-91.8704,41.7948],[-91.8706,41.7941],[-91.8706,41.7933],[-91.8705,41.7925],[-91.8701,41.7917],[-91.8696,41.791],[-91.869,41.7904],[-91.8681,41.7899],[-91.8672,41.7895],[-91.8662,41.7892],[-91.8652,41.7891],[-91.8641,41.7891],[-91.8631,41.7892],[-91.8621,41.7895],[-91.8612,41.79],[-91.8604,41.7905],[-91.8597,41.7911],[-91.8592,41.7918],[-91.8589,41.7926],[-91.8588,41.7934]],"type":"LineString"}},{"type":"Feature","properties":{"stroke":"#555555","stroke-width":2,"stroke-opacity":1,"name":""},"geometry":{"coordinates":[[-91.5256,42.0296],[-91.5231,42.0295]],"type":"LineString"}},{"type":"Feature","properties":{"stroke":"#555555","stroke-width":2,"stroke-opacity":1,"name":""},"geometry":{"coordinates":[[-91.5314,42.0342],[-91.5313,42.0361]],"type":"LineString"}},{"type":"Feature","properties":{"stroke":"#555555","stroke-width":2,"stroke-opacity":1,"name":""},"geometry":{"coordinates":[[-91.5318,42.0253],[-91.5319,42.0234]],"type":"LineString"}},{"type":"Feature","properties":{"stroke":"#555555","stroke-width":2,"stroke-opacity":1,"name":""},"geometry":{"coordinates":[[-91.5376,42.0299],[-91.5401,42.03]],"type":"LineString"}},{"type":"Feature","properties":{"stroke":"#555555","stroke-width":2,"stroke-opacity":1,"name":""},"geometry":{"coordinates":[[-91.5256,42.0296],[-91.5257,42.0304],[-91.5259,42.0312],[-91.5264,42.0319],[-91.527,42.0326],[-91.5277,42.0331],[-91.5286,42.0336],[-91.5295,42.0339],[-91.5306,42.0341],[-91.5316,42.0342],[-91.5327,42.0341],[-91.5337,42.0339],[-91.5347,42.0336],[-91.5356,42.0331],[-91.5363,42.0325],[-91.5369,42.0318],[-91.5373,42.0311],[-91.5375,42.0303],[-91.5376,42.0295],[-91.5374,42.0287],[-91.5371,42.028],[-91.5365,42.0273],[-91.5359,42.0267],[-91.5351,42.0262],[-91.5341,42.0257],[-91.5331,42.0255],[-91.5321,42.0253],[-91.531,42.0253],[-91.53,42.0255],[-91.529,42.0258],[-91.5281,42.0262],[-91.5273,42.0267],[-91.5266,42.0273],[-91.5261,42.0281],[-91.5258,42.0288],[-91.5256,42.0296]],"type":"LineString"}},{"type":"Feature","properties":{"stroke":"#555555","stroke-width":2,"stroke-opacity":1,"name":""},"geometry":{"coordinates":[[-91.1573,42.22],[-91.1547,42.22]],"type":"LineString"}},{"type":"Feature","properties":{"stroke":"#555555","stroke-width":2,"stroke-opacity":1,"name":""},"geometry":{"coordinates":[[-91.163,42.2247],[-91.1629,42.2266]],"type":"LineString"}},{"type":"Feature","properties":{"stroke":"#555555","stroke-width":2,"stroke-opacity":1,"name":""},"geometry":{"coordinates":[[-91.1635,42.2158],[-91.1636,42.2139]],"type":"LineString"}},{"type":"Feature","properties":{"stroke":"#555555","stroke-width":2,"stroke-opacity":1,"name":""},"geometry":{"coordinates":[[-91.1692,42.2204],[-91.1718,42.2205]],"type":"LineString"}},{"type":"Feature","properties":{"stroke":"#555555","stroke-width":2,"stroke-opacity":1,"name":""},"geometry":{"coordinates":[[-91.1573,42.22],[-91.1573,42.2208],[-91.1576,42.2216],[-91.158,42.2224],[-91.1586,42.223],[-91.1594,42.2236],[-91.1602,42.2241],[-91.1612,42.2244],[-91.1622,42.2246],[-91.1633,42.2247],[-91.1644,42.2246],[-91.1654,42.2244],[-91.1664,42.224],[-91.1672,42.2236],[-91.168,42.223],[-91.1685,42.2223],[-91.169,42.2216],[-91.1692,42.2208],[-91.1692,42.22],[-91.1691,42.2192],[-91.1688,42.2185],[-91.1683,42.2178],[-91.1676,42.2171],[-91.1668,42.2166],[-91.1658,42.2162],[-91.1648,42.2159],[-91.1638,42.2158],[-91.1627,42.2158],[-91.1617,42.2159],[-91.1607,42.2162],[-91.1597,42.2166],[-91.1589,42.2172],[-91.1583,42.2178],[-91.1578,42.2185],[-91.1574,42.2193],[-91.1573,42.22]],"type":"LineString"}},{"type":"Feature","properties":{"stroke":"#555555","stroke-width":2,"stroke-opacity":1,"name":""},"geometry":{"coordinates":[[-91.2657,42.1067],[-91.2663,42.0954]],"type":"LineString"}},{"type":"Feature","properties":{"stroke":"#555555","stroke-width":2,"stroke-opacity":1,"name":""},"geometry":{"coordinates":[[-91.2574,42.0951],[-91.2568,42.1064]],"type":"LineString"}},{"type":"Feature","properties":{"stroke":"#555555","stroke-width":2,"stroke-opacity":1,"name":""},"geometry":{"coordinates":[[-91.2571,42.1008],[-91.266,42.101]],"type":"LineString"}},{"type":"Feature","properties":{"stroke":"#555555","stroke-width":2,"stroke-opacity":1,"name":""},"geometry":{"coordinates":[[-91.2485,42.1005],[-91.2486,42.1022],[-91.2491,42.1039],[-91.2501,42.1055],[-91.2514,42.107],[-91.253,42.1082],[-91.2549,42.1093],[-91.257,42.11],[-91.2593,42.1105],[-91.2616,42.1106],[-91.2639,42.1105],[-91.2662,42.11],[-91.2683,42.1092],[-91.2702,42.1082],[-91.2718,42.1069],[-91.2731,42.1055],[-91.274,42.1039],[-91.2745,42.1021],[-91.2746,42.1004],[-91.2743,42.0987],[-91.2735,42.097],[-91.2724,42.0955],[-91.271,42.0941],[-91.2692,42.093],[-91.2672,42.0921],[-91.265,42.0915],[-91.2627,42.0912],[-91.2603,42.0912],[-91.258,42.0915],[-91.2558,42.0921],[-91.2538,42.093],[-91.2521,42.0942],[-91.2506,42.0956],[-91.2495,42.0971],[-91.2488,42.0988],[-91.2485,42.1005]],"type":"LineString"}},{"type":"Feature","properties":{"stroke":"#555555","stroke-width":2,"stroke-opacity":1,"name":""},"geometry":{"coordinates":[[-91.6656,41.9908],[-91.6662,41.9795]],"type":"LineString"}},{"type":"Feature","properties":{"stroke":"#555555","stroke-width":2,"stroke-opacity":1,"name":""},"geometry":{"coordinates":[[-91.6574,41.9792],[-91.6568,41.9906]],"type":"LineString"}},{"type":"Feature","properties":{"stroke":"#555555","stroke-width":2,"stroke-opacity":1,"name":""},"geometry":{"coordinates":[[-91.6571,41.9849],[-91.6659,41.9851]],"type":"LineString"}},{"type":"Feature","properties":{"stroke":"#555555","stroke-width":2,"stroke-opacity":1,"name":""},"geometry":{"coordinates":[[-91.6485,41.9847],[-91.6486,41.9864],[-91.6491,41.9881],[-91.6501,41.9897],[-91.6514,41.9911],[-91.653,41.9924],[-91.6549,41.9934],[-91.657,41.9942],[-91.6593,41.9946],[-91.6616,41.9947],[-91.664,41.9946],[-91.6662,41.9941],[-91.6683,41.9933],[-91.6702,41.9923],[-91.6718,41.991],[-91.6731,41.9895],[-91.674,41.9879],[-91.6745,41.9862],[-91.6745,41.9845],[-91.6742,41.9827],[-91.6735,41.9811],[-91.6723,41.9796],[-91.6709,41.9782],[-91.6691,41.9771],[-91.6671,41.9762],[-91.6649,41.9756],[-91.6626,41.9753],[-91.6602,41.9753],[-91.6579,41.9756],[-91.6557,41.9763],[-91.6537,41.9772],[-91.652,41.9783],[-91.6505,41.9797],[-91.6495,41.9813],[-91.6488,41.9829],[-91.6485,41.9847]],"type":"LineString"}},{"type":"Feature","properties":{"stroke":"#555555","stroke-width":2,"stroke-opacity":1,"name":""},"geometry":{"coordinates":[[-91.6114,41.7104],[-91.6119,41.6991]],"type":"LineString"}},{"type":"Feature","properties":{"stroke":"#555555","stroke-width":2,"stroke-opacity":1,"name":""},"geometry":{"coordinates":[[-91.6031,41.6988],[-91.6026,41.7102]],"type":"LineString"}},{"type":"Feature","properties":{"stroke":"#555555","stroke-width":2,"stroke-opacity":1,"name":""},"geometry":{"coordinates":[[-91.6029,41.7045],[-91.6117,41.7047]],"type":"LineString"}},{"type":"Feature","properties":{"stroke":"#555555","stroke-width":2,"stroke-opacity":1,"name":""},"geometry":{"coordinates":[[-91.5943,41.7043],[-91.5944,41.706],[-91.5949,41.7077],[-91.5959,41.7093],[-91.5972,41.7108],[-91.5988,41.712],[-91.6007,41.713],[-91.6028,41.7138],[-91.6051,41.7142],[-91.6074,41.7144],[-91.6097,41.7142],[-91.6119,41.7137],[-91.614,41.7129],[-91.6159,41.7119],[-91.6175,41.7106],[-91.6188,41.7092],[-91.6197,41.7075],[-91.6202,41.7058],[-91.6202,41.7041],[-91.6199,41.7024],[-91.6192,41.7007],[-91.618,41.6992],[-91.6166,41.6978],[-91.6148,41.6967],[-91.6128,41.6958],[-91.6106,41.6952],[-91.6083,41.6949],[-91.606,41.6949],[-91.6037,41.6953],[-91.6015,41.6959],[-91.5995,41.6968],[-91.5978,41.698],[-91.5964,41.6993],[-91.5953,41.7009],[-91.5946,41.7025],[-91.5943,41.7043]],"type":"LineString"}},{"type":"Feature","properties":{"stroke":"#555555","stroke-width":2,"stroke-opacity":1,"name":""},"geometry":{"coordinates":[[-91.5517,41.6657],[-91.5523,41.6544]],"type":"LineString"}},{"type":"Feature","properties":{"stroke":"#555555","stroke-width":2,"stroke-opacity":1,"name":""},"geometry":{"coordinates":[[-91.5435,41.6542],[-91.543,41.6655]],"type":"LineString"}},{"type":"Feature","properties":{"stroke":"#555555","stroke-width":2,"stroke-opacity":1,"name":""},"geometry":{"coordinates":[[-91.5432,41.6598],[-91.552,41.6601]],"type":"LineString"}},{"type":"Feature","properties":{"stroke":"#555555","stroke-width":2,"stroke-opacity":1,"name":""},"geometry":{"coordinates":[[-91.5347,41.6596],[-91.5348,41.6613],[-91.5353,41.663],[-91.5362,41.6646],[-91.5375,41.6661],[-91.5392,41.6673],[-91.5411,41.6684],[-91.5432,41.6691],[-91.5454,41.6696],[-91.5477,41.6697],[-91.55,41.6695],[-91.5523,41.669],[-91.5544,41.6683],[-91.5563,41.6672],[-91.5578,41.666],[-91.5591,41.6645],[-91.56,41.6629],[-91.5605,41.6612],[-91.5606,41.6594],[-91.5603,41.6577],[-91.5595,41.6561],[-91.5584,41.6545],[-91.5569,41.6532],[-91.5552,41.652],[-91.5532,41.6511],[-91.551,41.6505],[-91.5487,41.6503],[-91.5464,41.6503],[-91.5441,41.6506],[-91.5419,41.6512],[-91.5399,41.6521],[-91.5382,41.6533],[-91.5367,41.6547],[-91.5356,41.6562],[-91.5349,41.6579],[-91.5347,41.6596]],"type":"LineString"}},{"type":"Feature","properties":{"stroke":"#555555","stroke-width":2,"stroke-opacity":1,"name":""},"geometry":{"coordinates":[[-92.9118,42.1126],[-92.9092,42.1126]],"type":"LineString"}},{"type":"Feature","properties":{"stroke":"#555555","stroke-width":2,"stroke-opacity":1,"name":""},"geometry":{"coordinates":[[-92.9176,42.1171],[-92.9176,42.119]],"type":"LineString"}},{"type":"Feature","properties":{"stroke":"#555555","stroke-width":2,"stroke-opacity":1,"name":""},"geometry":{"coordinates":[[-92.9179,42.1082],[-92.9179,42.1063]],"type":"LineString"}},{"type":"Feature","properties":{"stroke":"#555555","stroke-width":2,"stroke-opacity":1,"name":""},"geometry":{"coordinates":[[-92.9237,42.1128],[-92.9263,42.1128]],"type":"LineString"}},{"type":"Feature","properties":{"stroke":"#555555","stroke-width":2,"stroke-opacity":1,"name":""},"geometry":{"coordinates":[[-92.9118,42.1126],[-92.9118,42.1134],[-92.9121,42.1142],[-92.9125,42.1149],[-92.9132,42.1155],[-92.9139,42.1161],[-92.9148,42.1166],[-92.9158,42.1169],[-92.9168,42.1171],[-92.9179,42.1171],[-92.9189,42.117],[-92.92,42.1168],[-92.9209,42.1164],[-92.9218,42.116],[-92.9225,42.1154],[-92.9231,42.1147],[-92.9235,42.114],[-92.9237,42.1132],[-92.9237,42.1124],[-92.9235,42.1116],[-92.9232,42.1108],[-92.9226,42.1101],[-92.9219,42.1095],[-92.9211,42.109],[-92.9202,42.1086],[-92.9192,42.1084],[-92.9181,42.1082],[-92.9171,42.1083],[-92.916,42.1084],[-92.915,42.1087],[-92.9141,42.1092],[-92.9133,42.1097],[-92.9127,42.1103],[-92.9122,42.111],[-92.9119,42.1118],[-92.9118,42.1126]],"type":"LineString"}},{"type":"Feature","properties":{"stroke":"#555555","stroke-width":2,"stroke-opacity":1,"name":""},"geometry":{"coordinates":[[-92.73,41.7097],[-92.7274,41.7097]],"type":"LineString"}},{"type":"Feature","properties":{"stroke":"#555555","stroke-width":2,"stroke-opacity":1,"name":""},"geometry":{"coordinates":[[-92.7358,41.7143],[-92.7357,41.7162]],"type":"LineString"}},{"type":"Feature","properties":{"stroke":"#555555","stroke-width":2,"stroke-opacity":1,"name":""},"geometry":{"coordinates":[[-92.7361,41.7054],[-92.7361,41.7035]],"type":"LineString"}},{"type":"Feature","properties":{"stroke":"#555555","stroke-width":2,"stroke-opacity":1,"name":""},"geometry":{"coordinates":[[-92.7419,41.7099],[-92.7444,41.71]],"type":"LineString"}},{"type":"Feature","properties":{"stroke":"#555555","stroke-width":2,"stroke-opacity":1,"name":""},"geometry":{"coordinates":[[-92.73,41.7097],[-92.7301,41.7105],[-92.7303,41.7113],[-92.7308,41.712],[-92.7314,41.7127],[-92.7321,41.7132],[-92.733,41.7137],[-92.734,41.714],[-92.735,41.7142],[-92.7361,41.7143],[-92.7371,41.7142],[-92.7381,41.714],[-92.7391,41.7136],[-92.7399,41.7131],[-92.7406,41.7125],[-92.7412,41.7118],[-92.7416,41.7111],[-92.7418,41.7103],[-92.7418,41.7095],[-92.7417,41.7087],[-92.7413,41.708],[-92.7408,41.7073],[-92.7401,41.7067],[-92.7393,41.7062],[-92.7384,41.7058],[-92.7374,41.7055],[-92.7363,41.7054],[-92.7353,41.7054],[-92.7342,41.7056],[-92.7332,41.7059],[-92.7323,41.7063],[-92.7316,41.7068],[-92.7309,41.7075],[-92.7304,41.7082],[-92.7301,41.7089],[-92.73,41.7097]],"type":"LineString"}},{"type":"Feature","properties":{"stroke":"#555555","stroke-width":2,"stroke-opacity":1,"name":""},"geometry":{"coordinates":[[-92.5286,41.5481],[-92.5261,41.5481]],"type":"LineString"}},{"type":"Feature","properties":{"stroke":"#555555","stroke-width":2,"stroke-opacity":1,"name":""},"geometry":{"coordinates":[[-92.5344,41.5527],[-92.5343,41.5546]],"type":"LineString"}},{"type":"Feature","properties":{"stroke":"#555555","stroke-width":2,"stroke-opacity":1,"name":""},"geometry":{"coordinates":[[-92.5347,41.5438],[-92.5348,41.5418]],"type":"LineString"}},{"type":"Feature","properties":{"stroke":"#555555","stroke-width":2,"stroke-opacity":1,"name":""},"geometry":{"coordinates":[[-92.5405,41.5483],[-92.543,41.5484]],"type":"LineString"}},{"type":"Feature","properties":{"stroke":"#555555","stroke-width":2,"stroke-opacity":1,"name":""},"geometry":{"coordinates":[[-92.5286,41.5481],[-92.5287,41.5489],[-92.5289,41.5497],[-92.5294,41.5504],[-92.53,41.5511],[-92.5307,41.5516],[-92.5316,41.5521],[-92.5326,41.5524],[-92.5336,41.5526],[-92.5347,41.5527],[-92.5357,41.5526],[-92.5367,41.5523],[-92.5377,41.552],[-92.5385,41.5515],[-92.5392,41.5509],[-92.5398,41.5502],[-92.5402,41.5495],[-92.5404,41.5487],[-92.5404,41.5479],[-92.5403,41.5471],[-92.5399,41.5464],[-92.5394,41.5457],[-92.5387,41.5451],[-92.5379,41.5446],[-92.537,41.5442],[-92.536,41.5439],[-92.535,41.5438],[-92.5339,41.5438],[-92.5329,41.544],[-92.5319,41.5442],[-92.531,41.5447],[-92.5302,41.5452],[-92.5295,41.5458],[-92.5291,41.5465],[-92.5287,41.5473],[-92.5286,41.5481]],"type":"LineString"}},{"type":"Feature","properties":{"stroke":"#555555","stroke-width":2,"stroke-opacity":1,"name":""},"geometry":{"coordinates":[[-92.4879,41.2259],[-92.4854,41.2259]],"type":"LineString"}},{"type":"Feature","properties":{"stroke":"#555555","stroke-width":2,"stroke-opacity":1,"name":""},"geometry":{"coordinates":[[-92.4936,41.2305],[-92.4936,41.2324]],"type":"LineString"}},{"type":"Feature","properties":{"stroke":"#555555","stroke-width":2,"stroke-opacity":1,"name":""},"geometry":{"coordinates":[[-92.4939,41.2216],[-92.494,41.2197]],"type":"LineString"}},{"type":"Feature","properties":{"stroke":"#555555","stroke-width":2,"stroke-opacity":1,"name":""},"geometry":{"coordinates":[[-92.4997,41.2262],[-92.5022,41.2262]],"type":"LineString"}},{"type":"Feature","properties":{"stroke":"#555555","stroke-width":2,"stroke-opacity":1,"name":""},"geometry":{"coordinates":[[-92.4879,41.2259],[-92.488,41.2267],[-92.4882,41.2275],[-92.4887,41.2282],[-92.4893,41.2289],[-92.49,41.2294],[-92.4909,41.2299],[-92.4918,41.2302],[-92.4928,41.2304],[-92.4939,41.2305],[-92.495,41.2304],[-92.496,41.2302],[-92.4969,41.2298],[-92.4977,41.2293],[-92.4985,41.2288],[-92.499,41.2281],[-92.4994,41.2273],[-92.4996,41.2266],[-92.4997,41.2258],[-92.4995,41.225],[-92.4992,41.2242],[-92.4986,41.2235],[-92.498,41.2229],[-92.4972,41.2224],[-92.4962,41.222],[-92.4952,41.2217],[-92.4942,41.2216],[-92.4932,41.2216],[-92.4921,41.2218],[-92.4911,41.2221],[-92.4902,41.2225],[-92.4895,41.223],[-92.4888,41.2237],[-92.4883,41.2244],[-92.488,41.2251],[-92.4879,41.2259]],"type":"LineString"}},{"type":"Feature","properties":{"stroke":"#555555","stroke-width":2,"stroke-opacity":1,"name":""},"geometry":{"coordinates":[[-92.4411,41.107],[-92.4386,41.1069]],"type":"LineString"}},{"type":"Feature","properties":{"stroke":"#555555","stroke-width":2,"stroke-opacity":1,"name":""},"geometry":{"coordinates":[[-92.4469,41.1115],[-92.4468,41.1135]],"type":"LineString"}},{"type":"Feature","properties":{"stroke":"#555555","stroke-width":2,"stroke-opacity":1,"name":""},"geometry":{"coordinates":[[-92.4472,41.1027],[-92.4472,41.1007]],"type":"LineString"}},{"type":"Feature","properties":{"stroke":"#555555","stroke-width":2,"stroke-opacity":1,"name":""},"geometry":{"coordinates":[[-92.4529,41.1072],[-92.4554,41.1073]],"type":"LineString"}},{"type":"Feature","properties":{"stroke":"#555555","stroke-width":2,"stroke-opacity":1,"name":""},"geometry":{"coordinates":[[-92.4411,41.107],[-92.4412,41.1078],[-92.4415,41.1086],[-92.4419,41.1093],[-92.4425,41.1099],[-92.4432,41.1105],[-92.4441,41.111],[-92.445,41.1113],[-92.4461,41.1115],[-92.4471,41.1115],[-92.4482,41.1115],[-92.4492,41.1112],[-92.4501,41.1109],[-92.451,41.1104],[-92.4517,41.1098],[-92.4522,41.1091],[-92.4526,41.1084],[-92.4529,41.1076],[-92.4529,41.1068],[-92.4527,41.106],[-92.4524,41.1053],[-92.4519,41.1046],[-92.4512,41.104],[-92.4504,41.1035],[-92.4495,41.1031],[-92.4485,41.1028],[-92.4474,41.1027],[-92.4464,41.1027],[-92.4453,41.1028],[-92.4444,41.1031],[-92.4435,41.1036],[-92.4427,41.1041],[-92.442,41.1047],[-92.4416,41.1054],[-92.4413,41.1062],[-92.4411,41.107]],"type":"LineString"}},{"type":"Feature","properties":{"stroke":"#555555","stroke-width":2,"stroke-opacity":1,"name":""},"geometry":{"coordinates":[[-91.9749,41.0555],[-91.9724,41.0554]],"type":"LineString"}},{"type":"Feature","properties":{"stroke":"#555555","stroke-width":2,"stroke-opacity":1,"name":""},"geometry":{"coordinates":[[-91.9806,41.0601],[-91.9805,41.062]],"type":"LineString"}},{"type":"Feature","properties":{"stroke":"#555555","stroke-width":2,"stroke-opacity":1,"name":""},"geometry":{"coordinates":[[-91.9809,41.0512],[-91.981,41.0493]],"type":"LineString"}},{"type":"Feature","properties":{"stroke":"#555555","stroke-width":2,"stroke-opacity":1,"name":""},"geometry":{"coordinates":[[-91.9866,41.0558],[-91.9892,41.0558]],"type":"LineString"}},{"type":"Feature","properties":{"stroke":"#555555","stroke-width":2,"stroke-opacity":1,"name":""},"geometry":{"coordinates":[[-91.9749,41.0555],[-91.975,41.0563],[-91.9752,41.0571],[-91.9756,41.0578],[-91.9762,41.0584],[-91.977,41.059],[-91.9778,41.0595],[-91.9788,41.0598],[-91.9798,41.06],[-91.9808,41.0601],[-91.9819,41.06],[-91.9829,41.0598],[-91.9838,41.0594],[-91.9847,41.0589],[-91.9854,41.0584],[-91.986,41.0577],[-91.9864,41.0569],[-91.9866,41.0562],[-91.9866,41.0554],[-91.9865,41.0546],[-91.9861,41.0538],[-91.9856,41.0531],[-91.985,41.0525],[-91.9842,41.052],[-91.9832,41.0516],[-91.9823,41.0513],[-91.9812,41.0512],[-91.9802,41.0512],[-91.9791,41.0514],[-91.9781,41.0516],[-91.9772,41.0521],[-91.9765,41.0526],[-91.9758,41.0532],[-91.9753,41.0539],[-91.975,41.0547],[-91.9749,41.0555]],"type":"LineString"}},{"type":"Feature","properties":{"stroke":"#555555","stroke-width":2,"stroke-opacity":1,"name":""},"geometry":{"coordinates":[[-91.5052,40.9464],[-91.5026,40.9463]],"type":"LineString"}},{"type":"Feature","properties":{"stroke":"#555555","stroke-width":2,"stroke-opacity":1,"name":""},"geometry":{"coordinates":[[-91.5108,40.951],[-91.5107,40.9529]],"type":"LineString"}},{"type":"Feature","properties":{"stroke":"#555555","stroke-width":2,"stroke-opacity":1,"name":""},"geometry":{"coordinates":[[-91.5112,40.9421],[-91.5113,40.9402]],"type":"LineString"}},{"type":"Feature","properties":{"stroke":"#555555","stroke-width":2,"stroke-opacity":1,"name":""},"geometry":{"coordinates":[[-91.5169,40.9467],[-91.5194,40.9468]],"type":"LineString"}},{"type":"Feature","properties":{"stroke":"#555555","stroke-width":2,"stroke-opacity":1,"name":""},"geometry":{"coordinates":[[-91.5052,40.9464],[-91.5052,40.9471],[-91.5054,40.9479],[-91.5059,40.9487],[-91.5065,40.9493],[-91.5072,40.9499],[-91.508,40.9504],[-91.509,40.9507],[-91.51,40.9509],[-91.5111,40.951],[-91.5121,40.9509],[-91.5131,40.9507],[-91.5141,40.9503],[-91.5149,40.9498],[-91.5156,40.9493],[-91.5162,40.9486],[-91.5166,40.9479],[-91.5168,40.9471],[-91.5169,40.9463],[-91.5167,40.9455],[-91.5164,40.9447],[-91.5159,40.944],[-91.5152,40.9434],[-91.5144,40.9429],[-91.5135,40.9425],[-91.5125,40.9422],[-91.5115,40.9421],[-91.5104,40.9421],[-91.5094,40.9422],[-91.5084,40.9425],[-91.5075,40.9429],[-91.5067,40.9435],[-91.5061,40.9441],[-91.5056,40.9448],[-91.5053,40.9456],[-91.5052,40.9464]],"type":"LineString"}},{"type":"Feature","properties":{"stroke":"#555555","stroke-width":2,"stroke-opacity":1,"name":""},"geometry":{"coordinates":[[-90.5016,41.448],[-90.499,41.4479]],"type":"LineString"}},{"type":"Feature","properties":{"stroke":"#555555","stroke-width":2,"stroke-opacity":1,"name":""},"geometry":{"coordinates":[[-90.5072,41.4527],[-90.5071,41.4546]],"type":"LineString"}},{"type":"Feature","properties":{"stroke":"#555555","stroke-width":2,"stroke-opacity":1,"name":""},"geometry":{"coordinates":[[-90.5078,41.4438],[-90.5079,41.4419]],"type":"LineString"}},{"type":"Feature","properties":{"stroke":"#555555","stroke-width":2,"stroke-opacity":1,"name":""},"geometry":{"coordinates":[[-90.5134,41.4484],[-90.5159,41.4485]],"type":"LineString"}},{"type":"Feature","properties":{"stroke":"#555555","stroke-width":2,"stroke-opacity":1,"name":""},"geometry":{"coordinates":[[-90.5016,41.448],[-90.5016,41.4488],[-90.5019,41.4496],[-90.5023,41.4503],[-90.5029,41.451],[-90.5036,41.4515],[-90.5044,41.452],[-90.5054,41.4524],[-90.5064,41.4526],[-90.5075,41.4527],[-90.5085,41.4526],[-90.5095,41.4524],[-90.5105,41.452],[-90.5114,41.4516],[-90.5121,41.451],[-90.5127,41.4503],[-90.5131,41.4496],[-90.5133,41.4488],[-90.5134,41.448],[-90.5133,41.4472],[-90.5129,41.4465],[-90.5124,41.4458],[-90.5118,41.4452],[-90.511,41.4446],[-90.5101,41.4442],[-90.5091,41.4439],[-90.508,41.4438],[-90.507,41.4438],[-90.5059,41.4439],[-90.5049,41.4442],[-90.504,41.4446],[-90.5032,41.4451],[-90.5026,41.4457],[-90.5021,41.4464],[-90.5017,41.4472],[-90.5016,41.448]],"type":"LineString"}},{"type":"Feature","properties":{"stroke":"#555555","stroke-width":2,"stroke-opacity":1,"name":""},"geometry":{"coordinates":[[-90.5824,41.61],[-90.5798,41.6099]],"type":"LineString"}},{"type":"Feature","properties":{"stroke":"#555555","stroke-width":2,"stroke-opacity":1,"name":""},"geometry":{"coordinates":[[-90.588,41.6147],[-90.5879,41.6166]],"type":"LineString"}},{"type":"Feature","properties":{"stroke":"#555555","stroke-width":2,"stroke-opacity":1,"name":""},"geometry":{"coordinates":[[-90.5886,41.6058],[-90.5887,41.6039]],"type":"LineString"}},{"type":"Feature","properties":{"stroke":"#555555","stroke-width":2,"stroke-opacity":1,"name":""},"geometry":{"coordinates":[[-90.5942,41.6104],[-90.5968,41.6105]],"type":"LineString"}},{"type":"Feature","properties":{"stroke":"#555555","stroke-width":2,"stroke-opacity":1,"name":""},"geometry":{"coordinates":[[-90.5824,41.61],[-90.5824,41.6108],[-90.5827,41.6116],[-90.5831,41.6123],[-90.5837,41.613],[-90.5844,41.6136],[-90.5853,41.614],[-90.5862,41.6144],[-90.5872,41.6146],[-90.5883,41.6147],[-90.5894,41.6146],[-90.5904,41.6144],[-90.5913,41.614],[-90.5922,41.6136],[-90.5929,41.613],[-90.5935,41.6123],[-90.5939,41.6116],[-90.5942,41.6108],[-90.5942,41.61],[-90.5941,41.6092],[-90.5938,41.6085],[-90.5933,41.6078],[-90.5926,41.6071],[-90.5918,41.6066],[-90.5909,41.6062],[-90.5899,41.6059],[-90.5889,41.6058],[-90.5878,41.6058],[-90.5868,41.6059],[-90.5858,41.6062],[-90.5849,41.6066],[-90.584,41.6071],[-90.5834,41.6078],[-90.5829,41.6085],[-90.5825,41.6092],[-90.5824,41.61]],"type":"LineString"}},{"type":"Feature","properties":{"stroke":"#555555","stroke-width":2,"stroke-opacity":1,"name":""},"geometry":{"coordinates":[[-90.7328,42.0498],[-90.7302,42.0497]],"type":"LineString"}},{"type":"Feature","properties":{"stroke":"#555555","stroke-width":2,"stroke-opacity":1,"name":""},"geometry":{"coordinates":[[-90.7385,42.0545],[-90.7384,42.0564]],"type":"LineString"}},{"type":"Feature","properties":{"stroke":"#555555","stroke-width":2,"stroke-opacity":1,"name":""},"geometry":{"coordinates":[[-90.739,42.0456],[-90.7392,42.0437]],"type":"LineString"}},{"type":"Feature","properties":{"stroke":"#555555","stroke-width":2,"stroke-opacity":1,"name":""},"geometry":{"coordinates":[[-90.7447,42.0502],[-90.7473,42.0503]],"type":"LineString"}},{"type":"Feature","properties":{"stroke":"#555555","stroke-width":2,"stroke-opacity":1,"name":""},"geometry":{"coordinates":[[-90.7328,42.0498],[-90.7329,42.0506],[-90.7331,42.0514],[-90.7335,42.0521],[-90.7341,42.0528],[-90.7348,42.0534],[-90.7357,42.0538],[-90.7367,42.0542],[-90.7377,42.0544],[-90.7388,42.0545],[-90.7398,42.0544],[-90.7409,42.0542],[-90.7418,42.0538],[-90.7427,42.0534],[-90.7434,42.0528],[-90.744,42.0521],[-90.7444,42.0514],[-90.7447,42.0506],[-90.7447,42.0498],[-90.7446,42.049],[-90.7442,42.0483],[-90.7437,42.0476],[-90.7431,42.047],[-90.7423,42.0464],[-90.7414,42.046],[-90.7404,42.0457],[-90.7393,42.0456],[-90.7382,42.0456],[-90.7372,42.0457],[-90.7362,42.046],[-90.7353,42.0464],[-90.7345,42.0469],[-90.7338,42.0476],[-90.7333,42.0483],[-90.7329,42.049],[-90.7328,42.0498]],"type":"LineString"}},{"type":"Feature","properties":{"stroke":"#555555","stroke-width":2,"stroke-opacity":1,"name":""},"geometry":{"coordinates":[[-90.5599,41.5483],[-90.5606,41.537]],"type":"LineString"}},{"type":"Feature","properties":{"stroke":"#555555","stroke-width":2,"stroke-opacity":1,"name":""},"geometry":{"coordinates":[[-90.5519,41.5367],[-90.5512,41.548]],"type":"LineString"}},{"type":"Feature","properties":{"stroke":"#555555","stroke-width":2,"stroke-opacity":1,"name":""},"geometry":{"coordinates":[[-90.5515,41.5423],[-90.5603,41.5427]],"type":"LineString"}},{"type":"Feature","properties":{"stroke":"#555555","stroke-width":2,"stroke-opacity":1,"name":""},"geometry":{"coordinates":[[-90.5429,41.542],[-90.543,41.5438],[-90.5436,41.5455],[-90.5445,41.5471],[-90.5457,41.5486],[-90.5473,41.5498],[-90.5492,41.5508],[-90.5513,41.5516],[-90.5535,41.5521],[-90.5559,41.5522],[-90.5582,41.5521],[-90.5604,41.5516],[-90.5625,41.5509],[-90.5644,41.5499],[-90.566,41.5486],[-90.5673,41.5471],[-90.5682,41.5455],[-90.5687,41.5438],[-90.5688,41.5421],[-90.5685,41.5404],[-90.5678,41.5387],[-90.5667,41.5372],[-90.5653,41.5358],[-90.5635,41.5346],[-90.5616,41.5337],[-90.5594,41.5331],[-90.5571,41.5328],[-90.5548,41.5328],[-90.5525,41.5331],[-90.5503,41.5337],[-90.5483,41.5346],[-90.5466,41.5358],[-90.5451,41.5371],[-90.544,41.5386],[-90.5433,41.5403],[-90.5429,41.542]],"type":"LineString"}}]}